[
	{
		"name": "AVATAR_TORTURE",
		"rotatable": false,
		"fp_offset_x": 76,
		"fp_offset_y": 108,
		"td_offset_x": 60,
		"td_offset_y": 86,
		"fp": [
			[
				{
					"file": "avatort_fp/r1frame01.png"
				},
				{
					"file": "avatort_fp/r1frame02.png"
				},
				{
					"file": "avatort_fp/r1frame03.png"
				},
				{
					"file": "avatort_fp/r1frame04.png"
				},
				{
					"file": "avatort_fp/r1frame05.png"
				},
				{
					"file": "avatort_fp/r1frame06.png"
				},
				{
					"file": "avatort_fp/r1frame07.png"
				},
				{
					"file": "avatort_fp/r1frame08.png"
				}
			]
		],
		"td": [
			[
				{
					"file": "avatort_tp/r1frame01.png"
				},
				{
					"file": "avatort_tp/r1frame02.png"
				},
				{
					"file": "avatort_tp/r1frame03.png"
				},
				{
					"file": "avatort_tp/r1frame04.png"
				},
				{
					"file": "avatort_tp/r1frame05.png"
				},
				{
					"file": "avatort_tp/r1frame06.png"
				},
				{
					"file": "avatort_tp/r1frame07.png"
				},
				{
					"file": "avatort_tp/r1frame08.png"
				}
			]
		]
	}
]