[
	{
		"name": "GALLOW_STAND",
		"rotatable": true,
		"fp_offset_x": 74,
		"fp_offset_y": 129,
		"td_offset_x": 75,
		"td_offset_y": 103,
		"fp": [
			[
				{
					"file": "stand_fp/rotation01_frame01.png"
				}
			],
			[
				{
					"file": "stand_fp/rotation02_frame01.png"
				}
			],
			[
				{
					"file": "stand_fp/rotation03_frame01.png"
				}
			],
			[
				{
					"file": "stand_fp/rotation04_frame01.png"
				}
			],
			[
				{
					"file": "stand_fp/rotation05_frame01.png"
				}
			]
		],
		"td": [
			[
				{
					"file": "stand_td/rotation01_frame01.png"
				}
			],
			[
				{
					"file": "stand_td/rotation02_frame01.png"
				}
			],
			[
				{
					"file": "stand_td/rotation03_frame01.png"
				}
			],
			[
				{
					"file": "stand_td/rotation04_frame01.png"
				}
			],
			[
				{
					"file": "stand_td/rotation05_frame01.png"
				}
			]
		]
	}
]