[
	{
		"name": "ANGEL_WALK",
		"rotatable": true,
		"fp_offset_x": 70,
		"fp_offset_y": 109,
		"td_offset_x": 69,
		"td_offset_y": 80,
		"fp": [
			[
				{
					"file": "walk_fp/rotation01_frame01.png"
				},
				{
					"file": "walk_fp/rotation01_frame02.png"
				},
				{
					"file": "walk_fp/rotation01_frame03.png"
				},
				{
					"file": "walk_fp/rotation01_frame04.png"
				},
				{
					"file": "walk_fp/rotation01_frame05.png"
				},
				{
					"file": "walk_fp/rotation01_frame06.png"
				},
				{
					"file": "walk_fp/rotation01_frame07.png"
				}
			],
			[
				{
					"file": "walk_fp/rotation02_frame01.png"
				},
				{
					"file": "walk_fp/rotation02_frame02.png"
				},
				{
					"file": "walk_fp/rotation02_frame03.png"
				},
				{
					"file": "walk_fp/rotation02_frame04.png"
				},
				{
					"file": "walk_fp/rotation02_frame05.png"
				},
				{
					"file": "walk_fp/rotation02_frame06.png"
				},
				{
					"file": "walk_fp/rotation02_frame07.png"
				}
			],
			[
				{
					"file": "walk_fp/rotation03_frame01.png"
				},
				{
					"file": "walk_fp/rotation03_frame02.png"
				},
				{
					"file": "walk_fp/rotation03_frame03.png"
				},
				{
					"file": "walk_fp/rotation03_frame04.png"
				},
				{
					"file": "walk_fp/rotation03_frame05.png"
				},
				{
					"file": "walk_fp/rotation03_frame06.png"
				},
				{
					"file": "walk_fp/rotation03_frame07.png"
				}
			],
			[
				{
					"file": "walk_fp/rotation04_frame01.png"
				},
				{
					"file": "walk_fp/rotation04_frame02.png"
				},
				{
					"file": "walk_fp/rotation04_frame03.png"
				},
				{
					"file": "walk_fp/rotation04_frame04.png"
				},
				{
					"file": "walk_fp/rotation04_frame05.png"
				},
				{
					"file": "walk_fp/rotation04_frame06.png"
				},
				{
					"file": "walk_fp/rotation04_frame07.png"
				}
			],
			[
				{
					"file": "walk_fp/rotation05_frame01.png"
				},
				{
					"file": "walk_fp/rotation05_frame02.png"
				},
				{
					"file": "walk_fp/rotation05_frame03.png"
				},
				{
					"file": "walk_fp/rotation05_frame04.png"
				},
				{
					"file": "walk_fp/rotation05_frame05.png"
				},
				{
					"file": "walk_fp/rotation05_frame06.png"
				},
				{
					"file": "walk_fp/rotation05_frame07.png"
				}
			]
		],
		"td": [
			[
				{
					"file": "walk_tp/rotation01_frame01.png"
				},
				{
					"file": "walk_tp/rotation01_frame02.png"
				},
				{
					"file": "walk_tp/rotation01_frame03.png"
				},
				{
					"file": "walk_tp/rotation01_frame04.png"
				},
				{
					"file": "walk_tp/rotation01_frame05.png"
				},
				{
					"file": "walk_tp/rotation01_frame06.png"
				},
				{
					"file": "walk_tp/rotation01_frame07.png"
				}
			],
			[
				{
					"file": "walk_tp/rotation02_frame01.png"
				},
				{
					"file": "walk_tp/rotation02_frame02.png"
				},
				{
					"file": "walk_tp/rotation02_frame03.png"
				},
				{
					"file": "walk_tp/rotation02_frame04.png"
				},
				{
					"file": "walk_tp/rotation02_frame05.png"
				},
				{
					"file": "walk_tp/rotation02_frame06.png"
				},
				{
					"file": "walk_tp/rotation02_frame07.png"
				}
			],
			[
				{
					"file": "walk_tp/rotation03_frame01.png"
				},
				{
					"file": "walk_tp/rotation03_frame02.png"
				},
				{
					"file": "walk_tp/rotation03_frame03.png"
				},
				{
					"file": "walk_tp/rotation03_frame04.png"
				},
				{
					"file": "walk_tp/rotation03_frame05.png"
				},
				{
					"file": "walk_tp/rotation03_frame06.png"
				},
				{
					"file": "walk_tp/rotation03_frame07.png"
				}
			],
			[
				{
					"file": "walk_tp/rotation04_frame01.png"
				},
				{
					"file": "walk_tp/rotation04_frame02.png"
				},
				{
					"file": "walk_tp/rotation04_frame03.png"
				},
				{
					"file": "walk_tp/rotation04_frame04.png"
				},
				{
					"file": "walk_tp/rotation04_frame05.png"
				},
				{
					"file": "walk_tp/rotation04_frame06.png"
				},
				{
					"file": "walk_tp/rotation04_frame07.png"
				}
			],
			[
				{
					"file": "walk_tp/rotation05_frame01.png"
				},
				{
					"file": "walk_tp/rotation05_frame02.png"
				},
				{
					"file": "walk_tp/rotation05_frame03.png"
				},
				{
					"file": "walk_tp/rotation05_frame04.png"
				},
				{
					"file": "walk_tp/rotation05_frame05.png"
				},
				{
					"file": "walk_tp/rotation05_frame06.png"
				},
				{
					"file": "walk_tp/rotation05_frame07.png"
				}
			]
		]
	},
	{
		"name": "ANGEL_ATTACK",
		"rotatable": true,
		"fp_offset_x": 70,
		"fp_offset_y": 109,
		"td_offset_x": 72,
		"td_offset_y": 81,
		"fp": [
			[
				{
					"file": "attack_fp/rotation01_frame01.png"
				},
				{
					"file": "attack_fp/rotation01_frame02.png"
				},
				{
					"file": "attack_fp/rotation01_frame03.png"
				},
				{
					"file": "attack_fp/rotation01_frame04.png"
				},
				{
					"file": "attack_fp/rotation01_frame05.png"
				},
				{
					"file": "attack_fp/rotation01_frame06.png"
				},
				{
					"file": "attack_fp/rotation01_frame07.png"
				},
				{
					"file": "attack_fp/rotation01_frame08.png"
				}
			],
			[
				{
					"file": "attack_fp/rotation02_frame01.png"
				},
				{
					"file": "attack_fp/rotation02_frame02.png"
				},
				{
					"file": "attack_fp/rotation02_frame03.png"
				},
				{
					"file": "attack_fp/rotation02_frame04.png"
				},
				{
					"file": "attack_fp/rotation02_frame05.png"
				},
				{
					"file": "attack_fp/rotation02_frame06.png"
				},
				{
					"file": "attack_fp/rotation02_frame07.png"
				},
				{
					"file": "attack_fp/rotation02_frame08.png"
				}
			],
			[
				{
					"file": "attack_fp/rotation03_frame01.png"
				},
				{
					"file": "attack_fp/rotation03_frame02.png"
				},
				{
					"file": "attack_fp/rotation03_frame03.png"
				},
				{
					"file": "attack_fp/rotation03_frame04.png"
				},
				{
					"file": "attack_fp/rotation03_frame05.png"
				},
				{
					"file": "attack_fp/rotation03_frame06.png"
				},
				{
					"file": "attack_fp/rotation03_frame07.png"
				},
				{
					"file": "attack_fp/rotation03_frame08.png"
				}
			],
			[
				{
					"file": "attack_fp/rotation04_frame01.png"
				},
				{
					"file": "attack_fp/rotation04_frame02.png"
				},
				{
					"file": "attack_fp/rotation04_frame03.png"
				},
				{
					"file": "attack_fp/rotation04_frame04.png"
				},
				{
					"file": "attack_fp/rotation04_frame05.png"
				},
				{
					"file": "attack_fp/rotation04_frame06.png"
				},
				{
					"file": "attack_fp/rotation04_frame07.png"
				},
				{
					"file": "attack_fp/rotation04_frame08.png"
				}
			],
			[
				{
					"file": "attack_fp/rotation05_frame01.png"
				},
				{
					"file": "attack_fp/rotation05_frame02.png"
				},
				{
					"file": "attack_fp/rotation05_frame03.png"
				},
				{
					"file": "attack_fp/rotation05_frame04.png"
				},
				{
					"file": "attack_fp/rotation05_frame05.png"
				},
				{
					"file": "attack_fp/rotation05_frame06.png"
				},
				{
					"file": "attack_fp/rotation05_frame07.png"
				},
				{
					"file": "attack_fp/rotation05_frame08.png"
				}
			]
		],
		"td": [
			[
				{
					"file": "attack_tp/rotation01_frame01.png"
				},
				{
					"file": "attack_tp/rotation01_frame02.png"
				},
				{
					"file": "attack_tp/rotation01_frame03.png"
				},
				{
					"file": "attack_tp/rotation01_frame04.png"
				},
				{
					"file": "attack_tp/rotation01_frame05.png"
				},
				{
					"file": "attack_tp/rotation01_frame06.png"
				},
				{
					"file": "attack_tp/rotation01_frame07.png"
				},
				{
					"file": "attack_tp/rotation01_frame08.png"
				}
			],
			[
				{
					"file": "attack_tp/rotation02_frame01.png"
				},
				{
					"file": "attack_tp/rotation02_frame02.png"
				},
				{
					"file": "attack_tp/rotation02_frame03.png"
				},
				{
					"file": "attack_tp/rotation02_frame04.png"
				},
				{
					"file": "attack_tp/rotation02_frame05.png"
				},
				{
					"file": "attack_tp/rotation02_frame06.png"
				},
				{
					"file": "attack_tp/rotation02_frame07.png"
				},
				{
					"file": "attack_tp/rotation02_frame08.png"
				}
			],
			[
				{
					"file": "attack_tp/rotation03_frame01.png"
				},
				{
					"file": "attack_tp/rotation03_frame02.png"
				},
				{
					"file": "attack_tp/rotation03_frame03.png"
				},
				{
					"file": "attack_tp/rotation03_frame04.png"
				},
				{
					"file": "attack_tp/rotation03_frame05.png"
				},
				{
					"file": "attack_tp/rotation03_frame06.png"
				},
				{
					"file": "attack_tp/rotation03_frame07.png"
				},
				{
					"file": "attack_tp/rotation03_frame08.png"
				}
			],
			[
				{
					"file": "attack_tp/rotation04_frame01.png"
				},
				{
					"file": "attack_tp/rotation04_frame02.png"
				},
				{
					"file": "attack_tp/rotation04_frame03.png"
				},
				{
					"file": "attack_tp/rotation04_frame04.png"
				},
				{
					"file": "attack_tp/rotation04_frame05.png"
				},
				{
					"file": "attack_tp/rotation04_frame06.png"
				},
				{
					"file": "attack_tp/rotation04_frame07.png"
				},
				{
					"file": "attack_tp/rotation04_frame08.png"
				}
			],
			[
				{
					"file": "attack_tp/rotation05_frame01.png"
				},
				{
					"file": "attack_tp/rotation05_frame02.png"
				},
				{
					"file": "attack_tp/rotation05_frame03.png"
				},
				{
					"file": "attack_tp/rotation05_frame04.png"
				},
				{
					"file": "attack_tp/rotation05_frame05.png"
				},
				{
					"file": "attack_tp/rotation05_frame06.png"
				},
				{
					"file": "attack_tp/rotation05_frame07.png"
				},
				{
					"file": "attack_tp/rotation05_frame08.png"
				}
			]
		]
	},
	{
		"name": "ANGEL_HIT",
		"rotatable": true,
		"fp_offset_x": 68,
		"fp_offset_y": 109,
		"td_offset_x": 68,
		"td_offset_y": 86,
		"fp": [
			[
				{
					"file": "hit_fp/rotation01_frame01.png"
				}
			],
			[
				{
					"file": "hit_fp/rotation02_frame01.png"
				}
			],
			[
				{
					"file": "hit_fp/rotation03_frame01.png"
				}
			],
			[
				{
					"file": "hit_fp/rotation04_frame01.png"
				}
			],
			[
				{
					"file": "hit_fp/rotation05_frame01.png"
				}
			]
		],
		"td": [
			[
				{
					"file": "hit_tp/rotation01_frame01.png"
				}
			],
			[
				{
					"file": "hit_tp/rotation02_frame01.png"
				}
			],
			[
				{
					"file": "hit_tp/rotation03_frame01.png"
				}
			],
			[
				{
					"file": "hit_tp/rotation04_frame01.png"
				}
			],
			[
				{
					"file": "hit_tp/rotation05_frame01.png"
				}
			]
		]
	},
	{
		"name": "ANGEL_COMPLAIN",
		"rotatable": false,
		"fp_offset_x": 69,
		"fp_offset_y": 109,
		"td_offset_x": 70,
		"td_offset_y": 86,
		"fp": [
			[
				{
					"file": "complain_fp/rotation02_frame01.png"
				},
				{
					"file": "complain_fp/rotation02_frame02.png"
				},
				{
					"file": "complain_fp/rotation02_frame03.png"
				},
				{
					"file": "complain_fp/rotation02_frame04.png"
				},
				{
					"file": "complain_fp/rotation02_frame05.png"
				},
				{
					"file": "complain_fp/rotation02_frame06.png"
				},
				{
					"file": "complain_fp/rotation02_frame07.png"
				},
				{
					"file": "complain_fp/rotation02_frame08.png"
				}
			]
		],
		"td": [
			[
				{
					"file": "complain_tp/rotation02_frame01.png"
				},
				{
					"file": "complain_tp/rotation02_frame02.png"
				},
				{
					"file": "complain_tp/rotation02_frame03.png"
				},
				{
					"file": "complain_tp/rotation02_frame04.png"
				},
				{
					"file": "complain_tp/rotation02_frame05.png"
				},
				{
					"file": "complain_tp/rotation02_frame06.png"
				},
				{
					"file": "complain_tp/rotation02_frame07.png"
				},
				{
					"file": "complain_tp/rotation02_frame08.png"
				}
			]
		]
	},
	{
		"name": "ANGEL_IDLE",
		"rotatable": false,
		"fp_offset_x": 70,
		"fp_offset_y": 109,
		"td_offset_x": 70,
		"td_offset_y": 36,
		"fp": [
			[
				{
					"file": "pickedup_fp/rotation01_frame01.png"
				},
				{
					"file": "pickedup_fp/rotation01_frame02.png"
				},
				{
					"file": "pickedup_fp/rotation01_frame03.png"
				},
				{
					"file": "pickedup_fp/rotation01_frame04.png"
				},
				{
					"file": "pickedup_fp/rotation01_frame05.png"
				},
				{
					"file": "pickedup_fp/rotation01_frame06.png"
				},
				{
					"file": "pickedup_fp/rotation01_frame07.png"
				},
				{
					"file": "pickedup_fp/rotation01_frame08.png"
				},
				{
					"file": "pickedup_fp/rotation01_frame09.png"
				},
				{
					"file": "pickedup_fp/rotation01_frame10.png"
				},
				{
					"file": "pickedup_fp/rotation01_frame11.png"
				}
			]
		],
		"td": [
			[
				{
					"file": "pickedup_tp/rotation01_frame01.png"
				},
				{
					"file": "pickedup_tp/rotation01_frame02.png"
				},
				{
					"file": "pickedup_tp/rotation01_frame03.png"
				},
				{
					"file": "pickedup_tp/rotation01_frame04.png"
				},
				{
					"file": "pickedup_tp/rotation01_frame05.png"
				},
				{
					"file": "pickedup_tp/rotation01_frame06.png"
				},
				{
					"file": "pickedup_tp/rotation01_frame07.png"
				},
				{
					"file": "pickedup_tp/rotation01_frame08.png"
				},
				{
					"file": "pickedup_tp/rotation01_frame09.png"
				},
				{
					"file": "pickedup_tp/rotation01_frame10.png"
				},
				{
					"file": "pickedup_tp/rotation01_frame11.png"
				}
			]
		]
	},
	{
		"name": "ANGEL_CELEBRATE",
		"rotatable": false,
		"fp_offset_x": 68,
		"fp_offset_y": 109,
		"td_offset_x": 68,
		"td_offset_y": 86,
		"fp": [
			[
				{
					"file": "celebrate_fp/rotation01_frame01.png"
				},
				{
					"file": "celebrate_fp/rotation01_frame02.png"
				},
				{
					"file": "celebrate_fp/rotation01_frame03.png"
				},
				{
					"file": "celebrate_fp/rotation01_frame04.png"
				}
			]
		],
		"td": [
			[
				{
					"file": "celebrate_tp/rotation01_frame01.png"
				},
				{
					"file": "celebrate_tp/rotation01_frame02.png"
				},
				{
					"file": "celebrate_tp/rotation01_frame03.png"
				},
				{
					"file": "celebrate_tp/rotation01_frame04.png"
				}
			]
		]
	},
	{
		"name": "ANGEL_SLEEP",
		"rotatable": false,
		"fp_offset_x": 72,
		"fp_offset_y": 109,
		"td_offset_x": 70,
		"td_offset_y": 90,
		"fp": [
			[
				{
					"file": "sleep_fp/rotation02_frame01.png"
				},
				{
					"file": "sleep_fp/rotation02_frame02.png"
				},
				{
					"file": "sleep_fp/rotation02_frame03.png"
				},
				{
					"file": "sleep_fp/rotation02_frame04.png"
				},
				{
					"file": "sleep_fp/rotation02_frame05.png"
				},
				{
					"file": "sleep_fp/rotation02_frame06.png"
				},
				{
					"file": "sleep_fp/rotation02_frame07.png"
				},
				{
					"file": "sleep_fp/rotation02_frame08.png"
				}
			]
		],
		"td": [
			[
				{
					"file": "sleep_tp/rotation02_frame01.png"
				},
				{
					"file": "sleep_tp/rotation02_frame02.png"
				},
				{
					"file": "sleep_tp/rotation02_frame03.png"
				},
				{
					"file": "sleep_tp/rotation02_frame04.png"
				},
				{
					"file": "sleep_tp/rotation02_frame05.png"
				},
				{
					"file": "sleep_tp/rotation02_frame06.png"
				},
				{
					"file": "sleep_tp/rotation02_frame07.png"
				},
				{
					"file": "sleep_tp/rotation02_frame08.png"
				}
			]
		]
	},
	{
		"name": "ANGEL_EAT",
		"rotatable": false,
		"fp_offset_x": 69,
		"fp_offset_y": 109,
		"td_offset_x": 69,
		"td_offset_y": 75,
		"fp": [
			[
				{
					"file": "eat_fp/rotation01_frame01.png"
				},
				{
					"file": "eat_fp/rotation01_frame02.png"
				},
				{
					"file": "eat_fp/rotation01_frame03.png"
				},
				{
					"file": "eat_fp/rotation01_frame04.png"
				}
			]
		],
		"td": [
			[
				{
					"file": "eat_tp/rotation01_frame01.png"
				},
				{
					"file": "eat_tp/rotation01_frame02.png"
				},
				{
					"file": "eat_tp/rotation01_frame03.png"
				},
				{
					"file": "eat_tp/rotation01_frame04.png"
				}
			]
		]
	},
    {
	"name": "ANGEL_DEATH",
	"rotatable": false,
	"fp_offset_x": 58,
	"fp_offset_y": 57,
	"td_offset_x": 88,
	"td_offset_y": 60,
	"fp": [
		[
			{
				"file": "death_fp/rotation01_frame01.png"
			},
			{
				"file": "death_fp/rotation02_frame01.png"
			}
			
			
		]
	],
	"td": [
		[
			{
				"file": "death_tp/rotation01_frame01.png"
			},
			{
				"file": "death_tp/rotation02_frame01.png"
			}
		]
	]
	},
	{


"name": "ANGEL_STAND",
		"rotatable": true,
		"fp_offset_x": 73,
		"fp_offset_y": 109,
		"td_offset_x": 72,
		"td_offset_y": 80,
		"fp": [
			[
				{
					"file": "stand_fp/rotation01_frame01.png"
				}
			],
			[
				{
					"file": "stand_fp/rotation02_frame01.png"
				}
			],
			[
				{
					"file": "stand_fp/rotation03_frame01.png"
				}
			],
			[
				{
					"file": "stand_fp/rotation04_frame01.png"
				}
			],
			[
				{
					"file": "stand_fp/rotation05_frame01.png"
				}
			]
		],
		"td": [
			[
				{
					"file": "stand_tp/rotation01_frame01.png"
				}
			],
			[
				{
					"file": "stand_tp/rotation02_frame01.png"
				}
			],
			[
				{
					"file": "stand_tp/rotation03_frame01.png"
				}
			],
			[
				{
					"file": "stand_tp/rotation04_frame01.png"
				}
			],
			[
				{
					"file": "stand_tp/rotation05_frame01.png"
				}
			]
		]
	},

	{


		"name": "ANGEL_SLAPPED",
				"rotatable": true,
				"fp_offset_x": 72,
				"fp_offset_y": 109,
				"td_offset_x": 70,
				"td_offset_y": 84,
				"fp": [
					[
						{
							"file": "slapped_fp/rotation01_frame01.png"
						}
					],
					[
						{
							"file": "slapped_fp/rotation02_frame01.png"
						}
					],
					[
						{
							"file": "slapped_fp/rotation03_frame01.png"
						}
					],
					[
						{
							"file": "slapped_fp/rotation04_frame01.png"
						}
					],
					[
						{
							"file": "slapped_fp/rotation05_frame01.png"
						}
					]
				],
				"td": [
					[
						{
							"file": "slapped_tp/rotation01_frame01.png"
						}
					],
					[
						{
							"file": "slapped_tp/rotation02_frame01.png"
						}
					],
					[
						{
							"file": "slapped_tp/rotation03_frame01.png"
						}
					],
					[
						{
							"file": "slapped_tp/rotation04_frame01.png"
						}
					],
					[
						{
							"file": "slapped_tp/rotation05_frame01.png"
						}
					]
				]
			},


	{
		"name": "LAIR_DRK_NGL",
		"rotatable": false,
		"fp_offset_x": 70,
		"fp_offset_y": 109,
		"td_offset_x": 66,
		"td_offset_y": 85,
		"fp": [
			[
				{
					"file": "lair_fp/rotation02_frame01.png"
				}
			]
		],
		"td": [
			[
				{
					"file": "lair_tp/rotation02_frame01.png"
				}
			]
		]
	}
]