[
	{
		"name": "SKELETON_ARCH_WALK",
		"rotatable": true,
		"fp_offset_x": 50,
		"fp_offset_y": 76,
		"td_offset_x": 40,
		"td_offset_y": 63,
		"fp": [
			[
				{
					"file": "walk_fp/r1frame01.png"
				},
				{
					"file": "walk_fp/r1frame02.png"
				},
				{
					"file": "walk_fp/r1frame03.png"
				},
				{
					"file": "walk_fp/r1frame04.png"
				},
				{
					"file": "walk_fp/r1frame05.png"
				},
				{
					"file": "walk_fp/r1frame06.png"
				}
			],
			[
				{
					"file": "walk_fp/r2frame01.png"
				},
				{
					"file": "walk_fp/r2frame02.png"
				},
				{
					"file": "walk_fp/r2frame03.png"
				},
				{
					"file": "walk_fp/r2frame04.png"
				},
				{
					"file": "walk_fp/r2frame05.png"
				},
				{
					"file": "walk_fp/r2frame06.png"
				}
			],
			[				
				{
					"file": "walk_fp/r3frame01.png"
				},
				{
					"file": "walk_fp/r3frame02.png"
				},
				{
					"file": "walk_fp/r3frame03.png"
				},
				{
					"file": "walk_fp/r3frame04.png"
				},
				{
					"file": "walk_fp/r3frame05.png"
				},
				{
					"file": "walk_fp/r3frame06.png"
				}
			],
			[				
				{
					"file": "walk_fp/r4frame01.png"
				},
				{
					"file": "walk_fp/r4frame02.png"
				},
				{
					"file": "walk_fp/r4frame03.png"
				},								
				{
					"file": "walk_fp/r4frame04.png"
				},
				{
					"file": "walk_fp/r4frame05.png"
				},								
				{
					"file": "walk_fp/r4frame06.png"
				}
				
			],
			[				
				{
					"file": "walk_fp/r5frame01.png"
				},
				{
					"file": "walk_fp/r5frame02.png"
				},
				{
					"file": "walk_fp/r5frame03.png"
				},								
				{
					"file": "walk_fp/r5frame04.png"
				},
				{
					"file": "walk_fp/r5frame05.png"
				},								
				{
					"file": "walk_fp/r5frame06.png"
				}
			]
		],
		"td": [
		[
				{
					"file": "walk_tp/r1frame01.png"
				},
				{
					"file": "walk_tp/r1frame02.png"
				},
				{
					"file": "walk_tp/r1frame03.png"
				},
				{
					"file": "walk_tp/r1frame04.png"
				},
				{
					"file": "walk_tp/r1frame05.png"
				},
				{
					"file": "walk_tp/r1frame06.png"
				}
			],
			[
				{
					"file": "walk_tp/r2frame01.png"
				},
				{
					"file": "walk_tp/r2frame02.png"
				},
				{
					"file": "walk_tp/r2frame03.png"
				},
				{
					"file": "walk_tp/r2frame04.png"
				},
				{
					"file": "walk_tp/r2frame05.png"
				},
				{
					"file": "walk_tp/r2frame06.png"
				}
			],
			[				
				{
					"file": "walk_tp/r3frame01.png"
				},
				{
					"file": "walk_tp/r3frame02.png"
				},
				{
					"file": "walk_tp/r3frame03.png"
				},
				{
					"file": "walk_tp/r3frame04.png"
				},
				{
					"file": "walk_tp/r3frame05.png"
				},
				{
					"file": "walk_tp/r3frame06.png"
				}
			],
			[				
				{
					"file": "walk_tp/r4frame01.png"
				},
				{
					"file": "walk_tp/r4frame02.png"
				},
				{
					"file": "walk_tp/r4frame03.png"
				},								
				{
					"file": "walk_tp/r4frame04.png"
				},
				{
					"file": "walk_tp/r4frame05.png"
				},								
				{
					"file": "walk_tp/r4frame06.png"
				}
				
			],
			[				
				{
					"file": "walk_tp/r5frame01.png"
				},
				{
					"file": "walk_tp/r5frame02.png"
				},
				{
					"file": "walk_tp/r5frame03.png"
				},								
				{
					"file": "walk_tp/r5frame04.png"
				},
				{
					"file": "walk_tp/r5frame05.png"
				},								
				{
					"file": "walk_tp/r5frame06.png"
				}
			]
		]
	},
	{
		"name": "SKELETON_ARCH_STAND",
		"rotatable": true,
		"fp_offset_x": 50,
		"fp_offset_y": 76,
		"td_offset_x": 40,
		"td_offset_y": 63,
		"fp": [
			[
				{
					"file": "stand_fp/r1frame01.png"
				}
			],
			[
				{
					"file": "stand_fp/r2frame01.png"
				}
			],
			[
				{
					"file": "stand_fp/r3frame01.png"
				}
			],
			[
				{
					"file": "stand_fp/r4frame01.png"
				}
			],
			[
				{
					"file": "stand_fp/r5frame01.png"
				}
			]
		],
		"td": [
			[
				{
					"file": "stand_tp/r1frame01.png"
				}
			],
			[
				{
					"file": "stand_tp/r2frame01.png"
				}
			],
			[
				{
					"file": "stand_tp/r3frame01.png"
				}
			],
			[
				{
					"file": "stand_tp/r4frame01.png"
				}
			],
			[
				{
					"file": "stand_tp/r5frame01.png"
				}
			]
		]
	},
	{
		"name": "SKELETON_ARCH_ATTACK",
		"rotatable": true,
		"fp_offset_x": 49,
		"fp_offset_y": 77,
		"td_offset_x": 39,
		"td_offset_y": 64,
		"fp": [
			[
				{
					"file": "attack_fp/r1frame01.png"
				},
				{
					"file": "attack_fp/r1frame02.png"
				},
				{
					"file": "attack_fp/r1frame03.png"
				}
			],
			[				
				{
					"file": "attack_fp/r2frame01.png"
				},
				{
					"file": "attack_fp/r2frame02.png"
				},
				{
					"file": "attack_fp/r2frame03.png"
				}
			],
			[				
				{
					"file": "attack_fp/r3frame01.png"
				},
				{
					"file": "attack_fp/r3frame02.png"
				},
				{
					"file": "attack_fp/r3frame03.png"
				}
			],
			[				
				{
					"file": "attack_fp/r4frame01.png"
				},
				{
					"file": "attack_fp/r4frame02.png"
				},
				{
					"file": "attack_fp/r4frame03.png"
				}
			],
			[				
				{
					"file": "attack_fp/r5frame01.png"
				},
				{
					"file": "attack_fp/r5frame02.png"
				},
				{
					"file": "attack_fp/r5frame03.png"
				}
			]
		],
		"td": [
			[
				{
					"file": "attack_tp/r1frame01.png"
				},
				{
					"file": "attack_tp/r1frame02.png"
				},
				{
					"file": "attack_tp/r1frame03.png"
				}
			],
			[				
				{
					"file": "attack_tp/r2frame01.png"
				},
				{
					"file": "attack_tp/r2frame02.png"
				},
				{
					"file": "attack_tp/r2frame03.png"
				}
			],
			[				
				{
					"file": "attack_tp/r3frame01.png"
				},
				{
					"file": "attack_tp/r3frame02.png"
				},
				{
					"file": "attack_tp/r3frame03.png"
				}
			],
			[				
				{
					"file": "attack_tp/r4frame01.png"
				},
				{
					"file": "attack_tp/r4frame02.png"
				},
				{
					"file": "attack_tp/r4frame03.png"
				}
			],
			[				
				{
					"file": "attack_tp/r5frame01.png"
				},
				{
					"file": "attack_tp/r5frame02.png"
				},
				{
					"file": "attack_tp/r5frame03.png"
				}
			]
		]
	},
{
		"name": "SKELETON_ARCH_DIG",
		"rotatable": true,
		"fp_offset_x": 49,
		"fp_offset_y": 77,
		"td_offset_x": 39,
		"td_offset_y": 64,
		"fp": [
			[
				{
					"file": "dig_fp/r1frame01.png"
				},
				{
					"file": "dig_fp/r1frame02.png"
				},
				{
					"file": "dig_fp/r1frame03.png"
				}
			],
			[				
				{
					"file": "dig_fp/r2frame01.png"
				},
				{
					"file": "dig_fp/r2frame02.png"
				},
				{
					"file": "dig_fp/r2frame03.png"
				}
			],
			[				
				{
					"file": "dig_fp/r3frame01.png"
				},
				{
					"file": "dig_fp/r3frame02.png"
				},
				{
					"file": "dig_fp/r3frame03.png"
				}
			],
			[				
				{
					"file": "dig_fp/r4frame01.png"
				},
				{
					"file": "dig_fp/r4frame02.png"
				},
				{
					"file": "dig_fp/r4frame03.png"
				}
			],
			[				
				{
					"file": "dig_fp/r5frame01.png"
				},
				{
					"file": "dig_fp/r5frame02.png"
				},
				{
					"file": "dig_fp/r5frame03.png"
				}
			]
		],
		"td": [
			[
				{
					"file": "dig_tp/r1frame01.png"
				},
				{
					"file": "dig_tp/r1frame02.png"
				},
				{
					"file": "dig_tp/r1frame03.png"
				}
			],
			[				
				{
					"file": "dig_tp/r2frame01.png"
				},
				{
					"file": "dig_tp/r2frame02.png"
				},
				{
					"file": "dig_tp/r2frame03.png"
				}
			],
			[				
				{
					"file": "dig_tp/r3frame01.png"
				},
				{
					"file": "dig_tp/r3frame02.png"
				},
				{
					"file": "dig_tp/r3frame03.png"
				}
			],
			[				
				{
					"file": "dig_tp/r4frame01.png"
				},
				{
					"file": "dig_tp/r4frame02.png"
				},
				{
					"file": "dig_tp/r4frame03.png"
				}
			],
			[				
				{
					"file": "dig_tp/r5frame01.png"
				},
				{
					"file": "dig_tp/r5frame02.png"
				},
				{
					"file": "dig_tp/r5frame03.png"
				}
			]
		]
	},
	{
		"name": "SKELETON_ARCH_HIT",
		"rotatable": true,
		"fp_offset_x": 51,
		"fp_offset_y": 65,
		"td_offset_x": 41,
		"td_offset_y": 58,
		"fp": [
			[
				{
					"file": "hit_fp/r1frame01.png"
				}
			],
			[				
				{
					"file": "hit_fp/r2frame01.png"
				}
			],
			[				
				{
					"file": "hit_fp/r3frame01.png"
				}
			],
			[				
				{
					"file": "hit_fp/r4frame01.png"
				}
			],
			[				
				{
					"file": "hit_fp/r5frame01.png"
				}
			]
		],
		"td": [
			[
				{
					"file": "hit_tp/r1frame01.png"
				}
			],
			[				
				{
					"file": "hit_tp/r2frame01.png"
				}
			],
			[				
				{
					"file": "hit_tp/r3frame01.png"
				}
			],
			[				
				{
					"file": "hit_tp/r4frame01.png"
				}
			],
			[				
				{
					"file": "hit_tp/r5frame01.png"
				}
			]
		]
	},
	{
		"name": "SKELETON_ARCH_COMPLAIN",
		"rotatable": false,
		"fp_offset_x": 34,
		"fp_offset_y": 54,
		"td_offset_x": 27,
		"td_offset_y": 35,
		"fp": [
			[
				{
					"file": "complain_fp/r1frame01.png"
				}
			]
		],
		"td": [
			[
				{
					"file": "complain_tp/r1frame01.png"
				}
			]
		]
	},
	{
		"name": "SKELETON_ARCH_DYING",
		"rotatable": false,
		"fp_offset_x": 37,
		"fp_offset_y": 54,
		"td_offset_x": 28,
		"td_offset_y": 42,
		"fp": [
			[
				{
					"file": "dying_fp/r1frame01.png"
				},
				{
					"file": "dying_fp/r1frame02.png"
				},
				{
					"file": "dying_fp/r1frame03.png"
				}
			]
		],
		"td": [
			[
				{
					"file": "dying_tp/r1frame01.png"
				},
				{
					"file": "dying_tp/r1frame02.png"
				},
				{
					"file": "dying_tp/r1frame03.png"
				}
			]
		]
	},
	{
		"name": "SKELETON_ARCH_PICKEDUP",
		"rotatable": false,
		"fp_offset_x": 40,
		"fp_offset_y": 88,
		"td_offset_x": 30,
		"td_offset_y": 57,
		"fp": [
			[
				{
					"file": "pickedup_fp/r1frame01.png"
				},
				{
					"file": "pickedup_fp/r1frame02.png"
				},
				{
					"file": "pickedup_fp/r1frame03.png"
				},
				{
					"file": "pickedup_fp/r1frame04.png"
				}
			]
		],
		"td": [
			[
				{
					"file": "pickedup_tp/r1frame01.png"
				},
				{
					"file": "pickedup_tp/r1frame02.png"
				},
				{
					"file": "pickedup_tp/r1frame03.png"
				},
				{
					"file": "pickedup_tp/r1frame04.png"
				}
			]
		]
	},
	{
		"name": "SKELETON_ARCH_CELEBRATE",
		"rotatable": false,
		"fp_offset_x": 50,
		"fp_offset_y": 76,
		"td_offset_x": 40,
		"td_offset_y": 63,		
		"fp": [
			[
				{
					"file": "celebrate_fp/r1frame01.png"
				},
					{
					"file": "celebrate_fp/r1frame02.png"
				},
					{
					"file": "celebrate_fp/r1frame03.png"
				}			
			]
		],
		"td": [
			[
				{
					"file": "celebrate_tp/r1frame01.png"
				},
				{
					"file": "celebrate_tp/r1frame02.png"
				},
				{
					"file": "celebrate_tp/r1frame03.png"
				}
			]
		]
	},
	{
		"name": "SKELETON_ARCH_LAIRSLEEP",
		"rotatable": false,
		"fp_offset_x": 29,
		"fp_offset_y": 52,
		"td_offset_x": 23,
		"td_offset_y": 42,
		"fp": [
			[
				{
					"file": "lairsleep_fp/r1frame01.png"
				}
			]
		],
		"td": [
			[
				{
					"file": "lairsleep_tp/r1frame01.png"
				}
			]
		]
	},
	{
		"name": "SKELETON_ARCH_SLAPPED",
		"rotatable": true,
		"fp_offset_x": 44,
		"fp_offset_y": 61,
		"td_offset_x": 35,
		"td_offset_y": 52,
		"fp": [
			[
				{
					"file": "slapped_fp/r1frame01.png"
				},
				{
					"file": "slapped_fp/r2frame01.png"
				},
				{
					"file": "slapped_fp/r3frame01.png"
				},
				{
					"file": "slapped_fp/r4frame01.png"
				},
				{
					"file": "slapped_fp/r5frame01.png"
				}
			]
		],
		"td": [
			[
				{
					"file": "slapped_tp/r1frame01.png"
				},
				{
					"file": "slapped_tp/r2frame01.png"
				},
				{
					"file": "slapped_tp/r3frame01.png"
				},
				{
					"file": "slapped_tp/r4frame01.png"
				},
				{
					"file": "slapped_tp/r5frame01.png"
				}
			]
		]
	},
	{	"name": "SKL_POISON_ARROW",
		"rotatable": true,
		"fp_offset_x": 51,
		"fp_offset_y": 65,
		"td_offset_x": 41,
		"td_offset_y": 58,
		"fp": [
			[
				{
					"file": "SKL_POISON_ARROW_fp/r1frame01.png"
				},
				{
					"file": "SKL_POISON_ARROW_fp/r1frame02.png"
				},
				{
					"file": "SKL_POISON_ARROW_fp/r1frame03.png"
				},
				{
					"file": "SKL_POISON_ARROW_fp/r1frame04.png"
				},
				{
					"file": "SKL_POISON_ARROW_fp/r1frame05.png"
				},
				{
					"file": "SKL_POISON_ARROW_fp/r1frame06.png"
				}												
			],
			[				
				{
					"file": "SKL_POISON_ARROW_fp/r2frame01.png"
				},
				{
					"file": "SKL_POISON_ARROW_fp/r2frame02.png"
				},
				{
					"file": "SKL_POISON_ARROW_fp/r2frame03.png"
				},
				{
					"file": "SKL_POISON_ARROW_fp/r2frame04.png"
				},
				{
					"file": "SKL_POISON_ARROW_fp/r2frame05.png"
				},
				{
					"file": "SKL_POISON_ARROW_fp/r2frame06.png"
				}	
			],
			[				
				{
					"file": "SKL_POISON_ARROW_fp/r3frame01.png"
				},
				{
					"file": "SKL_POISON_ARROW_fp/r3frame02.png"
				},
				{
					"file": "SKL_POISON_ARROW_fp/r3frame03.png"
				},
				{
					"file": "SKL_POISON_ARROW_fp/r3frame04.png"
				},
				{
					"file": "SKL_POISON_ARROW_fp/r3frame05.png"
				},
				{
					"file": "SKL_POISON_ARROW_fp/r3frame06.png"
				}		
			],
			[				
				{
					"file": "SKL_POISON_ARROW_fp/r4frame01.png"
				},
				{
					"file": "SKL_POISON_ARROW_fp/r4frame02.png"
				},
				{
					"file": "SKL_POISON_ARROW_fp/r4frame03.png"
				},
				{
					"file": "SKL_POISON_ARROW_fp/r4frame04.png"
				},
				{
					"file": "SKL_POISON_ARROW_fp/r4frame05.png"
				},
				{
					"file": "SKL_POISON_ARROW_fp/r4frame06.png"
				}	
			],
			[				
				{
					"file": "SKL_POISON_ARROW_fp/r5frame01.png"
				},
				{
					"file": "SKL_POISON_ARROW_fp/r5frame02.png"
				},
				{
					"file": "SKL_POISON_ARROW_fp/r5frame03.png"
				},
				{
					"file": "SKL_POISON_ARROW_fp/r5frame04.png"
				},
				{
					"file": "SKL_POISON_ARROW_fp/r5frame05.png"
				},
				{
					"file": "SKL_POISON_ARROW_fp/r5frame06.png"
				}		
			]
		],
		"td": [
				[
				{
					"file": "SKL_POISON_ARROW_td/r1frame01.png"
				},
				{
					"file": "SKL_POISON_ARROW_td/r1frame02.png"
				},
				{
					"file": "SKL_POISON_ARROW_td/r1frame03.png"
				},
				{
					"file": "SKL_POISON_ARROW_td/r1frame04.png"
				},
				{
					"file": "SKL_POISON_ARROW_td/r1frame05.png"
				},
				{
					"file": "SKL_POISON_ARROW_td/r1frame06.png"
				}												
			],
			[				
				{
					"file": "SKL_POISON_ARROW_td/r2frame01.png"
				},
				{
					"file": "SKL_POISON_ARROW_td/r2frame02.png"
				},
				{
					"file": "SKL_POISON_ARROW_td/r2frame03.png"
				},
				{
					"file": "SKL_POISON_ARROW_td/r2frame04.png"
				},
				{
					"file": "SKL_POISON_ARROW_td/r2frame05.png"
				},
				{
					"file": "SKL_POISON_ARROW_td/r2frame06.png"
				}	
			],
			[				
				{
					"file": "SKL_POISON_ARROW_td/r3frame01.png"
				},
				{
					"file": "SKL_POISON_ARROW_td/r3frame02.png"
				},
				{
					"file": "SKL_POISON_ARROW_td/r3frame03.png"
				},
				{
					"file": "SKL_POISON_ARROW_td/r3frame04.png"
				},
				{
					"file": "SKL_POISON_ARROW_td/r3frame05.png"
				},
				{
					"file": "SKL_POISON_ARROW_td/r3frame06.png"
				}		
			],
			[				
				{
					"file": "SKL_POISON_ARROW_td/r4frame01.png"
				},
				{
					"file": "SKL_POISON_ARROW_td/r4frame02.png"
				},
				{
					"file": "SKL_POISON_ARROW_td/r4frame03.png"
				},
				{
					"file": "SKL_POISON_ARROW_td/r4frame04.png"
				},
				{
					"file": "SKL_POISON_ARROW_td/r4frame05.png"
				},
				{
					"file": "SKL_POISON_ARROW_td/r4frame06.png"
				}	
			],
			[				
				{
					"file": "SKL_POISON_ARROW_td/r5frame01.png"
				},
				{
					"file": "SKL_POISON_ARROW_td/r5frame02.png"
				},
				{
					"file": "SKL_POISON_ARROW_td/r5frame03.png"
				},
				{
					"file": "SKL_POISON_ARROW_td/r5frame04.png"
				},
				{
					"file": "SKL_POISON_ARROW_td/r5frame05.png"
				},
				{
					"file": "SKL_POISON_ARROW_td/r5frame06.png"
				}		
			
			]
		]
	}

]