[
	{
		"name": "FIREBALL_GREEN",
		"rotatable": false,
		"fp_offset_x": 18,
		"fp_offset_y": 16,
		"td_offset_x": 18,
		"td_offset_y": 16,
		"fp": [
			[
				{
					"file": "stand_fp/r1frame01.png"
				},
				{
					"file": "stand_fp/r1frame02.png"
				},
				{
					"file": "stand_fp/r1frame03.png"
				},
				{
					"file": "stand_fp/r1frame04.png"
				},
				{
					"file": "stand_fp/r1frame05.png"
				},
				{
					"file": "stand_fp/r1frame06.png"
				},
				{
					"file": "stand_fp/r1frame07.png"
				},
				{
					"file": "stand_fp/r1frame08.png"
				}
			]
		],
		"td": [
			[
				{
					"file": "stand_td/r1frame01.png"
				},
				{
					"file": "stand_td/r1frame02.png"
				},
				{
					"file": "stand_td/r1frame03.png"
				},
				{
					"file": "stand_td/r1frame04.png"
				},
				{
					"file": "stand_td/r1frame05.png"
				},
				{
					"file": "stand_td/r1frame06.png"
				},
				{
					"file": "stand_td/r1frame07.png"
				},
				{
					"file": "stand_td/r1frame08.png"
				}
			]
		]
	}
]