[
{
"name": "Fairywisp",
"rotatable": true,
"fp_offset_x": 48,
"fp_offset_y": 50,
"td_offset_x": 47,
"td_offset_y": 60,
"fp": [
[
{
"file": "Fairywisp/FPfront_0000.png"
  },
{
"file": "Fairywisp/FPfront_0001.png"
  },
{
"file": "Fairywisp/FPfront_0002.png"
  },
{
"file": "Fairywisp/FPfront_0003.png"
  },
{
"file": "Fairywisp/FPfront_0004.png"
  },
{
"file": "Fairywisp/FPfront_0005.png"
  },
{
"file": "Fairywisp/FPfront_0006.png"
  },
{
"file": "Fairywisp/FPfront_0007.png"
  },
{
"file": "Fairywisp/FPfront_0008.png"
  }
  ],
  [
{
"file": "Fairywisp/FPrf_0000.png"
  },
{
"file": "Fairywisp/FPrf_0001.png"
 },
{
"file": "Fairywisp/FPrf_0002.png"
 },
{
"file": "Fairywisp/FPrf_0003.png"
 },
{
"file": "Fairywisp/FPrf_0004.png"
 },
{
"file": "Fairywisp/FPrf_0005.png"
 },
{
"file": "Fairywisp/FPrf_0006.png"
 },
{
"file": "Fairywisp/FPrf_0007.png"
 },
{
"file": "Fairywisp/FPrf_0008.png"
}
  ],
  [
      {
"file": "Fairywisp/FPright_0000.png"
  },
{
"file": "Fairywisp/FPright_0001.png"
 },
{
"file": "Fairywisp/FPright_0002.png"
 },
{
"file": "Fairywisp/FPright_0003.png"
 },
{
"file": "Fairywisp/FPright_0004.png"
 },
{
"file": "Fairywisp/FPright_0005.png"
 },
{
"file": "Fairywisp/FPright_0006.png"
 },
{
"file": "Fairywisp/FPright_0007.png"
 },
{
"file": "Fairywisp/FPright_0008.png"
}
  ],
  [
{
"file": "Fairywisp/FPrb_0000.png"
  },
{
"file": "Fairywisp/FPrb_0001.png"
 },
{
"file": "Fairywisp/FPrb_0002.png"
 },
{
"file": "Fairywisp/FPrb_0003.png"
 },
{
"file": "Fairywisp/FPrb_0004.png"
 },
{
"file": "Fairywisp/FPrb_0005.png"
 },
{
"file": "Fairywisp/FPrb_0006.png"
 },
{
"file": "Fairywisp/FPrb_0007.png"
 },
{
"file": "Fairywisp/FPrb_0008.png"
}
      ],
   [
         {
"file": "Fairywisp/FPback_0000.png"
  },
{
"file": "Fairywisp/FPback_0001.png"
 },
{
"file": "Fairywisp/FPback_0002.png"
 },
{
"file": "Fairywisp/FPback_0003.png"
 },
{
"file": "Fairywisp/FPback_0004.png"
 },
{
"file": "Fairywisp/FPback_0005.png"
 },
{
"file": "Fairywisp/FPback_0006.png"
 },
{
"file": "Fairywisp/FPback_0007.png"
 },
{
"file": "Fairywisp/FPback_0008.png"
  }
  ]
  ],
  "td": [
    [
{
"file": "Fairywisp/TDfront_0000.png"
  },
{
"file": "Fairywisp/TDfront_0001.png"
 },
{
"file": "Fairywisp/TDfront_0002.png"
 },
{
"file": "Fairywisp/TDfront_0003.png"
 },
{
"file": "Fairywisp/TDfront_0004.png"
 },
{
"file": "Fairywisp/TDfront_0005.png"
 },
{
"file": "Fairywisp/TDfront_0006.png"
 },
{
"file": "Fairywisp/TDfront_0007.png"
 },
{
"file": "Fairywisp/TDfront_0008.png"
  }
  ],
  [
{
"file": "Fairywisp/TDrf_0000.png"
  },
{
"file": "Fairywisp/TDrf_0001.png"
 },
{
"file": "Fairywisp/TDrf_0002.png"
 },
{
"file": "Fairywisp/TDrf_0003.png"
 },
{
"file": "Fairywisp/TDrf_0004.png"
 },
{
"file": "Fairywisp/TDrf_0005.png"
 },
{
"file": "Fairywisp/TDrf_0006.png"
 },
{
"file": "Fairywisp/TDrf_0007.png"
 },
{
"file": "Fairywisp/TDrf_0008.png"
}
  ],
  [
      {
"file": "Fairywisp/TDright_0000.png"
  },
{
"file": "Fairywisp/TDright_0001.png"
 },
{
"file": "Fairywisp/TDright_0002.png"
 },
{
"file": "Fairywisp/TDright_0003.png"
 },
{
"file": "Fairywisp/TDright_0004.png"
 },
{
"file": "Fairywisp/TDright_0005.png"
 },
{
"file": "Fairywisp/TDright_0006.png"
 },
{
"file": "Fairywisp/TDright_0007.png"
 },
{
"file": "Fairywisp/TDright_0008.png"
}
  ],
  [
{
"file": "Fairywisp/TDrb_0000.png"
  },
{
"file": "Fairywisp/TDrb_0001.png"
 },
{
"file": "Fairywisp/TDrb_0002.png"
 },
{
"file": "Fairywisp/TDrb_0003.png"
 },
{
"file": "Fairywisp/TDrb_0004.png"
 },
{
"file": "Fairywisp/TDrb_0005.png"
 },
{
"file": "Fairywisp/TDrb_0006.png"
 },
{
"file": "Fairywisp/TDrb_0007.png"
 },
{
"file": "Fairywisp/TDrb_0008.png"
}
      ],
   [
         {
"file": "Fairywisp/TDback_0000.png"
  },
{
"file": "Fairywisp/TDback_0001.png"
 },
{
"file": "Fairywisp/TDback_0002.png"
 },
{
"file": "Fairywisp/TDback_0003.png"
 },
{
"file": "Fairywisp/TDback_0004.png"
 },
{
"file": "Fairywisp/TDback_0005.png"
 },
{
"file": "Fairywisp/TDback_0006.png"
 },
{
"file": "Fairywisp/TDback_0007.png"
 },
{
"file": "Fairywisp/TDback_0008.png"
  }
  ]
  ]
},
{
"name": "FIRESPHERE",
"rotatable": true,
"fp_offset_x": 102,
"fp_offset_y": 195,
"td_offset_x": 102,
"td_offset_y": 200,
"fp": [
[
{
"file": "FireSphere/FPfront_0001.png"
  },
{
"file": "FireSphere/FPfront_0002.png"
  },
{
"file": "FireSphere/FPfront_0003.png"
  },
{
"file": "FireSphere/FPfront_0004.png"
  },
{
"file": "FireSphere/FPfront_0005.png"
  },
{
"file": "FireSphere/FPfront_0006.png"
  },
{
"file": "FireSphere/FPfront_0007.png"
  },
{
"file": "FireSphere/FPfront_0008.png"
  },
{
"file": "FireSphere/FPfront_0009.png"
  },
{
"file": "FireSphere/FPfront_0010.png"
  },
{
"file": "FireSphere/FPfront_0011.png"
  },
{
"file": "FireSphere/FPfront_0012.png"
  },
{
"file": "FireSphere/FPfront_0013.png"
  },
{
"file": "FireSphere/FPfront_0014.png"
  },
{
"file": "FireSphere/FPfront_0015.png"
  },
{
"file": "FireSphere/FPfront_0016.png"
  },
{
"file": "FireSphere/FPfront_0017.png"
  },
{
"file": "FireSphere/FPfront_0018.png"
  },
{
"file": "FireSphere/FPfront_0019.png"
  },
{
"file": "FireSphere/FPfront_0020.png"
  },
{
"file": "FireSphere/FPfront_0021.png"
  },
{
"file": "FireSphere/FPfront_0022.png"
  },
{
"file": "FireSphere/FPfront_0023.png"
  },
{
"file": "FireSphere/FPfront_0024.png"
  },
{
"file": "FireSphere/FPfront_0025.png"
  },
{
"file": "FireSphere/FPfront_0026.png"
  },
{
"file": "FireSphere/FPfront_0027.png"
  },
{
"file": "FireSphere/FPfront_0028.png"
  },
{
"file": "FireSphere/FPfront_0029.png"
  },
{
"file": "FireSphere/FPfront_0030.png"
  }
  ],
  [
{
"file": "FireSphere/FPrf_0001.png"
  },
{
"file": "FireSphere/FPrf_0002.png"
 },
{
"file": "FireSphere/FPrf_0003.png"
 },
{
"file": "FireSphere/FPrf_0004.png"
 },
{
"file": "FireSphere/FPrf_0005.png"
 },
{
"file": "FireSphere/FPrf_0006.png"
 },
{
"file": "FireSphere/FPrf_0007.png"
 },
{
"file": "FireSphere/FPrf_0008.png"
 },
{
"file": "FireSphere/FPrf_0009.png"
 },
{
"file": "FireSphere/FPrf_0010.png"
 },
{
"file": "FireSphere/FPrf_0011.png"
 },
{
"file": "FireSphere/FPrf_0012.png"
 },
{
"file": "FireSphere/FPrf_0013.png"
 },
{
"file": "FireSphere/FPrf_0014.png"
 },
{
"file": "FireSphere/FPrf_0015.png"
 },
{
"file": "FireSphere/FPrf_0016.png"
 },
{
"file": "FireSphere/FPrf_0017.png"
 },
{
"file": "FireSphere/FPrf_0018.png"
 },
{
"file": "FireSphere/FPrf_0019.png"
 },
{
"file": "FireSphere/FPrf_0020.png"
 },
{
"file": "FireSphere/FPrf_0021.png"
 },
{
"file": "FireSphere/FPrf_0022.png"
 },
{
"file": "FireSphere/FPrf_0023.png"
 },
{
"file": "FireSphere/FPrf_0024.png"
 },
{
"file": "FireSphere/FPrf_0025.png"
 },
{
"file": "FireSphere/FPrf_0026.png"
 },
{
"file": "FireSphere/FPrf_0027.png"
 },
{
"file": "FireSphere/FPrf_0028.png"
 },
{
"file": "FireSphere/FPrf_0029.png"
 },
{
"file": "FireSphere/FPrf_0030.png"
}
  ],
  [
      {
"file": "FireSphere/FPright_0001.png"
  },
{
"file": "FireSphere/FPright_0002.png"
 },
{
"file": "FireSphere/FPright_0003.png"
 },
{
"file": "FireSphere/FPright_0004.png"
 },
{
"file": "FireSphere/FPright_0005.png"
 },
{
"file": "FireSphere/FPright_0006.png"
 },
{
"file": "FireSphere/FPright_0007.png"
 },
{
"file": "FireSphere/FPright_0008.png"
 },
{
"file": "FireSphere/FPright_0009.png"
 },
{
"file": "FireSphere/FPright_0010.png"
 },
{
"file": "FireSphere/FPright_0011.png"
 },
{
"file": "FireSphere/FPright_0012.png"
 },
{
"file": "FireSphere/FPright_0013.png"
 },
{
"file": "FireSphere/FPright_0014.png"
 },
{
"file": "FireSphere/FPright_0015.png"
 },
{
"file": "FireSphere/FPright_0016.png"
 },
{
"file": "FireSphere/FPright_0017.png"
 },
{
"file": "FireSphere/FPright_0018.png"
 },
{
"file": "FireSphere/FPright_0019.png"
 },
{
"file": "FireSphere/FPright_0020.png"
 },
{
"file": "FireSphere/FPright_0021.png"
 },
{
"file": "FireSphere/FPright_0022.png"
 },
{
"file": "FireSphere/FPright_0023.png"
 },
{
"file": "FireSphere/FPright_0024.png"
 },
{
"file": "FireSphere/FPright_0025.png"
 },
{
"file": "FireSphere/FPright_0026.png"
 },
{
"file": "FireSphere/FPright_0027.png"
 },
{
"file": "FireSphere/FPright_0028.png"
 },
{
"file": "FireSphere/FPright_0029.png"
 },
{
"file": "FireSphere/FPright_0030.png"
}
  ],
  [
{
"file": "FireSphere/FPrb_0001.png"
  },
{
"file": "FireSphere/FPrb_0002.png"
 },
{
"file": "FireSphere/FPrb_0003.png"
 },
{
"file": "FireSphere/FPrb_0004.png"
 },
{
"file": "FireSphere/FPrb_0005.png"
 },
{
"file": "FireSphere/FPrb_0006.png"
 },
{
"file": "FireSphere/FPrb_0007.png"
 },
{
"file": "FireSphere/FPrb_0008.png"
 },
{
"file": "FireSphere/FPrb_0009.png"
 },
{
"file": "FireSphere/FPrb_0010.png"
 },
{
"file": "FireSphere/FPrb_0011.png"
 },
{
"file": "FireSphere/FPrb_0012.png"
 },
{
"file": "FireSphere/FPrb_0013.png"
 },
{
"file": "FireSphere/FPrb_0014.png"
 },
{
"file": "FireSphere/FPrb_0015.png"
 },
{
"file": "FireSphere/FPrb_0016.png"
 },
{
"file": "FireSphere/FPrb_0017.png"
 },
{
"file": "FireSphere/FPrb_0018.png"
 },
{
"file": "FireSphere/FPrb_0019.png"
 },
{
"file": "FireSphere/FPrb_0020.png"
 },
{
"file": "FireSphere/FPrb_0021.png"
 },
{
"file": "FireSphere/FPrb_0022.png"
 },
{
"file": "FireSphere/FPrb_0023.png"
 },
{
"file": "FireSphere/FPrb_0024.png"
 },
{
"file": "FireSphere/FPrb_0025.png"
 },
{
"file": "FireSphere/FPrb_0026.png"
 },
{
"file": "FireSphere/FPrb_0027.png"
 },
{
"file": "FireSphere/FPrb_0028.png"
 },
{
"file": "FireSphere/FPrb_0029.png"
 },
{
"file": "FireSphere/FPrb_0030.png"
}
      ],
   [
         {
"file": "FireSphere/FPback_0001.png"
  },
{
"file": "FireSphere/FPback_0002.png"
 },
{
"file": "FireSphere/FPback_0003.png"
 },
{
"file": "FireSphere/FPback_0004.png"
 },
{
"file": "FireSphere/FPback_0005.png"
 },
{
"file": "FireSphere/FPback_0006.png"
 },
{
"file": "FireSphere/FPback_0007.png"
 },
{
"file": "FireSphere/FPback_0008.png"
 },
{
"file": "FireSphere/FPback_0009.png"
 },
{
"file": "FireSphere/FPback_0010.png"
 },
{
"file": "FireSphere/FPback_0011.png"
 },
{
"file": "FireSphere/FPback_0012.png"
 },
{
"file": "FireSphere/FPback_0013.png"
 },
{
"file": "FireSphere/FPback_0014.png"
 },
{
"file": "FireSphere/FPback_0015.png"
 },
{
"file": "FireSphere/FPback_0016.png"
 },
{
"file": "FireSphere/FPback_0017.png"
 },
{
"file": "FireSphere/FPback_0018.png"
 },
{
"file": "FireSphere/FPback_0019.png"
 },
{
"file": "FireSphere/FPback_0020.png"
 },
{
"file": "FireSphere/FPback_0021.png"
 },
{
"file": "FireSphere/FPback_0022.png"
 },
{
"file": "FireSphere/FPback_0023.png"
 },
{
"file": "FireSphere/FPback_0024.png"
 },
{
"file": "FireSphere/FPback_0025.png"
 },
{
"file": "FireSphere/FPback_0026.png"
 },
{
"file": "FireSphere/FPback_0027.png"
 },
{
"file": "FireSphere/FPback_0028.png"
 },
{
"file": "FireSphere/FPback_0029.png"
 },
{
"file": "FireSphere/FPback_0030.png"
  }
  ]
  ],
  "td": [
    [
{
"file": "FireSphere/TDfront_0001.png"
  },
{
"file": "FireSphere/TDfront_0002.png"
 },
{
"file": "FireSphere/TDfront_0003.png"
 },
{
"file": "FireSphere/TDfront_0004.png"
 },
{
"file": "FireSphere/TDfront_0005.png"
 },
{
"file": "FireSphere/TDfront_0006.png"
 },
{
"file": "FireSphere/TDfront_0007.png"
 },
{
"file": "FireSphere/TDfront_0008.png"
 },
{
"file": "FireSphere/TDfront_0009.png"
 },
{
"file": "FireSphere/TDfront_0010.png"
 },
{
"file": "FireSphere/TDfront_0011.png"
 },
{
"file": "FireSphere/TDfront_0012.png"
 },
{
"file": "FireSphere/TDfront_0013.png"
 },
{
"file": "FireSphere/TDfront_0014.png"
 },
{
"file": "FireSphere/TDfront_0015.png"
 },
{
"file": "FireSphere/TDfront_0016.png"
 },
{
"file": "FireSphere/TDfront_0017.png"
 },
{
"file": "FireSphere/TDfront_0018.png"
 },
{
"file": "FireSphere/TDfront_0019.png"
 },
{
"file": "FireSphere/TDfront_0020.png"
 },
{
"file": "FireSphere/TDfront_0021.png"
 },
{
"file": "FireSphere/TDfront_0022.png"
 },
{
"file": "FireSphere/TDfront_0023.png"
 },
{
"file": "FireSphere/TDfront_0024.png"
 },
{
"file": "FireSphere/TDfront_0025.png"
 },
{
"file": "FireSphere/TDfront_0026.png"
 },
{
"file": "FireSphere/TDfront_0027.png"
 },
{
"file": "FireSphere/TDfront_0028.png"
 },
{
"file": "FireSphere/TDfront_0029.png"
 },
{
"file": "FireSphere/TDfront_0030.png"
  }
  ],
  [
{
"file": "FireSphere/TDrf_0001.png"
  },
{
"file": "FireSphere/TDrf_0002.png"
 },
{
"file": "FireSphere/TDrf_0003.png"
 },
{
"file": "FireSphere/TDrf_0004.png"
 },
{
"file": "FireSphere/TDrf_0005.png"
 },
{
"file": "FireSphere/TDrf_0006.png"
 },
{
"file": "FireSphere/TDrf_0007.png"
 },
{
"file": "FireSphere/TDrf_0008.png"
 },
{
"file": "FireSphere/TDrf_0009.png"
 },
{
"file": "FireSphere/TDrf_0010.png"
 },
{
"file": "FireSphere/TDrf_0011.png"
 },
{
"file": "FireSphere/TDrf_0012.png"
 },
{
"file": "FireSphere/TDrf_0013.png"
 },
{
"file": "FireSphere/TDrf_0014.png"
 },
{
"file": "FireSphere/TDrf_0015.png"
 },
{
"file": "FireSphere/TDrf_0016.png"
 },
{
"file": "FireSphere/TDrf_0017.png"
 },
{
"file": "FireSphere/TDrf_0018.png"
 },
{
"file": "FireSphere/TDrf_0019.png"
 },
{
"file": "FireSphere/TDrf_0020.png"
 },
{
"file": "FireSphere/TDrf_0021.png"
 },
{
"file": "FireSphere/TDrf_0022.png"
 },
{
"file": "FireSphere/TDrf_0023.png"
 },
{
"file": "FireSphere/TDrf_0024.png"
 },
{
"file": "FireSphere/TDrf_0025.png"
 },
{
"file": "FireSphere/TDrf_0026.png"
 },
{
"file": "FireSphere/TDrf_0027.png"
 },
{
"file": "FireSphere/TDrf_0028.png"
 },
{
"file": "FireSphere/TDrf_0029.png"
 },
{
"file": "FireSphere/TDrf_0030.png"
}
  ],
  [
      {
"file": "FireSphere/TDright_0001.png"
  },
{
"file": "FireSphere/TDright_0002.png"
 },
{
"file": "FireSphere/TDright_0003.png"
 },
{
"file": "FireSphere/TDright_0004.png"
 },
{
"file": "FireSphere/TDright_0005.png"
 },
{
"file": "FireSphere/TDright_0006.png"
 },
{
"file": "FireSphere/TDright_0007.png"
 },
{
"file": "FireSphere/TDright_0008.png"
 },
{
"file": "FireSphere/TDright_0009.png"
 },
{
"file": "FireSphere/TDright_0010.png"
 },
{
"file": "FireSphere/TDright_0011.png"
 },
{
"file": "FireSphere/TDright_0012.png"
 },
{
"file": "FireSphere/TDright_0013.png"
 },
{
"file": "FireSphere/TDright_0014.png"
 },
{
"file": "FireSphere/TDright_0015.png"
 },
{
"file": "FireSphere/TDright_0016.png"
 },
{
"file": "FireSphere/TDright_0017.png"
 },
{
"file": "FireSphere/TDright_0018.png"
 },
{
"file": "FireSphere/TDright_0019.png"
 },
{
"file": "FireSphere/TDright_0020.png"
 },
{
"file": "FireSphere/TDright_0021.png"
 },
{
"file": "FireSphere/TDright_0022.png"
 },
{
"file": "FireSphere/TDright_0023.png"
 },
{
"file": "FireSphere/TDright_0024.png"
 },
{
"file": "FireSphere/TDright_0025.png"
 },
{
"file": "FireSphere/TDright_0026.png"
 },
{
"file": "FireSphere/TDright_0027.png"
 },
{
"file": "FireSphere/TDright_0028.png"
 },
{
"file": "FireSphere/TDright_0029.png"
 },
{
"file": "FireSphere/TDright_0030.png"
}
  ],
  [
{
"file": "FireSphere/TDrb_0001.png"
  },
{
"file": "FireSphere/TDrb_0002.png"
 },
{
"file": "FireSphere/TDrb_0003.png"
 },
{
"file": "FireSphere/TDrb_0004.png"
 },
{
"file": "FireSphere/TDrb_0005.png"
 },
{
"file": "FireSphere/TDrb_0006.png"
 },
{
"file": "FireSphere/TDrb_0007.png"
 },
{
"file": "FireSphere/TDrb_0008.png"
 },
{
"file": "FireSphere/TDrb_0009.png"
 },
{
"file": "FireSphere/TDrb_0010.png"
 },
{
"file": "FireSphere/TDrb_0011.png"
 },
{
"file": "FireSphere/TDrb_0012.png"
 },
{
"file": "FireSphere/TDrb_0013.png"
 },
{
"file": "FireSphere/TDrb_0014.png"
 },
{
"file": "FireSphere/TDrb_0015.png"
 },
{
"file": "FireSphere/TDrb_0016.png"
 },
{
"file": "FireSphere/TDrb_0017.png"
 },
{
"file": "FireSphere/TDrb_0018.png"
 },
{
"file": "FireSphere/TDrb_0019.png"
 },
{
"file": "FireSphere/TDrb_0020.png"
 },
{
"file": "FireSphere/TDrb_0021.png"
 },
{
"file": "FireSphere/TDrb_0022.png"
 },
{
"file": "FireSphere/TDrb_0023.png"
 },
{
"file": "FireSphere/TDrb_0024.png"
 },
{
"file": "FireSphere/TDrb_0025.png"
 },
{
"file": "FireSphere/TDrb_0026.png"
 },
{
"file": "FireSphere/TDrb_0027.png"
 },
{
"file": "FireSphere/TDrb_0028.png"
 },
{
"file": "FireSphere/TDrb_0029.png"
 },
{
"file": "FireSphere/TDrb_0030.png"
}
      ],
   [
         {
"file": "FireSphere/TDback_0001.png"
  },
{
"file": "FireSphere/TDback_0002.png"
 },
{
"file": "FireSphere/TDback_0003.png"
 },
{
"file": "FireSphere/TDback_0004.png"
 },
{
"file": "FireSphere/TDback_0005.png"
 },
{
"file": "FireSphere/TDback_0006.png"
 },
{
"file": "FireSphere/TDback_0007.png"
 },
{
"file": "FireSphere/TDback_0008.png"
 },
{
"file": "FireSphere/TDback_0009.png"
 },
{
"file": "FireSphere/TDback_0010.png"
 },
{
"file": "FireSphere/TDback_0011.png"
 },
{
"file": "FireSphere/TDback_0012.png"
 },
{
"file": "FireSphere/TDback_0013.png"
 },
{
"file": "FireSphere/TDback_0014.png"
 },
{
"file": "FireSphere/TDback_0015.png"
 },
{
"file": "FireSphere/TDback_0016.png"
 },
{
"file": "FireSphere/TDback_0017.png"
 },
{
"file": "FireSphere/TDback_0018.png"
 },
{
"file": "FireSphere/TDback_0019.png"
 },
{
"file": "FireSphere/TDback_0020.png"
 },
{
"file": "FireSphere/TDback_0021.png"
 },
{
"file": "FireSphere/TDback_0022.png"
 },
{
"file": "FireSphere/TDback_0023.png"
 },
{
"file": "FireSphere/TDback_0024.png"
 },
{
"file": "FireSphere/TDback_0025.png"
 },
{
"file": "FireSphere/TDback_0026.png"
 },
{
"file": "FireSphere/TDback_0027.png"
 },
{
"file": "FireSphere/TDback_0028.png"
 },
{
"file": "FireSphere/TDback_0029.png"
 },
{
"file": "FireSphere/TDback_0030.png"
  }
  ]
  ]
},

	{
		"name": "ENERGYBALL_GREEN",
		"rotatable": false,
		"fp_offset_x": 28,
		"fp_offset_y": 50,
		"td_offset_x": 28,
		"td_offset_y": 50,
		"fp": [
			[
				{
					"file": "GreenEnergyBall/greenball1.png"
				},
				{
					"file": "GreenEnergyBall/greenball2.png"
				},
				{
					"file": "GreenEnergyBall/greenball3.png"
				},
				{
					"file": "GreenEnergyBall/greenball4.png"
				},
				{
					"file": "GreenEnergyBall/greenball5.png"
				},
				{
					"file": "GreenEnergyBall/greenball6.png"
				},
				{
					"file": "GreenEnergyBall/greenball7.png"
				},
				{
					"file": "GreenEnergyBall/greenball8.png"
				},
				{
					"file": "GreenEnergyBall/greenball9.png"
				},
				{
					"file": "GreenEnergyBall/greenball10.png"
				},
				{
					"file": "GreenEnergyBall/greenball11.png"
				},
				{
					"file": "GreenEnergyBall/greenball12.png"
				},
				{
					"file": "GreenEnergyBall/greenball13.png"
				},
				{
					"file": "GreenEnergyBall/greenball14.png"
				},
				{
					"file": "GreenEnergyBall/greenball15.png"
				},
				{
					"file": "GreenEnergyBall/greenball16.png"
				},
				{
					"file": "GreenEnergyBall/greenball17.png"
				},
				{
					"file": "GreenEnergyBall/greenball18.png"
				},
				{
					"file": "GreenEnergyBall/greenball19.png"
				},
				{
					"file": "GreenEnergyBall/greenball20.png"
				},
				{
					"file": "GreenEnergyBall/greenball21.png"
				},
				{
					"file": "GreenEnergyBall/greenball22.png"
				}
			]
		],
		"td": [
			[
								{
					"file": "GreenEnergyBall/greenball1.png"
				},
				{
					"file": "GreenEnergyBall/greenball2.png"
				},
				{
					"file": "GreenEnergyBall/greenball3.png"
				},
				{
					"file": "GreenEnergyBall/greenball4.png"
				},
				{
					"file": "GreenEnergyBall/greenball5.png"
				},
				{
					"file": "GreenEnergyBall/greenball6.png"
				},
				{
					"file": "GreenEnergyBall/greenball7.png"
				},
				{
					"file": "GreenEnergyBall/greenball8.png"
				},
				{
					"file": "GreenEnergyBall/greenball9.png"
				},
				{
					"file": "GreenEnergyBall/greenball10.png"
				},
				{
					"file": "GreenEnergyBall/greenball11.png"
				},
				{
					"file": "GreenEnergyBall/greenball12.png"
				},
				{
					"file": "GreenEnergyBall/greenball13.png"
				},
				{
					"file": "GreenEnergyBall/greenball14.png"
				},
				{
					"file": "GreenEnergyBall/greenball15.png"
				},
				{
					"file": "GreenEnergyBall/greenball16.png"
				},
				{
					"file": "GreenEnergyBall/greenball17.png"
				},
				{
					"file": "GreenEnergyBall/greenball18.png"
				},
				{
					"file": "GreenEnergyBall/greenball19.png"
				},
				{
					"file": "GreenEnergyBall/greenball20.png"
				},
				{
					"file": "GreenEnergyBall/greenball21.png"
				},
				{
					"file": "GreenEnergyBall/greenball22.png"
				}
			]
		]
	},
{
"name": "lightningball_shoot",
"rotatable": false,
"fp_offset_x": 33,
"fp_offset_y": 53,
"td_offset_x": 33,
"td_offset_y": 53,
"fp": [
[
{
                    "file": "LightningBall/lightningball_shoot_sprite1.png"
                },
{
                    "file": "LightningBall/lightningball_shoot_sprite2.png"
                },
{
                    "file": "LightningBall/lightningball_shoot_sprite3.png"
                },
{
                    "file": "LightningBall/lightningball_shoot_sprite4.png"
                },
{
                    "file": "LightningBall/lightningball_shoot_sprite5.png"
                },
{
                    "file": "LightningBall/lightningball_shoot_sprite6.png"
                },
{
                    "file": "LightningBall/lightningball_shoot_sprite7.png"
                },
{
                    "file": "LightningBall/lightningball_shoot_sprite8.png"
                },
{
                    "file": "LightningBall/lightningball_shoot_sprite9.png"
                },
{
                    "file": "LightningBall/lightningball_shoot_sprite10.png"
                },
{
                    "file": "LightningBall/lightningball_shoot_sprite11.png"
                },
{
                    "file": "LightningBall/lightningball_shoot_sprite12.png"
                },
{
                    "file": "LightningBall/lightningball_shoot_sprite13.png"
                },
{
                    "file": "LightningBall/lightningball_shoot_sprite14.png"
                },
{
                    "file": "LightningBall/lightningball_shoot_sprite15.png"
                },
{
                    "file": "LightningBall/lightningball_shoot_sprite16.png"
                },
{
                    "file": "LightningBall/lightningball_shoot_sprite17.png"
                },
{
                    "file": "LightningBall/lightningball_shoot_sprite18.png"
                },
{
                    "file": "LightningBall/lightningball_shoot_sprite19.png"
                },
{
                    "file": "LightningBall/lightningball_shoot_sprite20.png"
                }
            ]
        ],
        "td": [
[
{
                    "file": "LightningBall/lightningball_shoot_sprite1.png"
                },
{
                    "file": "LightningBall/lightningball_shoot_sprite2.png"
                },
{
                    "file": "LightningBall/lightningball_shoot_sprite3.png"
                },
{
                    "file": "LightningBall/lightningball_shoot_sprite4.png"
                },
{
                    "file": "LightningBall/lightningball_shoot_sprite5.png"
                },
{
                    "file": "LightningBall/lightningball_shoot_sprite6.png"
                },
{
                    "file": "LightningBall/lightningball_shoot_sprite7.png"
                },
{
                    "file": "LightningBall/lightningball_shoot_sprite8.png"
                },
{
                    "file": "LightningBall/lightningball_shoot_sprite9.png"
                },
{
                    "file": "LightningBall/lightningball_shoot_sprite10.png"
                },
{
                    "file": "LightningBall/lightningball_shoot_sprite11.png"
                },
{
                    "file": "LightningBall/lightningball_shoot_sprite12.png"
                },
{
                    "file": "LightningBall/lightningball_shoot_sprite13.png"
                },
{
                    "file": "LightningBall/lightningball_shoot_sprite14.png"
                },
{
                    "file": "LightningBall/lightningball_shoot_sprite15.png"
                },
{
                    "file": "LightningBall/lightningball_shoot_sprite16.png"
                },
{
                    "file": "LightningBall/lightningball_shoot_sprite17.png"
                },
{
                    "file": "LightningBall/lightningball_shoot_sprite18.png"
                },
{
                    "file": "LightningBall/lightningball_shoot_sprite19.png"
                },
{
                    "file": "LightningBall/lightningball_shoot_sprite20.png"
                }
            ]
        ]
    },
	{
		"name": "ICICLE",
		"rotatable": true,
		"fp_offset_x": 70,
		"fp_offset_y": 49,
		"td_offset_x": 69,
		"td_offset_y": 39,
		"fp": [
			[
				{
					"file": "ProjectilIcicle/FirstPerson/front_01.png"
				}
			],
			[
				{
					"file": "ProjectilIcicle/FirstPerson/rf_01.png"
				}
			],
			[
				{
					"file": "ProjectilIcicle/FirstPerson/right_01.png"
				}
			],
			[
				{
					"file": "ProjectilIcicle/FirstPerson/rb_01.png"
				}
			],
			[
				{
					"file": "ProjectilIcicle/FirstPerson/back_01.png"
				}
			]
		],
		"td": [
			[
				{
					"file": "ProjectilIcicle/TopDown/front_01.png"
				}
			],
			[
				{
					"file": "ProjectilIcicle/TopDown/rf_01.png"
				}
			],
			[
				{
					"file": "ProjectilIcicle/TopDown/right_01.png"
				}
			],
			[
				{
					"file": "ProjectilIcicle/TopDown/rb_01.png"
				}
			],
			[
				{
					"file": "ProjectilIcicle/TopDown/back_01.png"
				}
			]
		]
	}
]
