[
{
"name": "lballtrap",
"rotatable": false,
"fp_offset_x": 63,
"fp_offset_y": 137,
"td_offset_x": 60,
"td_offset_y": 136,
"fp": [
[
{
                    "file": "lballtrapfp1.png"
                },
{
                    "file": "lballtrapfp2.png"
                },
{
                    "file": "lballtrapfp3.png"
                },
{
                    "file": "lballtrapfp4.png"
                },
{
                    "file": "lballtrapfp5.png"
                },
{
                    "file": "lballtrapfp6.png"
                },
{
                    "file": "lballtrapfp7.png"
                },
{
                    "file": "lballtrapfp8.png"
                },
{
                    "file": "lballtrapfp9.png"
                },
{
                    "file": "lballtrapfp10.png"
                },
{
                    "file": "lballtrapfp11.png"
                },
{
                    "file": "lballtrapfp12.png"
                },
{
                    "file": "lballtrapfp13.png"
                },
{
                    "file": "lballtrapfp14.png"
                },
{
                    "file": "lballtrapfp15.png"
                },
{
                    "file": "lballtrapfp16.png"
                },
{
                    "file": "lballtrapfp17.png"
                },
{
                    "file": "lballtrapfp18.png"
                },
{
                    "file": "lballtrapfp19.png"
                },
{
                    "file": "lballtrapfp20.png"
                },
{
                    "file": "lballtrapfp21.png"
                },
{
                    "file": "lballtrapfp22.png"
                },
{
                    "file": "lballtrapfp23.png"
                },
{
                    "file": "lballtrapfp24.png"
                },
{
                    "file": "lballtrapfp25.png"
                },
{
                    "file": "lballtrapfp26.png"
                },
{
                    "file": "lballtrapfp27.png"
                },
{
                    "file": "lballtrapfp28.png"
                },
{
                    "file": "lballtrapfp29.png"
                },
{
                    "file": "lballtrapfp30.png"
                },
{
                    "file": "lballtrapfp31.png"
                },
{
                    "file": "lballtrapfp32.png"
                },
{
                    "file": "lballtrapfp33.png"
                },
{
                    "file": "lballtrapfp34.png"
                },
{
                    "file": "lballtrapfp35.png"
                },
{
                    "file": "lballtrapfp36.png"
                },
{
                    "file": "lballtrapfp37.png"
                },
{
                    "file": "lballtrapfp38.png"
                },
{
                    "file": "lballtrapfp39.png"
                },
{
                    "file": "lballtrapfp40.png"
                },
{
                    "file": "lballtrapfp41.png"
                },
{
                    "file": "lballtrapfp42.png"
                },
{
                    "file": "lballtrapfp43.png"
                },
{
                    "file": "lballtrapfp44.png"
                },
{
                    "file": "lballtrapfp45.png"
                },
{
                    "file": "lballtrapfp46.png"
                },
{
                    "file": "lballtrapfp47.png"
                },
{
                    "file": "lballtrapfp48.png"
                },
{
                    "file": "lballtrapfp49.png"
                },
{
                    "file": "lballtrapfp50.png"
                },
{
                    "file": "lballtrapfp51.png"
                },
{
                    "file": "lballtrapfp52.png"
                },
{
                    "file": "lballtrapfp53.png"
                },
{
                    "file": "lballtrapfp54.png"
                },
{
                    "file": "lballtrapfp55.png"
                },
{
                    "file": "lballtrapfp56.png"
                },
{
                    "file": "lballtrapfp57.png"
                },
{
                    "file": "lballtrapfp58.png"
                },
{
                    "file": "lballtrapfp59.png"
                },
{
                    "file": "lballtrapfp60.png"
                },
{
                    "file": "lballtrapfp61.png"
                },
{
                    "file": "lballtrapfp62.png"
                },
{
                    "file": "lballtrapfp63.png"
                },
{
                    "file": "lballtrapfp64.png"
                },
{
                    "file": "lballtrapfp65.png"
                },
{
                    "file": "lballtrapfp66.png"
                },
{
                    "file": "lballtrapfp67.png"
                },
{
                    "file": "lballtrapfp68.png"
                },
{
                    "file": "lballtrapfp69.png"
                },
{
                    "file": "lballtrapfp70.png"
                },
{
                    "file": "lballtrapfp71.png"
                },
{
                    "file": "lballtrapfp72.png"
                },
{
                    "file": "lballtrapfp73.png"
                },
{
                    "file": "lballtrapfp74.png"
                },
{
                    "file": "lballtrapfp75.png"
                },
{
                    "file": "lballtrapfp76.png"
                },
{
                    "file": "lballtrapfp77.png"
                },
{
                    "file": "lballtrapfp78.png"
                },
{
                    "file": "lballtrapfp79.png"
                },
{
                    "file": "lballtrapfp80.png"
                },
{
                    "file": "lballtrapfp81.png"
                },
{
                    "file": "lballtrapfp82.png"
                },
{
                    "file": "lballtrapfp83.png"
                },
{
                    "file": "lballtrapfp84.png"
                },
{
                    "file": "lballtrapfp85.png"
                },
{
                    "file": "lballtrapfp86.png"
                },
{
                    "file": "lballtrapfp87.png"
                },
{
                    "file": "lballtrapfp88.png"
                },
{
                    "file": "lballtrapfp89.png"
                },
{
                    "file": "lballtrapfp90.png"
                },
{
                    "file": "lballtrapfp91.png"
                },
{
                    "file": "lballtrapfp92.png"
                },
{
                    "file": "lballtrapfp93.png"
                },
{
                    "file": "lballtrapfp94.png"
                },
{
                    "file": "lballtrapfp95.png"
                },
{
                    "file": "lballtrapfp96.png"
                },
{
                    "file": "lballtrapfp97.png"
                },
{
                    "file": "lballtrapfp98.png"
                },
{
                    "file": "lballtrapfp99.png"
                },
{
                    "file": "lballtrapfp100.png"
                },
{
                    "file": "lballtrapfp101.png"
                },
{
                    "file": "lballtrapfp102.png"
                },
{
                    "file": "lballtrapfp103.png"
                },
{
                    "file": "lballtrapfp104.png"
                },
{
                    "file": "lballtrapfp105.png"
                },
{
                    "file": "lballtrapfp106.png"
                },
{
                    "file": "lballtrapfp107.png"
                },
{
                    "file": "lballtrapfp108.png"
                },
{
                    "file": "lballtrapfp109.png"
                },
{
                    "file": "lballtrapfp110.png"
                },
{
                    "file": "lballtrapfp111.png"
                },
{
                    "file": "lballtrapfp112.png"
                },
{
                    "file": "lballtrapfp113.png"
                },
{
                    "file": "lballtrapfp114.png"
                },
{
                    "file": "lballtrapfp115.png"
                },
{
                    "file": "lballtrapfp116.png"
                },
{
                    "file": "lballtrapfp117.png"
                },
{
                    "file": "lballtrapfp118.png"
                },
{
                    "file": "lballtrapfp119.png"
                },
{
                    "file": "lballtrapfp120.png"
                }
            ]
        ],
        "td": [
[
{
                    "file": "lballtraptd1.png"
                },
{
                    "file": "lballtraptd2.png"
                },
{
                    "file": "lballtraptd3.png"
                },
{
                    "file": "lballtraptd4.png"
                },
{
                    "file": "lballtraptd5.png"
                },
{
                    "file": "lballtraptd6.png"
                },
{
                    "file": "lballtraptd7.png"
                },
{
                    "file": "lballtraptd8.png"
                },
{
                    "file": "lballtraptd9.png"
                },
{
                    "file": "lballtraptd10.png"
                },
{
                    "file": "lballtraptd11.png"
                },
{
                    "file": "lballtraptd12.png"
                },
{
                    "file": "lballtraptd13.png"
                },
{
                    "file": "lballtraptd14.png"
                },
{
                    "file": "lballtraptd15.png"
                },
{
                    "file": "lballtraptd16.png"
                },
{
                    "file": "lballtraptd17.png"
                },
{
                    "file": "lballtraptd18.png"
                },
{
                    "file": "lballtraptd19.png"
                },
{
                    "file": "lballtraptd20.png"
                },
{
                    "file": "lballtraptd21.png"
                },
{
                    "file": "lballtraptd22.png"
                },
{
                    "file": "lballtraptd23.png"
                },
{
                    "file": "lballtraptd24.png"
                },
{
                    "file": "lballtraptd25.png"
                },
{
                    "file": "lballtraptd26.png"
                },
{
                    "file": "lballtraptd27.png"
                },
{
                    "file": "lballtraptd28.png"
                },
{
                    "file": "lballtraptd29.png"
                },
{
                    "file": "lballtraptd30.png"
                },
{
                    "file": "lballtraptd31.png"
                },
{
                    "file": "lballtraptd32.png"
                },
{
                    "file": "lballtraptd33.png"
                },
{
                    "file": "lballtraptd34.png"
                },
{
                    "file": "lballtraptd35.png"
                },
{
                    "file": "lballtraptd36.png"
                },
{
                    "file": "lballtraptd37.png"
                },
{
                    "file": "lballtraptd38.png"
                },
{
                    "file": "lballtraptd39.png"
                },
{
                    "file": "lballtraptd40.png"
                },
{
                    "file": "lballtraptd41.png"
                },
{
                    "file": "lballtraptd42.png"
                },
{
                    "file": "lballtraptd43.png"
                },
{
                    "file": "lballtraptd44.png"
                },
{
                    "file": "lballtraptd45.png"
                },
{
                    "file": "lballtraptd46.png"
                },
{
                    "file": "lballtraptd47.png"
                },
{
                    "file": "lballtraptd48.png"
                },
{
                    "file": "lballtraptd49.png"
                },
{
                    "file": "lballtraptd50.png"
                },
{
                    "file": "lballtraptd51.png"
                },
{
                    "file": "lballtraptd52.png"
                },
{
                    "file": "lballtraptd53.png"
                },
{
                    "file": "lballtraptd54.png"
                },
{
                    "file": "lballtraptd55.png"
                },
{
                    "file": "lballtraptd56.png"
                },
{
                    "file": "lballtraptd57.png"
                },
{
                    "file": "lballtraptd58.png"
                },
{
                    "file": "lballtraptd59.png"
                },
{
                    "file": "lballtraptd60.png"
                },
{
                    "file": "lballtraptd61.png"
                },
{
                    "file": "lballtraptd62.png"
                },
{
                    "file": "lballtraptd63.png"
                },
{
                    "file": "lballtraptd64.png"
                },
{
                    "file": "lballtraptd65.png"
                },
{
                    "file": "lballtraptd66.png"
                },
{
                    "file": "lballtraptd67.png"
                },
{
                    "file": "lballtraptd68.png"
                },
{
                    "file": "lballtraptd69.png"
                },
{
                    "file": "lballtraptd70.png"
                },
{
                    "file": "lballtraptd71.png"
                },
{
                    "file": "lballtraptd72.png"
                },
{
                    "file": "lballtraptd73.png"
                },
{
                    "file": "lballtraptd74.png"
                },
{
                    "file": "lballtraptd75.png"
                },
{
                    "file": "lballtraptd76.png"
                },
{
                    "file": "lballtraptd77.png"
                },
{
                    "file": "lballtraptd78.png"
                },
{
                    "file": "lballtraptd79.png"
                },
{
                    "file": "lballtraptd80.png"
                },
{
                    "file": "lballtraptd81.png"
                },
{
                    "file": "lballtraptd82.png"
                },
{
                    "file": "lballtraptd83.png"
                },
{
                    "file": "lballtraptd84.png"
                },
{
                    "file": "lballtraptd85.png"
                },
{
                    "file": "lballtraptd86.png"
                },
{
                    "file": "lballtraptd87.png"
                },
{
                    "file": "lballtraptd88.png"
                },
{
                    "file": "lballtraptd89.png"
                },
{
                    "file": "lballtraptd90.png"
                },
{
                    "file": "lballtraptd91.png"
                },
{
                    "file": "lballtraptd92.png"
                },
{
                    "file": "lballtraptd93.png"
                },
{
                    "file": "lballtraptd94.png"
                },
{
                    "file": "lballtraptd95.png"
                },
{
                    "file": "lballtraptd96.png"
                },
{
                    "file": "lballtraptd97.png"
                },
{
                    "file": "lballtraptd98.png"
                },
{
                    "file": "lballtraptd99.png"
                },
{
                    "file": "lballtraptd100.png"
                },
{
                    "file": "lballtraptd101.png"
                },
{
                    "file": "lballtraptd102.png"
                },
{
                    "file": "lballtraptd103.png"
                },
{
                    "file": "lballtraptd104.png"
                },
{
                    "file": "lballtraptd105.png"
                },
{
                    "file": "lballtraptd106.png"
                },
{
                    "file": "lballtraptd107.png"
                },
{
                    "file": "lballtraptd108.png"
                },
{
                    "file": "lballtraptd109.png"
                },
{
                    "file": "lballtraptd110.png"
                },
{
                    "file": "lballtraptd111.png"
                },
{
                    "file": "lballtraptd112.png"
                },
{
                    "file": "lballtraptd113.png"
                },
{
                    "file": "lballtraptd114.png"
                },
{
                    "file": "lballtraptd115.png"
                },
{
                    "file": "lballtraptd116.png"
                },
{
                    "file": "lballtraptd117.png"
                },
{
                    "file": "lballtraptd118.png"
                },
{
                    "file": "lballtraptd119.png"
                },
{
                    "file": "lballtraptd120.png"
                }
            ]
        ]
    }
]
