[
{
  "name": "REDLIGHTCRYSTAL",
  "rotatable": true,
  "fp_offset_x": 40,
  "fp_offset_y": 80,
  "td_offset_x": 40,
  "td_offset_y": 60,
  "fp": [
    [
      {				
"file": "FPfront.png"
				}
	  ],
	  [
{				
"file": "FPrf.png"
				}
	  ],
	  [
{				
"file": "FPright.png"
				}
	  ],
	  [
	      {				
"file": "FPrb.png"
				}
      ],
	  [
	        {				
"file": "FPback.png"
				}
	  ]
  ],
  "td": [
    [
     {				
"file": "TDfront.png"
				}
	  ],
	  [
      {				
"file": "TDrf.png"
				}
	  ],
	  [
{				
"file": "TDright.png"
				}
	  ],
	  [
	        {				
"file": "TDrb.png"
				}
      ],
	  [
      {				
"file": "TDback.png"
				}
	  ]
  ]
}
]
