[
	{
		"name": "MONU",
		"rotatable": false,
		"fp_offset_x": 16,
		"fp_offset_y": 83,
		"td_offset_x": 14,
		"td_offset_y": 55,
		"fp": [
			[
				{
					"file": "Monu_fp/Monu_fp_0.png"
				},
				{
					"file": "Monu_fp/Monu_fp_1.png"
				},
				{
					"file": "Monu_fp/Monu_fp_2.png"
				},
				{
					"file": "Monu_fp/Monu_fp_3.png"
				},
				{
					"file": "Monu_fp/Monu_fp_4.png"
				},
				{
					"file": "Monu_fp/Monu_fp_5.png"
				},
				{
					"file": "Monu_fp/Monu_fp_6.png"
				}
			]
		],
		"td": [
			[
				{
					"file": "Monu_tp/Monu_tp_0.png"
				},
				{
					"file": "Monu_tp/Monu_tp_1.png"
				},
				{
					"file": "Monu_tp/Monu_tp_2.png"
				},
				{
					"file": "Monu_tp/Monu_tp_3.png"
				},
				{
					"file": "Monu_tp/Monu_tp_4.png"
				},
				{
					"file": "Monu_tp/Monu_tp_5.png"
				},
				{
					"file": "Monu_tp/Monu_tp_6.png"
				}
			]
		]
	}
]