[
{
"name": "Chain",
"rotatable": true,
"fp_offset_x": 27,
"fp_offset_y": 35,
"td_offset_x": 27,
"td_offset_y": 22,
"fp": [
[
{
"file": "chain/FP_0001.png"
  }
  ],
  [
{
"file": "chain/FP_0004.png"
}
  ],
  [
{
"file": "chain/FP_0003.png"
}
  ],
  [
{
"file": "chain/FP_0002.png"
}
      ],
   [
         {
"file": "chain/FP_0005.png"
  }
  ]
  ],
  "td": [
    [
{
"file": "chain/TD_0001.png"
  }
  ],
  [
{
"file": "chain/TD_0004.png"
}
  ],
  [
{
"file": "chain/TD_0003.png"
}
  ],
  [
{
"file": "chain/TD_0002.png"
}
      ],
   [
         {
"file": "chain/TD_0005.png"
  }
  ]
  ]
}
]
