[
{
  "name": "CHAINED_CRYSTAL",
  "rotatable": true,
  "fp_offset_x": 60,
  "fp_offset_y": 120,
  "td_offset_x": 63,
  "td_offset_y": 90,
  "fp": [
    [
      {				
"file": "CristalFPfront_0200.png"
				},
{				
"file": "CristalFPfront_0201.png"
				},
{				
"file": "CristalFPfront_0202.png"
				},
{				
"file": "CristalFPfront_0203.png"
				},
{				
"file": "CristalFPfront_0204.png"
				},
{				
"file": "CristalFPfront_0205.png"
				},
{				
"file": "CristalFPfront_0206.png"
				},
{				
"file": "CristalFPfront_0207.png"
				},
{				
"file": "CristalFPfront_0208.png"
				},
{				
"file": "CristalFPfront_0209.png"
				},
{				
"file": "CristalFPfront_0210.png"
				},
{				
"file": "CristalFPfront_0211.png"
				},
{				
"file": "CristalFPfront_0212.png"
				},
{				
"file": "CristalFPfront_0213.png"
				},
{				
"file": "CristalFPfront_0214.png"
				},
{				
"file": "CristalFPfront_0215.png"
				},
{				
"file": "CristalFPfront_0216.png"
				},
{				
"file": "CristalFPfront_0217.png"
				},
{				
"file": "CristalFPfront_0218.png"
				},
{				
"file": "CristalFPfront_0219.png"
				},
{				
"file": "CristalFPfront_0220.png"
				},
{				
"file": "CristalFPfront_0221.png"
				},
{				
"file": "CristalFPfront_0222.png"
				},
{				
"file": "CristalFPfront_0223.png"
				},
{				
"file": "CristalFPfront_0224.png"
				},
{				
"file": "CristalFPfront_0225.png"
				},
{				
"file": "CristalFPfront_0226.png"
				},
{				
"file": "CristalFPfront_0227.png"
				},
{				
"file": "CristalFPfront_0228.png"
				},
{				
"file": "CristalFPfront_0229.png"
				},
{				
"file": "CristalFPfront_0230.png"
				},
{				
"file": "CristalFPfront_0231.png"
				},
{				
"file": "CristalFPfront_0232.png"
				},
{				
"file": "CristalFPfront_0233.png"
				},
{				
"file": "CristalFPfront_0234.png"
				},
{				
"file": "CristalFPfront_0235.png"
				},
{				
"file": "CristalFPfront_0236.png"
				},
{				
"file": "CristalFPfront_0237.png"
				},
{				
"file": "CristalFPfront_0238.png"
				},
{				
"file": "CristalFPfront_0239.png"
				},
{				
"file": "CristalFPfront_0240.png"
				}
	  ],
	  [
{				
"file": "CristalFPrf_0200.png"
				},
{				
"file": "CristalFPrf_0201.png"
				},
{				
"file": "CristalFPrf_0202.png"
				},
{				
"file": "CristalFPrf_0203.png"
				},
{				
"file": "CristalFPrf_0204.png"
				},
{				
"file": "CristalFPrf_0205.png"
				},
{				
"file": "CristalFPrf_0206.png"
				},
{				
"file": "CristalFPrf_0207.png"
				},
{				
"file": "CristalFPrf_0208.png"
				},
{				
"file": "CristalFPrf_0209.png"
				},
{				
"file": "CristalFPrf_0210.png"
				},
{				
"file": "CristalFPrf_0211.png"
				},
{				
"file": "CristalFPrf_0212.png"
				},
{				
"file": "CristalFPrf_0213.png"
				},
{				
"file": "CristalFPrf_0214.png"
				},
{				
"file": "CristalFPrf_0215.png"
				},
{				
"file": "CristalFPrf_0216.png"
				},
{				
"file": "CristalFPrf_0217.png"
				},
{				
"file": "CristalFPrf_0218.png"
				},
{				
"file": "CristalFPrf_0219.png"
				},
{				
"file": "CristalFPrf_0220.png"
				},
{				
"file": "CristalFPrf_0221.png"
				},
{				
"file": "CristalFPrf_0222.png"
				},
{				
"file": "CristalFPrf_0223.png"
				},
{				
"file": "CristalFPrf_0224.png"
				},
{				
"file": "CristalFPrf_0225.png"
				},
{				
"file": "CristalFPrf_0226.png"
				},
{				
"file": "CristalFPrf_0227.png"
				},
{				
"file": "CristalFPrf_0228.png"
				},
{				
"file": "CristalFPrf_0229.png"
				},
{				
"file": "CristalFPrf_0230.png"
				},
{				
"file": "CristalFPrf_0231.png"
				},
{				
"file": "CristalFPrf_0232.png"
				},
{				
"file": "CristalFPrf_0233.png"
				},
{				
"file": "CristalFPrf_0234.png"
				},
{				
"file": "CristalFPrf_0235.png"
				},
{				
"file": "CristalFPrf_0236.png"
				},
{				
"file": "CristalFPrf_0237.png"
				},
{				
"file": "CristalFPrf_0238.png"
				},
{				
"file": "CristalFPrf_0239.png"
				},
{				
"file": "CristalFPrf_0240.png"
				}

	  ],
	  [
{				
"file": "CristalFPright_0200.png"
				},
{				
"file": "CristalFPright_0201.png"
				},
{				
"file": "CristalFPright_0202.png"
				},
{				
"file": "CristalFPright_0203.png"
				},
{				
"file": "CristalFPright_0204.png"
				},
{				
"file": "CristalFPright_0205.png"
				},
{				
"file": "CristalFPright_0206.png"
				},
{				
"file": "CristalFPright_0207.png"
				},
{				
"file": "CristalFPright_0208.png"
				},
{				
"file": "CristalFPright_0209.png"
				},
{				
"file": "CristalFPright_0210.png"
				},
{				
"file": "CristalFPright_0211.png"
				},
{				
"file": "CristalFPright_0212.png"
				},
{				
"file": "CristalFPright_0213.png"
				},
{				
"file": "CristalFPright_0214.png"
				},
{				
"file": "CristalFPright_0215.png"
				},
{				
"file": "CristalFPright_0216.png"
				},
{				
"file": "CristalFPright_0217.png"
				},
{				
"file": "CristalFPright_0218.png"
				},
{				
"file": "CristalFPright_0219.png"
				},
{				
"file": "CristalFPright_0220.png"
				},
{				
"file": "CristalFPright_0221.png"
				},
{				
"file": "CristalFPright_0222.png"
				},
{				
"file": "CristalFPright_0223.png"
				},
{				
"file": "CristalFPright_0224.png"
				},
{				
"file": "CristalFPright_0225.png"
				},
{				
"file": "CristalFPright_0226.png"
				},
{				
"file": "CristalFPright_0227.png"
				},
{				
"file": "CristalFPright_0228.png"
				},
{				
"file": "CristalFPright_0229.png"
				},
{				
"file": "CristalFPright_0230.png"
				},
{				
"file": "CristalFPright_0231.png"
				},
{				
"file": "CristalFPright_0232.png"
				},
{				
"file": "CristalFPright_0233.png"
				},
{				
"file": "CristalFPright_0234.png"
				},
{				
"file": "CristalFPright_0235.png"
				},
{				
"file": "CristalFPright_0236.png"
				},
{				
"file": "CristalFPright_0237.png"
				},
{				
"file": "CristalFPright_0238.png"
				},
{				
"file": "CristalFPright_0239.png"
				},
{				
"file": "CristalFPright_0240.png"
				}
	  ],
	  [
	      {				
"file": "CristalFPrb_0200.png"
				},
{				
"file": "CristalFPrb_0201.png"
				},
{				
"file": "CristalFPrb_0202.png"
				},
{				
"file": "CristalFPrb_0203.png"
				},
{				
"file": "CristalFPrb_0204.png"
				},
{				
"file": "CristalFPrb_0205.png"
				},
{				
"file": "CristalFPrb_0206.png"
				},
{				
"file": "CristalFPrb_0207.png"
				},
{				
"file": "CristalFPrb_0208.png"
				},
{				
"file": "CristalFPrb_0209.png"
				},
{				
"file": "CristalFPrb_0210.png"
				},
{				
"file": "CristalFPrb_0211.png"
				},
{				
"file": "CristalFPrb_0212.png"
				},
{				
"file": "CristalFPrb_0213.png"
				},
{				
"file": "CristalFPrb_0214.png"
				},
{				
"file": "CristalFPrb_0215.png"
				},
{				
"file": "CristalFPrb_0216.png"
				},
{				
"file": "CristalFPrb_0217.png"
				},
{				
"file": "CristalFPrb_0218.png"
				},
{				
"file": "CristalFPrb_0219.png"
				},
{				
"file": "CristalFPrb_0220.png"
				},
{				
"file": "CristalFPrb_0221.png"
				},
{				
"file": "CristalFPrb_0222.png"
				},
{				
"file": "CristalFPrb_0223.png"
				},
{				
"file": "CristalFPrb_0224.png"
				},
{				
"file": "CristalFPrb_0225.png"
				},
{				
"file": "CristalFPrb_0226.png"
				},
{				
"file": "CristalFPrb_0227.png"
				},
{				
"file": "CristalFPrb_0228.png"
				},
{				
"file": "CristalFPrb_0229.png"
				},
{				
"file": "CristalFPrb_0230.png"
				},
{				
"file": "CristalFPrb_0231.png"
				},
{				
"file": "CristalFPrb_0232.png"
				},
{				
"file": "CristalFPrb_0233.png"
				},
{				
"file": "CristalFPrb_0234.png"
				},
{				
"file": "CristalFPrb_0235.png"
				},
{				
"file": "CristalFPrb_0236.png"
				},
{				
"file": "CristalFPrb_0237.png"
				},
{				
"file": "CristalFPrb_0238.png"
				},
{				
"file": "CristalFPrb_0239.png"
				},
{				
"file": "CristalFPrb_0240.png"
				}
      ],
	  [
	        {				
"file": "CristalFPrb_0200.png"
				},
{				
"file": "CristalFPrb_0201.png"
				},
{				
"file": "CristalFPrb_0202.png"
				},
{				
"file": "CristalFPrb_0203.png"
				},
{				
"file": "CristalFPrb_0204.png"
				},
{				
"file": "CristalFPrb_0205.png"
				},
{				
"file": "CristalFPrb_0206.png"
				},
{				
"file": "CristalFPrb_0207.png"
				},
{				
"file": "CristalFPrb_0208.png"
				},
{				
"file": "CristalFPrb_0209.png"
				},
{				
"file": "CristalFPrb_0210.png"
				},
{				
"file": "CristalFPrb_0211.png"
				},
{				
"file": "CristalFPrb_0212.png"
				},
{				
"file": "CristalFPrb_0213.png"
				},
{				
"file": "CristalFPrb_0214.png"
				},
{				
"file": "CristalFPrb_0215.png"
				},
{				
"file": "CristalFPrb_0216.png"
				},
{				
"file": "CristalFPrb_0217.png"
				},
{				
"file": "CristalFPrb_0218.png"
				},
{				
"file": "CristalFPrb_0219.png"
				},
{				
"file": "CristalFPrb_0220.png"
				},
{				
"file": "CristalFPrb_0221.png"
				},
{				
"file": "CristalFPrb_0222.png"
				},
{				
"file": "CristalFPrb_0223.png"
				},
{				
"file": "CristalFPrb_0224.png"
				},
{				
"file": "CristalFPrb_0225.png"
				},
{				
"file": "CristalFPrb_0226.png"
				},
{				
"file": "CristalFPrb_0227.png"
				},
{				
"file": "CristalFPrb_0228.png"
				},
{				
"file": "CristalFPrb_0229.png"
				},
{				
"file": "CristalFPrb_0230.png"
				},
{				
"file": "CristalFPrb_0231.png"
				},
{				
"file": "CristalFPrb_0232.png"
				},
{				
"file": "CristalFPrb_0233.png"
				},
{				
"file": "CristalFPrb_0234.png"
				},
{				
"file": "CristalFPrb_0235.png"
				},
{				
"file": "CristalFPrb_0236.png"
				},
{				
"file": "CristalFPrb_0237.png"
				},
{				
"file": "CristalFPrb_0238.png"
				},
{				
"file": "CristalFPrb_0239.png"
				},
{				
"file": "CristalFPrb_0240.png"
				}
	  ]
  ],
  "td": [
    [
     {				
"file": "CristalTDfront_0200.png"
				},
{				
"file": "CristalTDfront_0201.png"
				},
{				
"file": "CristalTDfront_0202.png"
				},
{				
"file": "CristalTDfront_0203.png"
				},
{				
"file": "CristalTDfront_0204.png"
				},
{				
"file": "CristalTDfront_0205.png"
				},
{				
"file": "CristalTDfront_0206.png"
				},
{				
"file": "CristalTDfront_0207.png"
				},
{				
"file": "CristalTDfront_0208.png"
				},
{				
"file": "CristalTDfront_0209.png"
				},
{				
"file": "CristalTDfront_0210.png"
				},
{				
"file": "CristalTDfront_0211.png"
				},
{				
"file": "CristalTDfront_0212.png"
				},
{				
"file": "CristalTDfront_0213.png"
				},
{				
"file": "CristalTDfront_0214.png"
				},
{				
"file": "CristalTDfront_0215.png"
				},
{				
"file": "CristalTDfront_0216.png"
				},
{				
"file": "CristalTDfront_0217.png"
				},
{				
"file": "CristalTDfront_0218.png"
				},
{				
"file": "CristalTDfront_0219.png"
				},
{				
"file": "CristalTDfront_0220.png"
				},
{				
"file": "CristalTDfront_0221.png"
				},
{				
"file": "CristalTDfront_0222.png"
				},
{				
"file": "CristalTDfront_0223.png"
				},
{				
"file": "CristalTDfront_0224.png"
				},
{				
"file": "CristalTDfront_0225.png"
				},
{				
"file": "CristalTDfront_0226.png"
				},
{				
"file": "CristalTDfront_0227.png"
				},
{				
"file": "CristalTDfront_0228.png"
				},
{				
"file": "CristalTDfront_0229.png"
				},
{				
"file": "CristalTDfront_0230.png"
				},
{				
"file": "CristalTDfront_0231.png"
				},
{				
"file": "CristalTDfront_0232.png"
				},
{				
"file": "CristalTDfront_0233.png"
				},
{				
"file": "CristalTDfront_0234.png"
				},
{				
"file": "CristalTDfront_0235.png"
				},
{				
"file": "CristalTDfront_0236.png"
				},
{				
"file": "CristalTDfront_0237.png"
				},
{				
"file": "CristalTDfront_0238.png"
				},
{				
"file": "CristalTDfront_0239.png"
				},
{				
"file": "CristalTDfront_0240.png"
				}
	  ],
	  [
      {				
"file": "CristalTDrf_0200.png"
				},
{				
"file": "CristalTDrf_0201.png"
				},
{				
"file": "CristalTDrf_0202.png"
				},
{				
"file": "CristalTDrf_0203.png"
				},
{				
"file": "CristalTDrf_0204.png"
				},
{				
"file": "CristalTDrf_0205.png"
				},
{				
"file": "CristalTDrf_0206.png"
				},
{				
"file": "CristalTDrf_0207.png"
				},
{				
"file": "CristalTDrf_0208.png"
				},
{				
"file": "CristalTDrf_0209.png"
				},
{				
"file": "CristalTDrf_0210.png"
				},
{				
"file": "CristalTDrf_0211.png"
				},
{				
"file": "CristalTDrf_0212.png"
				},
{				
"file": "CristalTDrf_0213.png"
				},
{				
"file": "CristalTDrf_0214.png"
				},
{				
"file": "CristalTDrf_0215.png"
				},
{				
"file": "CristalTDrf_0216.png"
				},
{				
"file": "CristalTDrf_0217.png"
				},
{				
"file": "CristalTDrf_0218.png"
				},
{				
"file": "CristalTDrf_0219.png"
				},
{				
"file": "CristalTDrf_0220.png"
				},
{				
"file": "CristalTDrf_0221.png"
				},
{				
"file": "CristalTDrf_0222.png"
				},
{				
"file": "CristalTDrf_0223.png"
				},
{				
"file": "CristalTDrf_0224.png"
				},
{				
"file": "CristalTDrf_0225.png"
				},
{				
"file": "CristalTDrf_0226.png"
				},
{				
"file": "CristalTDrf_0227.png"
				},
{				
"file": "CristalTDrf_0228.png"
				},
{				
"file": "CristalTDrf_0229.png"
				},
{				
"file": "CristalTDrf_0230.png"
				},
{				
"file": "CristalTDrf_0231.png"
				},
{				
"file": "CristalTDrf_0232.png"
				},
{				
"file": "CristalTDrf_0233.png"
				},
{				
"file": "CristalTDrf_0234.png"
				},
{				
"file": "CristalTDrf_0235.png"
				},
{				
"file": "CristalTDrf_0236.png"
				},
{				
"file": "CristalTDrf_0237.png"
				},
{				
"file": "CristalTDrf_0238.png"
				},
{				
"file": "CristalTDrf_0239.png"
				},
{				
"file": "CristalTDrf_0240.png"
				}
	  ],
	  [
{				
"file": "CristalTDright_0200.png"
				},
{				
"file": "CristalTDright_0201.png"
				},
{				
"file": "CristalTDright_0202.png"
				},
{				
"file": "CristalTDright_0203.png"
				},
{				
"file": "CristalTDright_0204.png"
				},
{				
"file": "CristalTDright_0205.png"
				},
{				
"file": "CristalTDright_0206.png"
				},
{				
"file": "CristalTDright_0207.png"
				},
{				
"file": "CristalTDright_0208.png"
				},
{				
"file": "CristalTDright_0209.png"
				},
{				
"file": "CristalTDright_0210.png"
				},
{				
"file": "CristalTDright_0211.png"
				},
{				
"file": "CristalTDright_0212.png"
				},
{				
"file": "CristalTDright_0213.png"
				},
{				
"file": "CristalTDright_0214.png"
				},
{				
"file": "CristalTDright_0215.png"
				},
{				
"file": "CristalTDright_0216.png"
				},
{				
"file": "CristalTDright_0217.png"
				},
{				
"file": "CristalTDright_0218.png"
				},
{				
"file": "CristalTDright_0219.png"
				},
{				
"file": "CristalTDright_0220.png"
				},
{				
"file": "CristalTDright_0221.png"
				},
{				
"file": "CristalTDright_0222.png"
				},
{				
"file": "CristalTDright_0223.png"
				},
{				
"file": "CristalTDright_0224.png"
				},
{				
"file": "CristalTDright_0225.png"
				},
{				
"file": "CristalTDright_0226.png"
				},
{				
"file": "CristalTDright_0227.png"
				},
{				
"file": "CristalTDright_0228.png"
				},
{				
"file": "CristalTDright_0229.png"
				},
{				
"file": "CristalTDright_0230.png"
				},
{				
"file": "CristalTDright_0231.png"
				},
{				
"file": "CristalTDright_0232.png"
				},
{				
"file": "CristalTDright_0233.png"
				},
{				
"file": "CristalTDright_0234.png"
				},
{				
"file": "CristalTDright_0235.png"
				},
{				
"file": "CristalTDright_0236.png"
				},
{				
"file": "CristalTDright_0237.png"
				},
{				
"file": "CristalTDright_0238.png"
				},
{				
"file": "CristalTDright_0239.png"
				},
{				
"file": "CristalTDright_0240.png"
				}
	  ],
	  [
	        {				
"file": "CristalTDrb_0200.png"
				},
{				
"file": "CristalTDrb_0201.png"
				},
{				
"file": "CristalTDrb_0202.png"
				},
{				
"file": "CristalTDrb_0203.png"
				},
{				
"file": "CristalTDrb_0204.png"
				},
{				
"file": "CristalTDrb_0205.png"
				},
{				
"file": "CristalTDrb_0206.png"
				},
{				
"file": "CristalTDrb_0207.png"
				},
{				
"file": "CristalTDrb_0208.png"
				},
{				
"file": "CristalTDrb_0209.png"
				},
{				
"file": "CristalTDrb_0210.png"
				},
{				
"file": "CristalTDrb_0211.png"
				},
{				
"file": "CristalTDrb_0212.png"
				},
{				
"file": "CristalTDrb_0213.png"
				},
{				
"file": "CristalTDrb_0214.png"
				},
{				
"file": "CristalTDrb_0215.png"
				},
{				
"file": "CristalTDrb_0216.png"
				},
{				
"file": "CristalTDrb_0217.png"
				},
{				
"file": "CristalTDrb_0218.png"
				},
{				
"file": "CristalTDrb_0219.png"
				},
{				
"file": "CristalTDrb_0220.png"
				},
{				
"file": "CristalTDrb_0221.png"
				},
{				
"file": "CristalTDrb_0222.png"
				},
{				
"file": "CristalTDrb_0223.png"
				},
{				
"file": "CristalTDrb_0224.png"
				},
{				
"file": "CristalTDrb_0225.png"
				},
{				
"file": "CristalTDrb_0226.png"
				},
{				
"file": "CristalTDrb_0227.png"
				},
{				
"file": "CristalTDrb_0228.png"
				},
{				
"file": "CristalTDrb_0229.png"
				},
{				
"file": "CristalTDrb_0230.png"
				},
{				
"file": "CristalTDrb_0231.png"
				},
{				
"file": "CristalTDrb_0232.png"
				},
{				
"file": "CristalTDrb_0233.png"
				},
{				
"file": "CristalTDrb_0234.png"
				},
{				
"file": "CristalTDrb_0235.png"
				},
{				
"file": "CristalTDrb_0236.png"
				},
{				
"file": "CristalTDrb_0237.png"
				},
{				
"file": "CristalTDrb_0238.png"
				},
{				
"file": "CristalTDrb_0239.png"
				},
{				
"file": "CristalTDrb_0240.png"
				}
      ],
	  [
      {				
"file": "CristalTDback_0200.png"
				},
{				
"file": "CristalTDback_0201.png"
				},
{				
"file": "CristalTDback_0202.png"
				},
{				
"file": "CristalTDback_0203.png"
				},
{				
"file": "CristalTDback_0204.png"
				},
{				
"file": "CristalTDback_0205.png"
				},
{				
"file": "CristalTDback_0206.png"
				},
{				
"file": "CristalTDback_0207.png"
				},
{				
"file": "CristalTDback_0208.png"
				},
{				
"file": "CristalTDback_0209.png"
				},
{				
"file": "CristalTDback_0210.png"
				},
{				
"file": "CristalTDback_0211.png"
				},
{				
"file": "CristalTDback_0212.png"
				},
{				
"file": "CristalTDback_0213.png"
				},
{				
"file": "CristalTDback_0214.png"
				},
{				
"file": "CristalTDback_0215.png"
				},
{				
"file": "CristalTDback_0216.png"
				},
{				
"file": "CristalTDback_0217.png"
				},
{				
"file": "CristalTDback_0218.png"
				},
{				
"file": "CristalTDback_0219.png"
				},
{				
"file": "CristalTDback_0220.png"
				},
{				
"file": "CristalTDback_0221.png"
				},
{				
"file": "CristalTDback_0222.png"
				},
{				
"file": "CristalTDback_0223.png"
				},
{				
"file": "CristalTDback_0224.png"
				},
{				
"file": "CristalTDback_0225.png"
				},
{				
"file": "CristalTDback_0226.png"
				},
{				
"file": "CristalTDback_0227.png"
				},
{				
"file": "CristalTDback_0228.png"
				},
{				
"file": "CristalTDback_0229.png"
				},
{				
"file": "CristalTDback_0230.png"
				},
{				
"file": "CristalTDback_0231.png"
				},
{				
"file": "CristalTDback_0232.png"
				},
{				
"file": "CristalTDback_0233.png"
				},
{				
"file": "CristalTDback_0234.png"
				},
{				
"file": "CristalTDback_0235.png"
				},
{				
"file": "CristalTDback_0236.png"
				},
{				
"file": "CristalTDback_0237.png"
				},
{				
"file": "CristalTDback_0238.png"
				},
{				
"file": "CristalTDback_0239.png"
				},
{				
"file": "CristalTDback_0240.png"
				}
	  ]
  ]
}
]
