[
{
  "name":"CRYSTAL",
  "rotatable": false,
  "fp_offset_x": 60,
  "fp_offset_y": 150,
  "td_offset_x": 60,
  "td_offset_y": 150,
  "fp": [
    [
      {
"file": "FPfront_0001.png"
      },
	       {
        "file": "FPfront_0002.png"
      },
	       {
        "file": "FPfront_0003.png"
      },
	       {
        "file": "FPfront_0004.png"
      },
	       {
        "file": "FPfront_0005.png"
      },
	       {
        "file": "FPfront_0006.png"
      },
	       {
        "file": "FPfront_0007.png"
      },
	       {
        "file": "FPfront_0008.png"
      },
	       {
        "file": "FPfront_0009.png"
      },
	{
     	"file": "FPfront_0010.png"
      },
	       {
        "file": "FPfront_0011.png"
      },
	       {
        "file": "FPfront_0012.png"
      },
	       {
        "file": "FPfront_0013.png"
      },
	       {
        "file": "FPfront_0014.png"
      },
	       {
        "file": "FPfront_0015.png"
      },
	       {
        "file": "FPfront_0016.png"
      },
	       {
        "file": "FPfront_0017.png"
	},
 	{
        "file": "FPfront_0018.png"
      },
	       {
        "file": "FPfront_0019.png"
      },
	       {
        "file": "FPfront_0020.png"
      },
	       {
        "file": "FPfront_0021.png"
      },
	       {
        "file": "FPfront_0022.png"
      },
	       {
        "file": "FPfront_0023.png"
      },
	       {
        "file": "FPfront_0024.png"
      }
	  ]
  ],
  "td": [
    [
     {
        "file": "TDfront_0001.png"
      },
	       {
        "file": "TDfront_0002.png"
      },
	       {
        "file": "TDfront_0003.png"
      },
	       {
        "file": "TDfront_0004.png"
      },
	       {
        "file": "TDfront_0005.png"
      },
	       {
        "file": "TDfront_0006.png"
      },
	       {
        "file": "TDfront_0007.png"
      },
	       {
        "file": "TDfront_0008.png"
      },
	       {
        "file": "TDfront_0009.png"
      },
	{
     	"file": "TDfront_0010.png"
      },
	       {
        "file": "TDfront_0011.png"
      },
	       {
        "file": "TDfront_0012.png"
      },
	       {
        "file": "TDfront_0013.png"
      },
	       {
        "file": "TDfront_0014.png"
      },
	       {
        "file": "TDfront_0015.png"
      },
	       {
        "file": "TDfront_0016.png"
      },
	       {
        "file": "TDfront_0017.png"
	},
 	{
        "file": "TDfront_0018.png"
      },
	       {
        "file": "TDfront_0019.png"
      },
	       {
        "file": "TDfront_0020.png"
      },
	       {
        "file": "TDfront_0021.png"
      },
	       {
        "file": "TDfront_0022.png"
      },
	       {
        "file": "TDfront_0023.png"
      },
	       {
        "file": "TDfront_0024.png"
	  }
	  ]
  ]
}
]
