[
{
  "name": "SKULLPILLAR",
  "rotatable": true,
  "fp_offset_x": 60,
  "fp_offset_y": 120,
  "td_offset_x": 60,
  "td_offset_y": 90,
  "fp": [
    [{
        "file": "FPfront_0000.png"
	  },
      {
        "file": "FPfront_0001.png"
	  },
	        {
        "file": "FPfront_0002.png"
	  },
	        {
        "file": "FPfront_0003.png"
	  },
	        {
        "file": "FPfront_0004.png"
	  },
	        {
        "file": "FPfront_0005.png"
	  },
	        {
        "file": "FPfront_0006.png"
	  },
	        {
        "file": "FPfront_0007.png"
	  },
	        {
        "file": "FPfront_0008.png"
	  },
	        {
        "file": "FPfront_0009.png"
	  },
	        {
        "file": "FPfront_0010.png"
	  },
	        {
        "file": "FPfront_0011.png"
	  },
	        {
        "file": "FPfront_0012.png"
	  },
	        {
        "file": "FPfront_0013.png"
	  },
	        {
        "file": "FPfront_0014.png"
	  },
	        {
        "file": "FPfront_0015.png"
	  }
	  ],
	  [
      {
        "file": "FPrf_0000.png"
      },
	        {
        "file": "FPrf_0001.png"
      },
	        {
        "file": "FPrf_0002.png"
      },
	        {
        "file": "FPrf_0003.png"
      },
	        {
        "file": "FPrf_0004.png"
      },
	        {
        "file": "FPrf_0005.png"
      },
	        {
        "file": "FPrf_0006.png"
      },
	        {
        "file": "FPrf_0007.png"
      },
	        {
        "file": "FPrf_0008.png"
      },
	        {
        "file": "FPrf_0009.png"
      },
	        {
        "file": "FPrf_0010.png"
      },
	        {
        "file": "FPrf_0011.png"
      },
	        {
        "file": "FPrf_0012.png"
      },
	        {
        "file": "FPrf_0013.png"
      },
	        {
        "file": "FPrf_0014.png"
      },
	        {
        "file": "FPrf_0015.png"
      }
	  ],
	  [
{
        "file": "FPright_0000.png"
	  },
      {
        "file": "FPright_0001.png"
	  },
	        {
        "file": "FPright_0002.png"
	  },
	        {
        "file": "FPright_0003.png"
	  },
	        {
        "file": "FPright_0004.png"
	  },
	        {
        "file": "FPright_0005.png"
	  },
	        {
        "file": "FPright_0006.png"
	  },
	        {
        "file": "FPright_0007.png"
	  },
	        {
        "file": "FPright_0008.png"
	  },
	        {
        "file": "FPright_0009.png"
	  },
	        {
        "file": "FPright_0010.png"
	  },
	        {
        "file": "FPright_0011.png"
	  },
	        {
        "file": "FPright_0012.png"
	  },
	        {
        "file": "FPright_0013.png"
	  },
	        {
        "file": "FPright_0014.png"
	  },
	        {
        "file": "FPright_0015.png"
	  }
	  ],
	  [
      {
        "file": "FPrb_0000.png"
	  },
	        {
        "file": "FPrb_0001.png"
	  },
	        {
        "file": "FPrb_0002.png"
	  },
	        {
        "file": "FPrb_0003.png"
	  },
	        {
        "file": "FPrb_0004.png"
	  },
	        {
        "file": "FPrb_0005.png"
	  },
	        {
        "file": "FPrb_0006.png"
	  },
	        {
        "file": "FPrb_0007.png"
	  },
	        {
        "file": "FPrb_0008.png"
	  },
	        {
        "file": "FPrb_0009.png"
	  },
	        {
        "file": "FPrb_0010.png"
	  },
	        {
        "file": "FPrb_0011.png"
	  },
	        {
        "file": "FPrb_0012.png"
	  },
	        {
        "file": "FPrb_0013.png"
	  },
	        {
        "file": "FPrb_0014.png"
	  },
	        {
        "file": "FPrb_0015.png"
	  }
      ],
	  [
      {
        "file": "FPback_0000.png"
	  },
	        {
        "file": "FPback_0001.png"
	  },
	        {
        "file": "FPback_0002.png"
	  },
	        {
        "file": "FPback_0003.png"
	  },
	        {
        "file": "FPback_0004.png"
	  },
	        {
        "file": "FPback_0005.png"
	  },
	        {
        "file": "FPback_0006.png"
	  },
	        {
        "file": "FPback_0007.png"
	  },
	        {
        "file": "FPback_0008.png"
	  },
	        {
        "file": "FPback_0009.png"
	  },
	        {
        "file": "FPback_0010.png"
	  },
	        {
        "file": "FPback_0011.png"
	  },
	        {
        "file": "FPback_0012.png"
	  },
	        {
        "file": "FPback_0013.png"
	  },
	        {
        "file": "FPback_0014.png"
	  },
	        {
        "file": "FPback_0015.png"
	  }
	  ]
  ],
  "td": [
    [
{
        "file": "TDfront_0000.png"
      },
     {
        "file": "TDfront_0001.png"
      },
	       {
        "file": "TDfront_0002.png"
      },
	       {
        "file": "TDfront_0003.png"
      },
	       {
        "file": "TDfront_0004.png"
      },
	       {
        "file": "TDfront_0005.png"
      },
	       {
        "file": "TDfront_0006.png"
      },
	       {
        "file": "TDfront_0007.png"
      },
	       {
        "file": "TDfront_0008.png"
      },
	       {
        "file": "TDfront_0009.png"
      },
	       {
        "file": "TDfront_0010.png"
      },
	       {
        "file": "TDfront_0011.png"
      },
	       {
        "file": "TDfront_0012.png"
      },
	       {
        "file": "TDfront_0013.png"
      },
	       {
        "file": "TDfront_0014.png"
      },
	       {
        "file": "TDfront_0015.png"
      }
	  ],
	  [
{
        "file": "TDrf_0000.png"
      },
      {
        "file": "TDrf_0001.png"
      },
	        {
        "file": "TDrf_0002.png"
      },
	        {
        "file": "TDrf_0003.png"
      },
	        {
        "file": "TDrf_0004.png"
      },
	        {
        "file": "TDrf_0005.png"
      },
	        {
        "file": "TDrf_0006.png"
      },
	        {
        "file": "TDrf_0007.png"
      },
	        {
        "file": "TDrf_0008.png"
      },
	        {
        "file": "TDrf_0009.png"
      },
	        {
        "file": "TDrf_0010.png"
      },
	        {
        "file": "TDrf_0011.png"
      },
	        {
        "file": "TDrf_0012.png"
      },
	        {
        "file": "TDrf_0013.png"
      },
	        {
        "file": "TDrf_0014.png"
      },
	        {
        "file": "TDrf_0015.png"
      }
	  ],
	  [
{
        "file": "TDright_0000.png"
	  },
      {
        "file": "TDright_0001.png"
	  },
	        {
        "file": "TDright_0002.png"
	  },
	        {
        "file": "TDright_0003.png"
	  },
	        {
        "file": "TDright_0004.png"
	  },
	        {
        "file": "TDright_0005.png"
	  },
	        {
        "file": "TDright_0006.png"
	  },
	        {
        "file": "TDright_0007.png"
	  },
	        {
        "file": "TDright_0008.png"
	  },
	        {
        "file": "TDright_0009.png"
	  },
	        {
        "file": "TDright_0010.png"
	  },
	        {
        "file": "TDright_0011.png"
	  },
	        {
        "file": "TDright_0012.png"
	  },
	        {
        "file": "TDright_0013.png"
	  },
	        {
        "file": "TDright_0014.png"
	  },
	        {
        "file": "TDright_0015.png"
	  }
	  ],
	  [
      {
        "file": "TDrb_0000.png"
	  },
	        {
        "file": "TDrb_0001.png"
	  },
	        {
        "file": "TDrb_0002.png"
	  },
	        {
        "file": "TDrb_0003.png"
	  },
	        {
        "file": "TDrb_0004.png"
	  },
	        {
        "file": "TDrb_0005.png"
	  },
	        {
        "file": "TDrb_0006.png"
	  },
	        {
        "file": "TDrb_0007.png"
	  },
	        {
        "file": "TDrb_0008.png"
	  },
	        {
        "file": "TDrb_0009.png"
	  },
	        {
        "file": "TDrb_0010.png"
	  },
	        {
        "file": "TDrb_0011.png"
	  },
	        {
        "file": "TDrb_0012.png"
	  },
	        {
        "file": "TDrb_0013.png"
	  },
	        {
        "file": "TDrb_0014.png"
	  },
	        {
        "file": "TDrb_0015.png"
	  }
      ],
	  [
    {
        "file": "TDback_0000.png"
	  },
      {
        "file": "TDback_0001.png"
	  },
	        {
        "file": "TDback_0002.png"
	  },
	        {
        "file": "TDback_0003.png"
	  },
	        {
        "file": "TDback_0004.png"
	  },
	        {
        "file": "TDback_0005.png"
	  },
	        {
        "file": "TDback_0006.png"
	  },
	        {
        "file": "TDback_0007.png"
	  },
	        {
        "file": "TDback_0008.png"
	  },
	        {
        "file": "TDback_0009.png"
	  },
	        {
        "file": "TDback_0010.png"
	  },
	        {
        "file": "TDback_0011.png"
	  },
	        {
        "file": "TDback_0012.png"
	  },
	        {
        "file": "TDback_0013.png"
	  },
	        {
        "file": "TDback_0014.png"
	  },
	        {
        "file": "TDback_0015.png"
	  }
	  ]
  ]
}
]
