[
	{
		"name": "CRYSTAL",
		"rotatable": false,
		"fp_offset_x": 33,
		"fp_offset_y": 80,
		"td_offset_x": 22,
		"td_offset_y": 72,
		"fp": [
			[
				{
					"file": "crystal_img/crystal_fp.png"
				}
			]
		],
		"td": [
			[
				{
					"file": "crystal_img/crystal_td.png"
				}
			]
		]
	}, 	{
		"name": "CRYSTALYELLOW",
		"rotatable": false,
		"fp_offset_x": 33,
		"fp_offset_y": 80,
		"td_offset_x": 22,
		"td_offset_y": 72,
		"fp": [
			[
				{
					"file": "crystal_img/crystal_yellow_fp.png"
				}
			]
		],
		"td": [
			[
				{
					"file": "crystal_img/crystal_yellow_td.png"
				}
			]
		]
	}, 	{
		"name": "CRYSTALWHITE",
		"rotatable": false,
		"fp_offset_x": 33,
		"fp_offset_y": 80,
		"td_offset_x": 22,
		"td_offset_y": 72,
		"fp": [
			[
				{
					"file": "crystal_img/crystal_white_fp.png"
				}
			]
		],
		"td": [
			[
				{
					"file": "crystal_img/crystal_white_td.png"
				}
			]
		]
	}, 	{
		"name": "CRYSTALBLACK",
		"rotatable": false,
		"fp_offset_x": 33,
		"fp_offset_y": 80,
		"td_offset_x": 22,
		"td_offset_y": 72,
		"fp": [
			[
				{
					"file": "crystal_img/crystal_black_fp.png"
				}
			]
		],
		"td": [
			[
				{
					"file": "crystal_img/crystal_black_td.png"
				}
			]
		]
	}, {
		"name": "CRYSTALPINK",
		"rotatable": false,
		"fp_offset_x": 33,
		"fp_offset_y": 80,
		"td_offset_x": 22,
		"td_offset_y": 72,
		"fp": [
			[
				{
					"file": "crystal_img/crystal_pink_fp.png"
				}
			]
		],
		"td": [
			[
				{
					"file": "crystal_img/crystal_pink_td.png"
				}
			]
		]
	}
]