[
	{
		"name": "UNDEAD_BEAST_WALK",
		"rotatable": true,
		"fp_offset_x": 10,
		"fp_offset_y": 35,
		"td_offset_x": 10,
		"td_offset_y": 45,
		"fp": [
			[
				{
					"file": "walk_fp/rotation01_frame01.png"
				},
				{
					"file": "walk_fp/rotation01_frame02.png"
				},
				{
					"file": "walk_fp/rotation01_frame03.png"
				},
				{
					"file": "walk_fp/rotation01_frame04.png"
				},
				{
					"file": "walk_fp/rotation01_frame05.png"
				},
				{
					"file": "walk_fp/rotation01_frame06.png"
				}
			],
			[
				{
					"file": "walk_fp/rotation02_frame01.png"
				},
				{
					"file": "walk_fp/rotation02_frame02.png"
				},
				{
					"file": "walk_fp/rotation02_frame03.png"
				},
				{
					"file": "walk_fp/rotation02_frame04.png"
				},
				{
					"file": "walk_fp/rotation02_frame05.png"
				},
				{
					"file": "walk_fp/rotation02_frame06.png"
				}
			],
			[
				{
					"file": "walk_fp/rotation03_frame01.png"
				},
				{
					"file": "walk_fp/rotation03_frame02.png"
				},
				{
					"file": "walk_fp/rotation03_frame03.png"
				},
				{
					"file": "walk_fp/rotation03_frame04.png"
				},
				{
					"file": "walk_fp/rotation03_frame05.png"
				},
				{
					"file": "walk_fp/rotation03_frame06.png"
				}
			],
			[
				{
					"file": "walk_fp/rotation04_frame01.png"
				},
				{
					"file": "walk_fp/rotation04_frame02.png"
				},
				{
					"file": "walk_fp/rotation04_frame03.png"
				},
				{
					"file": "walk_fp/rotation04_frame04.png"
				},
				{
					"file": "walk_fp/rotation04_frame05.png"
				},
				{
					"file": "walk_fp/rotation04_frame06.png"
				}
			],
			[
				{
					"file": "walk_fp/rotation05_frame01.png"
				},
				{
					"file": "walk_fp/rotation05_frame02.png"
				},
				{
					"file": "walk_fp/rotation05_frame03.png"
				},
				{
					"file": "walk_fp/rotation05_frame04.png"
				},
				{
					"file": "walk_fp/rotation05_frame05.png"
				},
				{
					"file": "walk_fp/rotation05_frame06.png"
				}
			]
		],
		"td": [
			[
				{
					"file": "walk_td/rotation01_frame01.png"
				},
				{
					"file": "walk_td/rotation01_frame02.png"
				},
				{
					"file": "walk_td/rotation01_frame03.png"
				},
				{
					"file": "walk_td/rotation01_frame04.png"
				},
				{
					"file": "walk_td/rotation01_frame05.png"
				},
				{
					"file": "walk_td/rotation01_frame06.png"
				}
			],
			[
				{
					"file": "walk_td/rotation02_frame01.png"
				},
				{
					"file": "walk_td/rotation02_frame02.png"
				},
				{
					"file": "walk_td/rotation02_frame03.png"
				},
				{
					"file": "walk_td/rotation02_frame04.png"
				},
				{
					"file": "walk_td/rotation02_frame05.png"
				},
				{
					"file": "walk_td/rotation02_frame06.png"
				}
			],
			[
				{
					"file": "walk_td/rotation03_frame01.png"
				},
				{
					"file": "walk_td/rotation03_frame02.png"
				},
				{
					"file": "walk_td/rotation03_frame03.png"
				},
				{
					"file": "walk_td/rotation03_frame04.png"
				},
				{
					"file": "walk_td/rotation03_frame05.png"
				},
				{
					"file": "walk_td/rotation03_frame06.png"
				}
			],
			[
				{
					"file": "walk_td/rotation04_frame01.png"
				},
				{
					"file": "walk_td/rotation04_frame02.png"
				},
				{
					"file": "walk_td/rotation04_frame03.png"
				},
				{
					"file": "walk_td/rotation04_frame04.png"
				},
				{
					"file": "walk_td/rotation04_frame05.png"
				},
				{
					"file": "walk_td/rotation04_frame06.png"
				}
			],
			[
				{
					"file": "walk_td/rotation05_frame01.png"
				},
				{
					"file": "walk_td/rotation05_frame02.png"
				},
				{
					"file": "walk_td/rotation05_frame03.png"
				},
				{
					"file": "walk_td/rotation05_frame04.png"
				},
				{
					"file": "walk_td/rotation05_frame05.png"
				},
				{
					"file": "walk_td/rotation05_frame06.png"
				}
			]
		]
	},
	{
		"name": "UNDEAD_BEAST_ROAR",
		"rotatable": true,
		"fp_offset_x": 17,
		"fp_offset_y": 35,
		"td_offset_x": 18,
		"td_offset_y": 41,
		"fp": [
			[
				{
					"file": "roar_fp/rotation01_frame01.png"
				},
				{
					"file": "roar_fp/rotation01_frame02.png"
				},
				{
					"file": "roar_fp/rotation01_frame03.png"
				},
				{
					"file": "roar_fp/rotation01_frame04.png"
				},
				{
					"file": "roar_fp/rotation01_frame05.png"
				},
				{
					"file": "roar_fp/rotation01_frame06.png"
				},
				{
					"file": "roar_fp/rotation01_frame07.png"
				},
				{
					"file": "roar_fp/rotation01_frame08.png"
				}
			],
			[
				{
					"file": "roar_fp/rotation02_frame01.png"
				},
				{
					"file": "roar_fp/rotation02_frame02.png"
				},
				{
					"file": "roar_fp/rotation02_frame03.png"
				},
				{
					"file": "roar_fp/rotation02_frame04.png"
				},
				{
					"file": "roar_fp/rotation02_frame05.png"
				},
				{
					"file": "roar_fp/rotation02_frame06.png"
				},
				{
					"file": "roar_fp/rotation02_frame07.png"
				},
				{
					"file": "roar_fp/rotation02_frame08.png"
				}
			],
			[
				{
					"file": "roar_fp/rotation03_frame01.png"
				},
				{
					"file": "roar_fp/rotation03_frame02.png"
				},
				{
					"file": "roar_fp/rotation03_frame03.png"
				},
				{
					"file": "roar_fp/rotation03_frame04.png"
				},
				{
					"file": "roar_fp/rotation03_frame05.png"
				},
				{
					"file": "roar_fp/rotation03_frame06.png"
				},
				{
					"file": "roar_fp/rotation03_frame07.png"
				},
				{
					"file": "roar_fp/rotation03_frame08.png"
				}
			],
			[
				{
					"file": "roar_fp/rotation04_frame01.png"
				},
				{
					"file": "roar_fp/rotation04_frame02.png"
				},
				{
					"file": "roar_fp/rotation04_frame03.png"
				},
				{
					"file": "roar_fp/rotation04_frame04.png"
				},
				{
					"file": "roar_fp/rotation04_frame05.png"
				},
				{
					"file": "roar_fp/rotation04_frame06.png"
				},
				{
					"file": "roar_fp/rotation04_frame07.png"
				},
				{
					"file": "roar_fp/rotation04_frame08.png"
				}
			],
			[
				{
					"file": "roar_fp/rotation05_frame01.png"
				},
				{
					"file": "roar_fp/rotation05_frame02.png"
				},
				{
					"file": "roar_fp/rotation05_frame03.png"
				},
				{
					"file": "roar_fp/rotation05_frame04.png"
				},
				{
					"file": "roar_fp/rotation05_frame05.png"
				},
				{
					"file": "roar_fp/rotation05_frame06.png"
				},
				{
					"file": "roar_fp/rotation05_frame07.png"
				},
				{
					"file": "roar_fp/rotation05_frame08.png"
				}
			]
		],
		"td": [
			[
				{
					"file": "roar_td/rotation01_frame01.png"
				},
				{
					"file": "roar_td/rotation01_frame02.png"
				},
				{
					"file": "roar_td/rotation01_frame03.png"
				},
				{
					"file": "roar_td/rotation01_frame04.png"
				},
				{
					"file": "roar_td/rotation01_frame05.png"
				},
				{
					"file": "roar_td/rotation01_frame06.png"
				},
				{
					"file": "roar_td/rotation01_frame07.png"
				},
				{
					"file": "roar_td/rotation01_frame08.png"
				}
			],
			[
				{
					"file": "roar_td/rotation02_frame01.png"
				},
				{
					"file": "roar_td/rotation02_frame02.png"
				},
				{
					"file": "roar_td/rotation02_frame03.png"
				},
				{
					"file": "roar_td/rotation02_frame04.png"
				},
				{
					"file": "roar_td/rotation02_frame05.png"
				},
				{
					"file": "roar_td/rotation02_frame06.png"
				},
				{
					"file": "roar_td/rotation02_frame07.png"
				},
				{
					"file": "roar_td/rotation02_frame08.png"
				}
			],
			[
				{
					"file": "roar_td/rotation03_frame01.png"
				},
				{
					"file": "roar_td/rotation03_frame02.png"
				},
				{
					"file": "roar_td/rotation03_frame03.png"
				},
				{
					"file": "roar_td/rotation03_frame04.png"
				},
				{
					"file": "roar_td/rotation03_frame05.png"
				},
				{
					"file": "roar_td/rotation03_frame06.png"
				},
				{
					"file": "roar_td/rotation03_frame07.png"
				},
				{
					"file": "roar_td/rotation03_frame08.png"
				}
			],
			[
				{
					"file": "roar_td/rotation04_frame01.png"
				},
				{
					"file": "roar_td/rotation04_frame02.png"
				},
				{
					"file": "roar_td/rotation04_frame03.png"
				},
				{
					"file": "roar_td/rotation04_frame04.png"
				},
				{
					"file": "roar_td/rotation04_frame05.png"
				},
				{
					"file": "roar_td/rotation04_frame06.png"
				},
				{
					"file": "roar_td/rotation04_frame07.png"
				},
				{
					"file": "roar_td/rotation04_frame08.png"
				}
			],
			[
				{
					"file": "roar_td/rotation05_frame01.png"
				},
				{
					"file": "roar_td/rotation05_frame02.png"
				},
				{
					"file": "roar_td/rotation05_frame03.png"
				},
				{
					"file": "roar_td/rotation05_frame04.png"
				},
				{
					"file": "roar_td/rotation05_frame05.png"
				},
				{
					"file": "roar_td/rotation05_frame06.png"
				},
				{
					"file": "roar_td/rotation05_frame07.png"
				},
				{
					"file": "roar_td/rotation05_frame08.png"
				}
			]
		]
	},
	{
		"name": "UNDEAD_BEAST_HIT",
		"rotatable": true,
		"fp_offset_x": 13,
		"fp_offset_y": 35,
		"td_offset_x": 13,
		"td_offset_y": 44,
		"fp": [
			[
				{
					"file": "hit_fp/rotation01_frame01.png"
				},
				{
					"file": "hit_fp/rotation01_frame02.png"
				}
			],
			[
				{
					"file": "hit_fp/rotation02_frame01.png"
				},
				{
					"file": "hit_fp/rotation02_frame02.png"
				}
			],
			[
				{
					"file": "hit_fp/rotation03_frame01.png"
				},
				{
					"file": "hit_fp/rotation03_frame02.png"
				}
			],
			[
				{
					"file": "hit_fp/rotation04_frame01.png"
				},
				{
					"file": "hit_fp/rotation04_frame02.png"
				}
			],
			[
				{
					"file": "hit_fp/rotation05_frame01.png"
				},
				{
					"file": "hit_fp/rotation05_frame02.png"
				}
			]
		],
		"td": [
			[
				{
					"file": "hit_td/rotation01_frame01.png"
				},
				{
					"file": "hit_td/rotation01_frame02.png"
				}
			],
			[
				{
					"file": "hit_td/rotation02_frame01.png"
				},
				{
					"file": "hit_td/rotation02_frame02.png"
				}
			],
			[
				{
					"file": "hit_td/rotation03_frame01.png"
				},
				{
					"file": "hit_td/rotation03_frame02.png"
				}
			],
			[
				{
					"file": "hit_td/rotation04_frame01.png"
				},
				{
					"file": "hit_td/rotation04_frame02.png"
				}
			],
			[
				{
					"file": "hit_td/rotation05_frame01.png"
				},
				{
					"file": "hit_td/rotation05_frame02.png"
				}
			]
		]
	},
	{
		"name": "UNDEAD_BEAST_IDLE",
		"rotatable": false,
		"fp_offset_x": 17,
		"fp_offset_y": 20,
		"td_offset_x": 17,
		"td_offset_y": 50,
		"fp": [
			[
				{
					"file": "idle_fp/rotation01_frame01.png"
				},
				{
					"file": "idle_fp/rotation01_frame02.png"
				},
				{
					"file": "idle_fp/rotation01_frame03.png"
				},
				{
					"file": "idle_fp/rotation01_frame04.png"
				},
				{
					"file": "idle_fp/rotation01_frame05.png"
				},
				{
					"file": "idle_fp/rotation01_frame06.png"
				},
				{
					"file": "idle_fp/rotation01_frame07.png"
				},
				{
					"file": "idle_fp/rotation01_frame08.png"
				}
			]
		],
		"td": [
			[
				{
					"file": "idle_td/rotation01_frame01.png"
				},
				{
					"file": "idle_td/rotation01_frame02.png"
				},
				{
					"file": "idle_td/rotation01_frame03.png"
				},
				{
					"file": "idle_td/rotation01_frame04.png"
				},
				{
					"file": "idle_td/rotation01_frame05.png"
				},
				{
					"file": "idle_td/rotation01_frame06.png"
				},
				{
					"file": "idle_td/rotation01_frame07.png"
				},
				{
					"file": "idle_td/rotation01_frame08.png"
				}
			]
		]
	},
	{
		"name": "UNDEAD_BEAST_SLEEP",
		"rotatable": false,
		"fp_offset_x": 17,
		"fp_offset_y": 20,
		"td_offset_x": 17,
		"td_offset_y": 20,
		"fp": [
			[
				{
					"file": "idle_fp/rotation01_frame01.png"
				},
				{
					"file": "idle_fp/rotation01_frame02.png"
				},
				{
					"file": "idle_fp/rotation01_frame03.png"
				},
				{
					"file": "idle_fp/rotation01_frame04.png"
				},
				{
					"file": "idle_fp/rotation01_frame05.png"
				},
				{
					"file": "idle_fp/rotation01_frame06.png"
				},
				{
					"file": "idle_fp/rotation01_frame07.png"
				},
				{
					"file": "idle_fp/rotation01_frame08.png"
				}
			]
		],
		"td": [
			[
				{
					"file": "idle_fp/rotation01_frame01.png"
				},
				{
					"file": "idle_fp/rotation01_frame02.png"
				},
				{
					"file": "idle_fp/rotation01_frame03.png"
				},
				{
					"file": "idle_fp/rotation01_frame04.png"
				},
				{
					"file": "idle_fp/rotation01_frame05.png"
				},
				{
					"file": "idle_fp/rotation01_frame06.png"
				},
				{
					"file": "idle_fp/rotation01_frame07.png"
				},
				{
					"file": "idle_fp/rotation01_frame08.png"
				}
			]
		]
	},
	{
		"name": "UNDEAD_BEAST_DEATH",
		"rotatable": false,
		"fp_offset_x": 9,
		"fp_offset_y": 33,
		"td_offset_x": 9,
		"td_offset_y": 48,
		"fp": [
			[
				{
					"file": "death_fp/rotation01_frame01.png"
				},
				{
					"file": "death_fp/rotation01_frame02.png"
				},
				{
					"file": "death_fp/rotation01_frame03.png"
				},
				{
					"file": "death_fp/rotation01_frame04.png"
				}
			]
		],
		"td": [
			[
				{
					"file": "death_td/rotation01_frame01.png"
				},
				{
					"file": "death_td/rotation01_frame02.png"
				},
				{
					"file": "death_td/rotation01_frame03.png"
				},
				{
					"file": "death_td/rotation01_frame04.png"
				}
			]
		]
	}
]