[
	{
		"name": "FIRE_GLOBE",
		"rotatable": false,
		"fp_offset_x": 115,
		"fp_offset_y": 190,
		"td_offset_x": 115,
		"td_offset_y": 190,
		"fp": [
			[
				{
					"file": "frame_01.png"
				},
				{
					"file": "frame_02.png"
				},
				{
					"file": "frame_03.png"
				},
				{
					"file": "frame_04.png"
				},
				{
					"file": "frame_05.png"
				},
				{
					"file": "frame_06.png"
				},
				{
					"file": "frame_07.png"
				},
				{
					"file": "frame_08.png"
				},
				{
					"file": "frame_09.png"
				},
				{
					"file": "frame_10.png"
				},
				{
					"file": "frame_11.png"
				},
				{
					"file": "frame_12.png"
				},
				{
					"file": "frame_13.png"
				},
				{
					"file": "frame_14.png"
				},
				{
					"file": "frame_15.png"
				},
				{
					"file": "frame_16.png"
				},
				{
					"file": "frame_17.png"
				},
				{
					"file": "frame_18.png"
				},
				{
					"file": "frame_19.png"
				},
				{
					"file": "frame_20.png"
				},
				{
					"file": "frame_21.png"
				},
				{
					"file": "frame_22.png"
				},
				{
					"file": "frame_23.png"
				},
				{
					"file": "frame_24.png"
				},
				{
					"file": "frame_25.png"
				},
				{
					"file": "frame_26.png"
				},
				{
					"file": "frame_27.png"
				},
				{
					"file": "frame_28.png"
				},
				{
					"file": "frame_29.png"
				},
				{
					"file": "frame_30.png"
				},
				{
					"file": "frame_31.png"
				}
			]
		],
		"td": [
			[
				{				
					"file": "frame_01.png"
				},
				{
					"file": "frame_02.png"
				},
				{
					"file": "frame_03.png"
				},
				{
					"file": "frame_04.png"
				},
				{
					"file": "frame_05.png"
				},
				{
					"file": "frame_06.png"
				},
				{
					"file": "frame_07.png"
				},
				{
					"file": "frame_08.png"
				},
				{
					"file": "frame_09.png"
				},
				{
					"file": "frame_10.png"
				},
				{
					"file": "frame_11.png"
				},
				{
					"file": "frame_12.png"
				},
				{
					"file": "frame_13.png"
				},
				{
					"file": "frame_14.png"
				},
				{
					"file": "frame_15.png"
				},
				{
					"file": "frame_16.png"
				},
				{
					"file": "frame_17.png"
				},
				{
					"file": "frame_18.png"
				},
				{
					"file": "frame_19.png"
				},
				{
					"file": "frame_20.png"
				},
				{
					"file": "frame_21.png"
				},
				{
					"file": "frame_22.png"
				},
				{
					"file": "frame_23.png"
				},
				{
					"file": "frame_24.png"
				},
				{
					"file": "frame_25.png"
				},
				{
					"file": "frame_26.png"
				},
				{
					"file": "frame_27.png"
				},
				{
					"file": "frame_28.png"
				},
				{
					"file": "frame_29.png"
				},
				{
					"file": "frame_30.png"
				},
				{
					"file": "frame_31.png"
				}
			]
		]
	}
]