[
	{
		"name": "SHE_ORC_TORTURE",
		"rotatable": false,
		"fp_offset_x": 117,
		"fp_offset_y": 120,
		"td_offset_x": 102,
		"td_offset_y": 97,
		"fp": [
			[
				{
					"file": "torture_fp/r1frame01.png"
				},
				{
					"file": "torture_fp/r1frame02.png"
				},
				{
					"file": "torture_fp/r1frame03.png"
				},
				{
					"file": "torture_fp/r1frame04.png"
				},
				{
					"file": "torture_fp/r1frame05.png"
				},
				{
					"file": "torture_fp/r1frame06.png"
				},
				{
					"file": "torture_fp/r1frame07.png"
				},
				{
					"file": "torture_fp/r1frame08.png"
				}
			]
		],
		"td": [
			[
				{
					"file": "torture_tp/r1frame01.png"
				},
				{
					"file": "torture_tp/r1frame02.png"
				},
				{
					"file": "torture_tp/r1frame03.png"
				},
				{
					"file": "torture_tp/r1frame04.png"
				},
				{
					"file": "torture_tp/r1frame05.png"
				},
				{
					"file": "torture_tp/r1frame06.png"
				},
				{
					"file": "torture_tp/r1frame07.png"
				},
				{
					"file": "torture_tp/r1frame08.png"
				}
			]
		]
	},
	{
		"name": "SHE_ORC_WALK",
		"rotatable": true,
		"fp_offset_x": 54,
		"fp_offset_y": 90,
		"td_offset_x": 52,
		"td_offset_y": 95,
		"fp": [
			[
				{
					"file": "walk_fp/r1frame01.png"
				},
				{
					"file": "walk_fp/r1frame02.png"
				},
				{
					"file": "walk_fp/r1frame03.png"
				},
				{
					"file": "walk_fp/r1frame04.png"
				},
				{
					"file": "walk_fp/r1frame05.png"
				},
				{
					"file": "walk_fp/r1frame06.png"
				},
				{
					"file": "walk_fp/r1frame07.png"
				},
				{
					"file": "walk_fp/r1frame08.png"
				},
				{
					"file": "walk_fp/r1frame09.png"
				},
				{
					"file": "walk_fp/r1frame10.png"
				},
				{
					"file": "walk_fp/r1frame11.png"
				},
				{
					"file": "walk_fp/r1frame12.png"
				},
				{
					"file": "walk_fp/r1frame13.png"
				}
			],
			[
				{
					"file": "walk_fp/r2frame01.png"
				},
				{
					"file": "walk_fp/r2frame02.png"
				},
				{
					"file": "walk_fp/r2frame03.png"
				},
				{
					"file": "walk_fp/r2frame04.png"
				},
				{
					"file": "walk_fp/r2frame05.png"
				},
				{
					"file": "walk_fp/r2frame06.png"
				},
				{
					"file": "walk_fp/r2frame07.png"
				},
				{
					"file": "walk_fp/r2frame08.png"
				},
				{
					"file": "walk_fp/r2frame09.png"
				},
				{
					"file": "walk_fp/r2frame10.png"
				},
				{
					"file": "walk_fp/r2frame11.png"
				},
				{
					"file": "walk_fp/r2frame12.png"
				},
				{
					"file": "walk_fp/r2frame13.png"
				}
			],
			[
				{
					"file": "walk_fp/r3frame01.png"
				},
				{
					"file": "walk_fp/r3frame02.png"
				},
				{
					"file": "walk_fp/r3frame03.png"
				},
				{
					"file": "walk_fp/r3frame04.png"
				},
				{
					"file": "walk_fp/r3frame05.png"
				},
				{
					"file": "walk_fp/r3frame06.png"
				},
				{
					"file": "walk_fp/r3frame07.png"
				},
				{
					"file": "walk_fp/r3frame08.png"
				},
				{
					"file": "walk_fp/r3frame09.png"
				},
				{
					"file": "walk_fp/r3frame10.png"
				},
				{
					"file": "walk_fp/r3frame11.png"
				},
				{
					"file": "walk_fp/r3frame12.png"
				},
				{
					"file": "walk_fp/r3frame13.png"
				}
			],
			[
				{
					"file": "walk_fp/r4frame01.png"
				},
				{
					"file": "walk_fp/r4frame02.png"
				},
				{
					"file": "walk_fp/r4frame03.png"
				},
				{
					"file": "walk_fp/r4frame04.png"
				},
				{
					"file": "walk_fp/r4frame05.png"
				},
				{
					"file": "walk_fp/r4frame06.png"
				},
				{
					"file": "walk_fp/r4frame07.png"
				},
				{
					"file": "walk_fp/r4frame08.png"
				},
				{
					"file": "walk_fp/r4frame09.png"
				},
				{
					"file": "walk_fp/r4frame10.png"
				},
				{
					"file": "walk_fp/r4frame11.png"
				},
				{
					"file": "walk_fp/r4frame12.png"
				},
				{
					"file": "walk_fp/r4frame13.png"
				}
			],
			[
				{
					"file": "walk_fp/r5frame01.png"
				},
				{
					"file": "walk_fp/r5frame02.png"
				},
				{
					"file": "walk_fp/r5frame03.png"
				},
				{
					"file": "walk_fp/r5frame04.png"
				},
				{
					"file": "walk_fp/r5frame05.png"
				},
				{
					"file": "walk_fp/r5frame06.png"
				},
				{
					"file": "walk_fp/r5frame07.png"
				},
				{
					"file": "walk_fp/r5frame08.png"
				},
				{
					"file": "walk_fp/r5frame09.png"
				},
				{
					"file": "walk_fp/r5frame10.png"
				},
				{
					"file": "walk_fp/r5frame11.png"
				},
				{
					"file": "walk_fp/r5frame12.png"
				},
				{
					"file": "walk_fp/r5frame13.png"
				}
			]
		],
		"td": [
			[
				{
					"file": "walk_tp/r1frame01.png"
				},
				{
					"file": "walk_tp/r1frame02.png"
				},
				{
					"file": "walk_tp/r1frame03.png"
				},
				{
					"file": "walk_tp/r1frame04.png"
				},
				{
					"file": "walk_tp/r1frame05.png"
				},
				{
					"file": "walk_tp/r1frame06.png"
				},
				{
					"file": "walk_tp/r1frame07.png"
				},
				{
					"file": "walk_tp/r1frame08.png"
				},
				{
					"file": "walk_tp/r1frame09.png"
				},
				{
					"file": "walk_tp/r1frame10.png"
				},
				{
					"file": "walk_tp/r1frame11.png"
				},
				{
					"file": "walk_tp/r1frame12.png"
				},
				{
					"file": "walk_tp/r1frame13.png"					
				}
			],
			[
				{
					"file": "walk_tp/r2frame01.png"
				},
				{
					"file": "walk_tp/r2frame02.png"
				},
				{
					"file": "walk_tp/r2frame03.png"
				},
				{
					"file": "walk_tp/r2frame04.png"
				},
				{
					"file": "walk_tp/r2frame05.png"
				},
				{
					"file": "walk_tp/r2frame06.png"
				},
				{
					"file": "walk_tp/r2frame07.png"
				},
				{
					"file": "walk_tp/r2frame08.png"
				},
				{
					"file": "walk_tp/r2frame09.png"
				},
				{
					"file": "walk_tp/r2frame10.png"
				},
				{
					"file": "walk_tp/r2frame11.png"
				},
				{
					"file": "walk_tp/r2frame12.png"
				},
				{
					"file": "walk_tp/r2frame13.png"							
				}
			],
			[
				{
					"file": "walk_tp/r3frame01.png"
				},
				{
					"file": "walk_tp/r3frame02.png"
				},
				{
					"file": "walk_tp/r3frame03.png"
				},
				{
					"file": "walk_tp/r3frame04.png"
				},
				{
					"file": "walk_tp/r3frame05.png"
				},
				{
					"file": "walk_tp/r3frame06.png"
				},
				{
					"file": "walk_tp/r3frame07.png"
				},
				{
					"file": "walk_tp/r3frame08.png"
				},
				{
					"file": "walk_tp/r3frame09.png"
				},
				{
					"file": "walk_tp/r3frame10.png"
				},
				{
					"file": "walk_tp/r3frame11.png"
				},
				{
					"file": "walk_tp/r3frame12.png"
				},
				{
					"file": "walk_tp/r3frame13.png"		
				}
			],
			[
				{
					"file": "walk_tp/r4frame01.png"
				},
				{
					"file": "walk_tp/r4frame02.png"
				},
				{
					"file": "walk_tp/r4frame03.png"
				},
				{
					"file": "walk_tp/r4frame04.png"
				},
				{
					"file": "walk_tp/r4frame05.png"
				},
				{
					"file": "walk_tp/r4frame06.png"
				},
				{
					"file": "walk_tp/r4frame07.png"
				},
				{
					"file": "walk_tp/r4frame08.png"
				},
				{
					"file": "walk_tp/r4frame09.png"
				},
				{
					"file": "walk_tp/r4frame10.png"
				},
				{
					"file": "walk_tp/r4frame11.png"
				},
				{
					"file": "walk_tp/r4frame12.png"
				},
				{
					"file": "walk_tp/r4frame13.png"							
				}
			],
			[
				{
					"file": "walk_tp/r5frame01.png"
				},
				{
					"file": "walk_tp/r5frame02.png"
				},
				{
					"file": "walk_tp/r5frame03.png"
				},
				{
					"file": "walk_tp/r5frame04.png"
				},
				{
					"file": "walk_tp/r5frame05.png"
				},
				{
					"file": "walk_tp/r5frame06.png"
				},
				{
					"file": "walk_tp/r5frame07.png"
				},
				{
					"file": "walk_tp/r5frame08.png"
				},
				{
					"file": "walk_tp/r5frame09.png"
				},
				{
					"file": "walk_tp/r5frame10.png"
				},
				{
					"file": "walk_tp/r5frame11.png"
				},
				{
					"file": "walk_tp/r5frame12.png"
				},
				{
					"file": "walk_tp/r5frame13.png"							
				}
			]
		]
	},
	{
		"name": "SHE_ORC_STAND",
		"rotatable": true,
		"fp_offset_x": 51,
		"fp_offset_y": 84,
		"td_offset_x": 47,
		"td_offset_y": 90,
		"fp": [
			[
				{
					"file": "stand_fp/r1frame01.png"
				}
			],
			[
				{
					"file": "stand_fp/r2frame01.png"
				}
			],
			[
				{
					"file": "stand_fp/r3frame01.png"
				}
			],
			[
				{
					"file": "stand_fp/r4frame01.png"
				}
			],
			[
				{
					"file": "stand_fp/r5frame01.png"
				}
			]
		],
		"td": [
			[
				{
					"file": "stand_tp/r1frame01.png"
				}
			],
			[
				{
					"file": "stand_tp/r2frame01.png"
				}
			],
			[
				{
					"file": "stand_tp/r3frame01.png"
				}
			],
			[
				{
					"file": "stand_tp/r4frame01.png"
				}
			],
			[
				{
					"file": "stand_tp/r5frame01.png"
				}
			]
		]
	},
	{
		"name": "SHE_ORC_ATTACK",
		"rotatable": true,
		"fp_offset_x": 51,
		"fp_offset_y": 90,
		"td_offset_x": 51,
		"td_offset_y": 77,
		"fp": [
			[
				{
					"file": "attack_fp/r1frame01.png"
				},
				{
					"file": "attack_fp/r1frame02.png"
				},
				{
					"file": "attack_fp/r1frame03.png"
				},
				{
					"file": "attack_fp/r1frame04.png"
				},
				{
					"file": "attack_fp/r1frame05.png"
				}
			],
			[
				{
					"file": "attack_fp/r2frame01.png"
				},
				{
					"file": "attack_fp/r2frame02.png"
				},
				{
					"file": "attack_fp/r2frame03.png"
				},
				{
					"file": "attack_fp/r2frame04.png"
				},
				{
					"file": "attack_fp/r2frame05.png"
				}
			],
			[
				{
					"file": "attack_fp/r3frame01.png"
				},
				{
					"file": "attack_fp/r3frame02.png"
				},
				{
					"file": "attack_fp/r3frame03.png"
				},
				{
					"file": "attack_fp/r3frame04.png"
				},
				{
					"file": "attack_fp/r3frame05.png"
				}
			],
			[
				{
					"file": "attack_fp/r4frame01.png"
				},
				{
					"file": "attack_fp/r4frame02.png"
				},
				{
					"file": "attack_fp/r4frame03.png"
				},
				{
					"file": "attack_fp/r4frame04.png"
				},
				{
					"file": "attack_fp/r4frame05.png"
				}
			],
			[
				{
					"file": "attack_fp/r5frame01.png"
				},
				{
					"file": "attack_fp/r5frame02.png"
				},
				{
					"file": "attack_fp/r5frame03.png"
				},
				{
					"file": "attack_fp/r5frame04.png"
				},
				{
					"file": "attack_fp/r5frame05.png"
				}
			]
		],
		"td": [
			[
				{
					"file": "attack_tp/r1frame01.png"
				},
				{
					"file": "attack_tp/r1frame02.png"
				},
				{
					"file": "attack_tp/r1frame03.png"
				},
				{
					"file": "attack_tp/r1frame04.png"
				},
				{
					"file": "attack_tp/r1frame05.png"
				}
			],
			[
				{
					"file": "attack_tp/r2frame01.png"
				},
				{
					"file": "attack_tp/r2frame02.png"
				},
				{
					"file": "attack_tp/r2frame03.png"
				},
				{
					"file": "attack_tp/r2frame04.png"
				},
				{
					"file": "attack_tp/r2frame05.png"
				}
			],
			[
				{
					"file": "attack_tp/r3frame01.png"
				},
				{
					"file": "attack_tp/r3frame02.png"
				},
				{
					"file": "attack_tp/r3frame03.png"
				},
				{
					"file": "attack_tp/r3frame04.png"
				},
				{
					"file": "attack_tp/r3frame05.png"
				}
			],
			[
				{
					"file": "attack_tp/r4frame01.png"
				},
				{
					"file": "attack_tp/r4frame02.png"
				},
				{
					"file": "attack_tp/r4frame03.png"
				},
				{
					"file": "attack_tp/r4frame04.png"
				},
				{
					"file": "attack_tp/r4frame05.png"
				}
			],
			[
				{
					"file": "attack_tp/r5frame01.png"
				},
				{
					"file": "attack_tp/r5frame02.png"
				},
				{
					"file": "attack_tp/r5frame03.png"
				},
				{
					"file": "attack_tp/r5frame04.png"
				},
				{
					"file": "attack_tp/r5frame05.png"
				}
			]
		]
	},
	{
		"name": "SHE_ORC_HIT",
		"rotatable": true,
		"fp_offset_x": 51,
		"fp_offset_y": 90,
		"td_offset_x": 54,
		"td_offset_y": 80,
		"fp": [
			[
				{
					"file": "hit_fp/r1frame01.png"
				}
			],
			[
				{
					"file": "hit_fp/r2frame01.png"
				}
			],
			[
				{
					"file": "hit_fp/r3frame01.png"
				}
			],
			[
				{
					"file": "hit_fp/r4frame01.png"
				}
			],
			[
				{
					"file": "hit_fp/r5frame01.png"
				}
			]
		],
		"td": [
			[
				{
					"file": "hit_tp/r1frame01.png"
				}
			],
			[
				{
					"file": "hit_tp/r2frame01.png"
				}
			],
			[
				{
					"file": "hit_tp/r3frame01.png"
				}
			],
			[
				{
					"file": "hit_tp/r4frame01.png"
				}
			],
			[
				{
					"file": "hit_tp/r5frame01.png"
				}
			]
		]
	},
	{
		"name": "SHE_ORC_COMPLAIN",
		"rotatable": false,
		"fp_offset_x": 32,
		"fp_offset_y": 48,
		"td_offset_x": 32,
		"td_offset_y": 42,
		"fp": [
			[
				{
					"file": "complain_fp/r1frame01.png"
				},
				{
					"file": "complain_fp/r1frame02.png"
				},
				{
					"file": "complain_fp/r1frame03.png"
				},
				{
					"file": "complain_fp/r1frame04.png"
				}
			]
		],
		"td": [
			[
				{
					"file": "complain_tp/r1frame01.png"
				},
				{
					"file": "complain_tp/r1frame02.png"
				},
				{
					"file": "complain_tp/r1frame03.png"
				},
				{
					"file": "complain_tp/r1frame04.png"
				}
			]
		]
	},
	{
		"name": "SHE_ORC_DYING",
		"rotatable": false,
		"fp_offset_x": 50,
		"fp_offset_y": 90,
		"td_offset_x": 45,
		"td_offset_y": 85,
		"fp": [
			[
				{
					"file": "dying_fp/r1frame01.png"
				},
				{
					"file": "dying_fp/r1frame02.png"
				}
			]
		],
		"td": [
			[
				{
					"file": "dying_tp/r1frame01.png"
				},
				{
					"file": "dying_tp/r1frame02.png"
				}
			]
		]
	},
	{
		"name": "SHE_ORC_PICKEDUP",
		"rotatable": false,
		"fp_offset_x": 51,
		"fp_offset_y": 90,
		"td_offset_x": 49,
		"td_offset_y": 79,
		"fp": [
			[
				{
					"file": "pickedup_fp/r1frame01.png"
				},
				{
					"file": "pickedup_fp/r1frame02.png"
				},
				{
					"file": "pickedup_fp/r1frame03.png"
				},
				{
					"file": "pickedup_fp/r1frame04.png"
				},
				{
					"file": "pickedup_fp/r1frame05.png"
				},
				{
					"file": "pickedup_fp/r1frame06.png"
				}
			]
		],
		"td": [
			[
				{
					"file": "pickedup_tp/r1frame01.png"
				},
				{
					"file": "pickedup_tp/r1frame02.png"
				},
				{
					"file": "pickedup_tp/r1frame03.png"
				},
				{
					"file": "pickedup_tp/r1frame04.png"
				},
				{
					"file": "pickedup_tp/r1frame05.png"
				},
				{
					"file": "pickedup_tp/r1frame06.png"
				}
			]
		]
	},
	{
		"name": "SHE_ORC_CELEBRATE",
		"rotatable": false,
		"fp_offset_x": 48,
		"fp_offset_y": 90,
		"td_offset_x": 53,
		"td_offset_y": 84,
		"fp": [
			[
				{
					"file": "celebrate_fp/r1frame01.png"
				},
				{
					"file": "celebrate_fp/r1frame02.png"
				},
				{
					"file": "celebrate_fp/r1frame03.png"
				},
				{
					"file": "celebrate_fp/r1frame04.png"
				}
			]
		],
		"td": [
			[
				{
					"file": "celebrate_tp/r1frame01.png"
				},
				{
					"file": "celebrate_tp/r1frame02.png"
				},
				{
					"file": "celebrate_tp/r1frame03.png"
				},
				{
					"file": "celebrate_tp/r1frame04.png"
				}
			]
		]
	},
	{
		"name": "SHE_ORC_LAIRSLEEP",
		"rotatable": false,
		"fp_offset_x": 56,
		"fp_offset_y": 75,
		"td_offset_x": 54,
		"td_offset_y": 55,
		"fp": [
			[
				{
					"file": "lairsleep_fp/r1frame01.png"
				},
				{
					"file": "lairsleep_fp/r1frame02.png"
				},
				{
					"file": "lairsleep_fp/r1frame03.png"
				},
				{
					"file": "lairsleep_fp/r1frame04.png"
				},
				{
					"file": "lairsleep_fp/r1frame05.png"
				},
				{
					"file": "lairsleep_fp/r1frame06.png"
				},
				{
					"file": "lairsleep_fp/r1frame07.png"
				},
				{
					"file": "lairsleep_fp/r1frame08.png"
				}
			]
		],
		"td": [
			[
				{
					"file": "lairsleep_tp/r1frame01.png"
				},
				{
					"file": "lairsleep_tp/r1frame02.png"
				},
				{
					"file": "lairsleep_tp/r1frame03.png"
				},
				{
					"file": "lairsleep_tp/r1frame04.png"
				},
				{
					"file": "lairsleep_tp/r1frame05.png"
				},
				{
					"file": "lairsleep_tp/r1frame06.png"
				},
				{
					"file": "lairsleep_tp/r1frame07.png"
				},
				{
					"file": "lairsleep_tp/r1frame08.png"
				}
			]
		]
	},
	{
		"name": "SHE_ORC_SLAPPED",
		"rotatable": true,
		"fp_offset_x": 51,
		"fp_offset_y": 90,
		"td_offset_x": 53,
		"td_offset_y": 75,
		"fp": [
			[
				{
					"file": "slapped_fp/r1frame01.png"
				}
			],
			[
				{
					"file": "slapped_fp/r2frame01.png"
				}
			],
			[
				{
					"file": "slapped_fp/r3frame01.png"
				}
			],
			[
				{
					"file": "slapped_fp/r4frame01.png"
				}
			],
			[
				{
					"file": "slapped_fp/r5frame01.png"
				}
			]
		],
		"td": [
			[
				{
					"file": "slapped_tp/r1frame01.png"
				}
			],
			[
				{
					"file": "slapped_tp/r2frame01.png"
				}
			],
			[
				{
					"file": "slapped_tp/r3frame01.png"
				}
			],
			[
				{
					"file": "slapped_tp/r4frame01.png"
				}
			],
			[
				{
					"file": "slapped_tp/r5frame01.png"
				}
			]
		]
	},
	{
		"name": "SHE_ORC_EATCHICKEN",
		"rotatable": false,
		"fp_offset_x": 49,
		"fp_offset_y": 90,
		"td_offset_x": 51,
		"td_offset_y": 95,
		"fp": [
			[
				{
					"file": "eatchicken_fp/r1frame01.png"
				},
				{
					"file": "eatchicken_fp/r1frame02.png"
				},
				{
					"file": "eatchicken_fp/r1frame03.png"
				},
				{
					"file": "eatchicken_fp/r1frame04.png"
				},
				{
					"file": "eatchicken_fp/r1frame05.png"
				},
				{
					"file": "eatchicken_fp/r1frame06.png"
				},
				{
					"file": "eatchicken_fp/r1frame07.png"
				},
				{
					"file": "eatchicken_fp/r1frame08.png"
				}
			]
		],
		"td": [
			[
				{
					"file": "eatchicken_tp/r1frame01.png"
				},
				{
					"file": "eatchicken_tp/r1frame02.png"
				},
				{
					"file": "eatchicken_tp/r1frame03.png"
				},
				{
					"file": "eatchicken_tp/r1frame04.png"
				},
				{
					"file": "eatchicken_tp/r1frame05.png"
				},
				{
					"file": "eatchicken_tp/r1frame06.png"
				},
				{
					"file": "eatchicken_tp/r1frame07.png"
				},
				{
					"file": "eatchicken_tp/r1frame08.png"
				}
			]
		]
	},
	{
		"name": "LAIR_SHE_ORC",
		"rotatable": false,
		"fp_offset_x": 48,
		"fp_offset_y": 32,
		"td_offset_x": 38,
		"td_offset_y": 32,
		"fp": [
			[
				{
					"file": "lair/lair_fp.png"
				}
			]
		],
		"td": [
			[
				{
					"file": "lair/lair_td.png"
				}
			]
		]
	}

]