[
{
  "name": "EYESLAB",
  "rotatable": false,
  "fp_offset_x": 60,
  "fp_offset_y": 95,
  "td_offset_x": 62,
  "td_offset_y": 100,
  "fp": [
    [
      {
"file": "ESTDfront2_0001.png"
      },
	       {
        "file": "ESTDfront2_0002.png"
      },
	       {
        "file": "ESTDfront2_0003.png"
      },
	       {
        "file": "ESTDfront2_0004.png"
      },
	       {
        "file": "ESTDfront2_0005.png"
      },
	       {
        "file": "ESTDfront2_0006.png"
      },
	       {
        "file": "ESTDfront2_0007.png"
      },
	       {
        "file": "ESTDfront2_0008.png"
      },
	       {
        "file": "ESTDfront2_0009.png"
      },
	       {
        "file": "ESTDfront2_0010.png"
      },
	       {
        "file": "ESTDfront2_0011.png"
      },
	       {
        "file": "ESTDfront2_0012.png"
      },
	       {
        "file": "ESTDfront2_0013.png"
      },
	       {
        "file": "ESTDfront2_0014.png"
      },
	       {
        "file": "ESTDfront2_0015.png"
	  }
	  ]
  ],
  "td": [
    [
     {
        "file": "ESTDfront_0001.png"
      },
	       {
        "file": "ESTDfront_0002.png"
      },
	       {
        "file": "ESTDfront_0003.png"
      },
	       {
        "file": "ESTDfront_0004.png"
      },
	       {
        "file": "ESTDfront_0005.png"
      },
	       {
        "file": "ESTDfront_0006.png"
      },
	       {
        "file": "ESTDfront_0007.png"
      },
	       {
        "file": "ESTDfront_0008.png"
      },
	       {
        "file": "ESTDfront_0009.png"
      },
	       {
        "file": "ESTDfront_0010.png"
      },
	       {
        "file": "ESTDfront_0011.png"
      },
	       {
        "file": "ESTDfront_0012.png"
      },
	       {
        "file": "ESTDfront_0013.png"
      },
	       {
        "file": "ESTDfront_0014.png"
      },
	       {
        "file": "ESTDfront_0015.png"
	  }
	  ]
  ]
}
]
