[
	{
		"name": "DARK_KNIGHT_TORTURE",
		"rotatable": false,
		"fp_offset_x": 76,
		"fp_offset_y": 109,
		"td_offset_x": 67,
		"td_offset_y": 95,
		"fp": [
			[
				{
					"file": "torture_fp/r1frame01.png"
				},
				{
					"file": "torture_fp/r1frame02.png"
				},
				{
					"file": "torture_fp/r1frame03.png"
				},
				{
					"file": "torture_fp/r1frame04.png"
				},
				{
					"file": "torture_fp/r1frame05.png"
				},
				{
					"file": "torture_fp/r1frame06.png"
				},
				{
					"file": "torture_fp/r1frame07.png"
				},
				{
					"file": "torture_fp/r1frame08.png"
				}
			]
		],
		"td": [
			[
				{
					"file": "torture_td/r1frame01.png"
				},
				{
					"file": "torture_td/r1frame02.png"
				},
				{
					"file": "torture_td/r1frame03.png"
				},
				{
					"file": "torture_td/r1frame04.png"
				},
				{
					"file": "torture_td/r1frame05.png"
				},
				{
					"file": "torture_td/r1frame06.png"
				},
				{
					"file": "torture_td/r1frame07.png"
				},
				{
					"file": "torture_td/r1frame08.png"
				}
			]
		]
	},
	{
		"name": "DARK_KNIGHT_AMBULATE",
		"rotatable": true,
		"fp_offset_x": 32,
		"fp_offset_y": 93,
		"td_offset_x": 24,
		"td_offset_y": 62,
		"fp": [
			[
				{
					"file": "ambulate_fp/r1frame01.png"
				},
				{
					"file": "ambulate_fp/r1frame02.png"
				},
				{
					"file": "ambulate_fp/r1frame03.png"
				},
				{
					"file": "ambulate_fp/r1frame04.png"
				},
				{
					"file": "ambulate_fp/r1frame05.png"
				},
				{
					"file": "ambulate_fp/r1frame06.png"
				}
			],
			[
				{
					"file": "ambulate_fp/r2frame01.png"
				},
				{
					"file": "ambulate_fp/r2frame02.png"
				},
				{
					"file": "ambulate_fp/r2frame03.png"
				},
				{
					"file": "ambulate_fp/r2frame04.png"
				},
				{
					"file": "ambulate_fp/r2frame05.png"
				},
				{
					"file": "ambulate_fp/r2frame06.png"
				}
			],
			[
				{
					"file": "ambulate_fp/r3frame01.png"
				},
				{
					"file": "ambulate_fp/r3frame02.png"
				},
				{
					"file": "ambulate_fp/r3frame03.png"
				},
				{
					"file": "ambulate_fp/r3frame04.png"
				},
				{
					"file": "ambulate_fp/r3frame05.png"
				},
				{
					"file": "ambulate_fp/r3frame06.png"
				}
			],
			[
				{
					"file": "ambulate_fp/r4frame01.png"
				},
				{
					"file": "ambulate_fp/r4frame02.png"
				},
				{
					"file": "ambulate_fp/r4frame03.png"
				},
				{
					"file": "ambulate_fp/r4frame04.png"
				},
				{
					"file": "ambulate_fp/r4frame05.png"
				},
				{
					"file": "ambulate_fp/r4frame06.png"
				}
			],
			[
				{
					"file": "ambulate_fp/r5frame01.png"
				},
				{
					"file": "ambulate_fp/r5frame02.png"
				},
				{
					"file": "ambulate_fp/r5frame03.png"
				},
				{
					"file": "ambulate_fp/r5frame04.png"
				},
				{
					"file": "ambulate_fp/r5frame05.png"
				},
				{
					"file": "ambulate_fp/r5frame06.png"
				}
			]
		],
		"td": [
			[
				{
					"file": "ambulate_td/r1frame01.png"
				},
				{
					"file": "ambulate_td/r1frame02.png"
				},
				{
					"file": "ambulate_td/r1frame03.png"
				},
				{
					"file": "ambulate_td/r1frame04.png"
				},
				{
					"file": "ambulate_td/r1frame05.png"
				},
				{
					"file": "ambulate_td/r1frame06.png"
				}
			],
			[
				{
					"file": "ambulate_td/r2frame01.png"
				},
				{
					"file": "ambulate_td/r2frame02.png"
				},
				{
					"file": "ambulate_td/r2frame03.png"
				},
				{
					"file": "ambulate_td/r2frame04.png"
				},
				{
					"file": "ambulate_td/r2frame05.png"
				},
				{
					"file": "ambulate_td/r2frame06.png"
				}
			],
			[
				{
					"file": "ambulate_td/r3frame01.png"
				},
				{
					"file": "ambulate_td/r3frame02.png"
				},
				{
					"file": "ambulate_td/r3frame03.png"
				},
				{
					"file": "ambulate_td/r3frame04.png"
				},
				{
					"file": "ambulate_td/r3frame05.png"
				},
				{
					"file": "ambulate_td/r3frame06.png"
				}
			],
			[
				{
					"file": "ambulate_td/r4frame01.png"
				},
				{
					"file": "ambulate_td/r4frame02.png"
				},
				{
					"file": "ambulate_td/r4frame03.png"
				},
				{
					"file": "ambulate_td/r4frame04.png"
				},
				{
					"file": "ambulate_td/r4frame05.png"
				},
				{
					"file": "ambulate_td/r4frame06.png"
				}
			],
			[
				{
					"file": "ambulate_td/r5frame01.png"
				},
				{
					"file": "ambulate_td/r5frame02.png"
				},
				{
					"file": "ambulate_td/r5frame03.png"
				},
				{
					"file": "ambulate_td/r5frame04.png"
				},
				{
					"file": "ambulate_td/r5frame05.png"
				},
				{
					"file": "ambulate_td/r5frame06.png"
				}
			]
		]
	},
	{
		"name": "DARK_KNIGHT_STAND",
		"rotatable": true,
		"fp_offset_x": 24,
		"fp_offset_y": 92,
		"td_offset_x": 20,
		"td_offset_y": 61,
		"fp": [
			[
				{
					"file": "stand_fp/r1frame01.png"
				}
			],
			[
				{
					"file": "stand_fp/r2frame01.png"
				}
			],
			[
				{
					"file": "stand_fp/r3frame01.png"
				}
			],
			[
				{
					"file": "stand_fp/r4frame01.png"
				}
			],
			[
				{
					"file": "stand_fp/r5frame01.png"
				}
			]
		],
		"td": [
					[
				{
					"file": "stand_td/r1frame01.png"
				}
			],
			[
				{
					"file": "stand_td/r2frame01.png"
				}
			],
			[
				{
					"file": "stand_td/r3frame01.png"
				}
			],
			[
				{
					"file": "stand_td/r4frame01.png"
				}
			],
			[
				{
					"file": "stand_td/r5frame01.png"
				}
			]
		]
	},
	{
		"name": "DARK_KNIGHT_ATTACK",
		"rotatable": true,
		"fp_offset_x": 83,
		"fp_offset_y": 106,
		"td_offset_x": 62,
		"td_offset_y": 77,
		"fp": [
			[
				{
					"file": "attack_fp/r1frame01.png"
				},
				{
					"file": "attack_fp/r1frame02.png"
				},
				{
					"file": "attack_fp/r1frame03.png"
				},
				{
					"file": "attack_fp/r1frame04.png"
				},
				{
					"file": "attack_fp/r1frame05.png"
				},
				{
					"file": "attack_fp/r1frame06.png"
				},
				{
					"file": "attack_fp/r1frame07.png"
				}
			],
			[
				{
					"file": "attack_fp/r2frame01.png"
				},
				{
					"file": "attack_fp/r2frame02.png"
				},
				{
					"file": "attack_fp/r2frame03.png"
				},
				{
					"file": "attack_fp/r2frame04.png"
				},
				{
					"file": "attack_fp/r2frame05.png"
				},
				{
					"file": "attack_fp/r2frame06.png"
				},
				{
					"file": "attack_fp/r2frame07.png"
				}
			],
			[
				{
					"file": "attack_fp/r3frame01.png"
				},
				{
					"file": "attack_fp/r3frame02.png"
				},
				{
					"file": "attack_fp/r3frame03.png"
				},
				{
					"file": "attack_fp/r3frame04.png"
				},
				{
					"file": "attack_fp/r3frame05.png"
				},
				{
					"file": "attack_fp/r3frame06.png"
				},
				{
					"file": "attack_fp/r3frame07.png"
				}
			],
			[
				{
					"file": "attack_fp/r4frame01.png"
				},
				{
					"file": "attack_fp/r4frame02.png"
				},
				{
					"file": "attack_fp/r4frame03.png"
				},
				{
					"file": "attack_fp/r4frame04.png"
				},
				{
					"file": "attack_fp/r4frame05.png"
				},
				{
					"file": "attack_fp/r4frame06.png"
				},
				{
					"file": "attack_fp/r4frame07.png"
				}
			],
			[
				{
					"file": "attack_fp/r5frame01.png"
				},
				{
					"file": "attack_fp/r5frame02.png"
				},
				{
					"file": "attack_fp/r5frame03.png"
				},
				{
					"file": "attack_fp/r5frame04.png"
				},
				{
					"file": "attack_fp/r5frame05.png"
				},
				{
					"file": "attack_fp/r5frame06.png"
				},
				{
					"file": "attack_fp/r5frame07.png"
				}
			]
		],
		"td": [
			[
				{
					"file": "attack_td/r1frame01.png"
				},
				{
					"file": "attack_td/r1frame02.png"
				},
				{
					"file": "attack_td/r1frame03.png"
				},
				{
					"file": "attack_td/r1frame04.png"
				},
				{
					"file": "attack_td/r1frame05.png"
				},
				{
					"file": "attack_td/r1frame06.png"
				},
				{
					"file": "attack_td/r1frame07.png"
				}
			],
			[
				{
					"file": "attack_td/r2frame01.png"
				},
				{
					"file": "attack_td/r2frame02.png"
				},
				{
					"file": "attack_td/r2frame03.png"
				},
				{
					"file": "attack_td/r2frame04.png"
				},
				{
					"file": "attack_td/r2frame05.png"
				},
				{
					"file": "attack_td/r2frame06.png"
				},
				{
					"file": "attack_td/r2frame07.png"
				}
			],
			[
				{
					"file": "attack_td/r3frame01.png"
				},
				{
					"file": "attack_td/r3frame02.png"
				},
				{
					"file": "attack_td/r3frame03.png"
				},
				{
					"file": "attack_td/r3frame04.png"
				},
				{
					"file": "attack_td/r3frame05.png"
				},
				{
					"file": "attack_td/r3frame06.png"
				},
				{
					"file": "attack_td/r3frame07.png"
				}
			],
			[
				{
					"file": "attack_td/r4frame01.png"
				},
				{
					"file": "attack_td/r4frame02.png"
				},
				{
					"file": "attack_td/r4frame03.png"
				},
				{
					"file": "attack_td/r4frame04.png"
				},
				{
					"file": "attack_td/r4frame05.png"
				},
				{
					"file": "attack_td/r4frame06.png"
				},
				{
					"file": "attack_td/r4frame07.png"
				}
			],
			[
				{
					"file": "attack_td/r5frame01.png"
				},
				{
					"file": "attack_td/r5frame02.png"
				},
				{
					"file": "attack_td/r5frame03.png"
				},
				{
					"file": "attack_td/r5frame04.png"
				},
				{
					"file": "attack_td/r5frame05.png"
				},
				{
					"file": "attack_td/r5frame06.png"
				},
				{
					"file": "attack_td/r5frame07.png"
				}
			]
		]
	},
	{
		"name": "DARK_KNIGHT_GOTHIT",
		"rotatable": true,
		"fp_offset_x": 33,
		"fp_offset_y": 90,
		"td_offset_x": 24,
		"td_offset_y": 59,
		"fp": [
			[
				{
					"file": "gothit_fp/r1frame01.png"
				}
			],
			[
				{
					"file": "gothit_fp/r2frame01.png"
				}
			],
			[
				{
					"file": "gothit_fp/r3frame01.png"
				}
			],
			[
				{
					"file": "gothit_fp/r4frame01.png"
				}
			],
			[
				{
					"file": "gothit_fp/r5frame01.png"
				}
			]
		],
		"td": [
			[
				{
					"file": "gothit_td/r1frame01.png"
				}
			],
			[
				{
					"file": "gothit_td/r2frame01.png"
				}
			],
			[
				{
					"file": "gothit_td/r3frame01.png"
				}
			],
			[
				{
					"file": "gothit_td/r4frame01.png"
				}
			],
			[
				{
					"file": "gothit_td/r5frame01.png"
				}
			]
		]
	},
	{
		"name": "DARK_KNIGHT_SCREAM",
		"rotatable": false,
		"fp_offset_x": 59,
		"fp_offset_y": 72,
		"td_offset_x": 43,
		"td_offset_y": 49,
		"fp": [
			[
				{
					"file": "scream_fp/r1frame01.png"
				},
				{
					"file": "scream_fp/r1frame02.png"
				},
				{
					"file": "scream_fp/r1frame03.png"
				},
				{
					"file": "scream_fp/r1frame04.png"
				},
				{
					"file": "scream_fp/r1frame05.png"
				},
				{
					"file": "scream_fp/r1frame06.png"
				},
				{
					"file": "scream_fp/r1frame07.png"
				},
				{
					"file": "scream_fp/r1frame08.png"
				},
				{
					"file": "scream_fp/r1frame09.png"
				},
				{
					"file": "scream_fp/r1frame10.png"
				},
				{
					"file": "scream_fp/r1frame11.png"
				},
				{
					"file": "scream_fp/r1frame12.png"
				},
				{
					"file": "scream_fp/r1frame13.png"
				},
				{
					"file": "scream_fp/r1frame14.png"
				},
				{
					"file": "scream_fp/r1frame15.png"
				},
				{
					"file": "scream_fp/r1frame16.png"
				},
				{
					"file": "scream_fp/r1frame17.png"
				},
				{
					"file": "scream_fp/r1frame18.png"
				},
				{
					"file": "scream_fp/r1frame19.png"
				},
				{
					"file": "scream_fp/r1frame20.png"
				},
				{
					"file": "scream_fp/r1frame21.png"
				},
				{
					"file": "scream_fp/r1frame22.png"
				},
				{
					"file": "scream_fp/r1frame23.png"
				},
				{
					"file": "scream_fp/r1frame24.png"
				}
			]
		],
		"td": [
			[
				{
					"file": "scream_td/r1frame01.png"
				},
				{
					"file": "scream_td/r1frame02.png"
				},
				{
					"file": "scream_td/r1frame03.png"
				},
				{
					"file": "scream_td/r1frame04.png"
				},
				{
					"file": "scream_td/r1frame05.png"
				},
				{
					"file": "scream_td/r1frame06.png"
				},
				{
					"file": "scream_td/r1frame07.png"
				},
				{
					"file": "scream_td/r1frame08.png"
				},
				{
					"file": "scream_td/r1frame09.png"
				},
				{
					"file": "scream_td/r1frame10.png"
				},
				{
					"file": "scream_td/r1frame11.png"
				},
				{
					"file": "scream_td/r1frame12.png"
				},
				{
					"file": "scream_td/r1frame13.png"
				},
				{
					"file": "scream_td/r1frame14.png"
				},
				{
					"file": "scream_td/r1frame15.png"
				},
				{
					"file": "scream_td/r1frame16.png"
				},
				{
					"file": "scream_td/r1frame17.png"
				},
				{
					"file": "scream_td/r1frame18.png"
				},
				{
					"file": "scream_td/r1frame19.png"
				},
				{
					"file": "scream_td/r1frame20.png"
				},
				{
					"file": "scream_td/r1frame21.png"
				},
				{
					"file": "scream_td/r1frame22.png"
				},
				{
					"file": "scream_td/r1frame23.png"
				},
				{
					"file": "scream_fp/r1frame24.png"
				}
			]
		]
	},
	{
		"name": "DARK_KNIGHT_DROPDEAD",
		"rotatable": false,
		"fp_offset_x": 61,
		"fp_offset_y": 68,
		"td_offset_x": 49,
		"td_offset_y": 51,
		"fp": [
			[
				{
					"file": "dropdead_fp/r1frame01.png"
				},
				{
					"file": "dropdead_fp/r1frame02.png"
				},
				{
					"file": "dropdead_fp/r1frame03.png"
				},
				{
					"file": "dropdead_fp/r1frame04.png"
				},
				{
					"file": "dropdead_fp/r1frame05.png"
				},
				{
					"file": "dropdead_fp/r1frame06.png"
				},
				{
					"file": "dropdead_fp/r1frame07.png"
				},
				{
					"file": "dropdead_fp/r1frame08.png"
				},
				{
					"file": "dropdead_fp/r1frame09.png"
				},
				{
					"file": "dropdead_fp/r1frame10.png"
				},
				{
					"file": "dropdead_fp/r1frame11.png"
				},
				{
					"file": "dropdead_fp/r1frame12.png"
				}
			]
		],
		"td": [
			[
				{
					"file": "dropdead_td/r1frame01.png"
				},
				{
					"file": "dropdead_td/r1frame02.png"
				},
				{
					"file": "dropdead_td/r1frame03.png"
				},
				{
					"file": "dropdead_td/r1frame04.png"
				},
				{
					"file": "dropdead_td/r1frame05.png"
				},
				{
					"file": "dropdead_td/r1frame06.png"
				},
				{
					"file": "dropdead_td/r1frame07.png"
				},
				{
					"file": "dropdead_td/r1frame08.png"
				},
				{
					"file": "dropdead_td/r1frame09.png"
				},
				{
					"file": "dropdead_td/r1frame10.png"
				},
				{
					"file": "dropdead_td/r1frame11.png"
				},
				{
					"file": "dropdead_td/r1frame12.png"
				}
			]
		]
	},
	{
		"name": "DARK_KNIGHT_POWERGRAB",
		"rotatable": false,
		"fp_offset_x": 74,
		"fp_offset_y": 54,
		"td_offset_x": 51,
		"td_offset_y": 37,
		"fp": [
			[
				{
					"file": "powergrab_fp/r1frame01.png"
				},
				{
					"file": "powergrab_fp/r1frame02.png"
				},
				{
					"file": "powergrab_fp/r1frame03.png"
				},
				{
					"file": "powergrab_fp/r1frame04.png"
				},
				{
					"file": "powergrab_fp/r1frame05.png"
				},
				{
					"file": "powergrab_fp/r1frame06.png"
				}
			]
		],
		"td": [
			[
				{
					"file": "powergrab_td/r1frame01.png"
				},
				{
					"file": "powergrab_td/r1frame02.png"
				},
				{
					"file": "powergrab_td/r1frame03.png"
				},
				{
					"file": "powergrab_td/r1frame04.png"
				},
				{
					"file": "powergrab_td/r1frame05.png"
				},
				{
					"file": "powergrab_td/r1frame06.png"
				}
			]
		]
	},
	{
		"name": "DARK_KNIGHT_CELEBRATE",
		"rotatable": false,
		"fp_offset_x": 39,
		"fp_offset_y": 91,
		"td_offset_x": 29,
		"td_offset_y": 59,
		"fp": [
			[
				{
					"file": "celebrate_fp/r1frame01.png"
				},
				{
					"file": "celebrate_fp/r1frame02.png"
				},
				{
					"file": "celebrate_fp/r1frame03.png"
				},
				{
					"file": "celebrate_fp/r1frame04.png"
				}
			]
		],
		"td": [
			[
				{
					"file": "celebrate_td/r1frame01.png"
				},
				{
					"file": "celebrate_td/r1frame02.png"
				},
				{
					"file": "celebrate_td/r1frame03.png"
				},
				{
					"file": "celebrate_td/r1frame04.png"
				}
			]
		]
	},
	{
		"name": "DARK_KNIGHT_SLEEP",
		"rotatable": false,
		"fp_offset_x": 20,
		"fp_offset_y": 69,
		"td_offset_x": 16,
		"td_offset_y": 48,
		"fp": [
			[
				{
					"file": "sleep_fp/r1frame01.png"
				},
				{
					"file": "sleep_fp/r1frame02.png"
				},
				{
					"file": "sleep_fp/r1frame03.png"
				},
				{
					"file": "sleep_fp/r1frame04.png"
				},
				{
					"file": "sleep_fp/r1frame05.png"
				},
				{
					"file": "sleep_fp/r1frame06.png"
				},
				{
					"file": "sleep_fp/r1frame07.png"
				},
				{
					"file": "sleep_fp/r1frame08.png"
				}
			]
		],
		"td": [
			[
				{
					"file": "sleep_td/r1frame01.png"
				},
				{
					"file": "sleep_td/r1frame02.png"
				},
				{
					"file": "sleep_td/r1frame03.png"
				},
				{
					"file": "sleep_td/r1frame04.png"
				},
				{
					"file": "sleep_td/r1frame05.png"
				},
				{
					"file": "sleep_td/r1frame06.png"
				},
				{
					"file": "sleep_td/r1frame07.png"
				},
				{
					"file": "sleep_td/r1frame08.png"
				}
			]
		]
	},
	{
		"name": "LAIR_DRK_KNGHT",
		"rotatable": false,
		"fp_offset_x": 46,
		"fp_offset_y": 103,
		"td_offset_x": 33,
		"td_offset_y": 83,
		"fp": [
			[
				{
					"file": "lair_fp/r1frame01.png"
				},
				{
					"file": "lair_fp/r1frame02.png"
				},
				{
					"file": "lair_fp/r1frame03.png"
				},
				{
					"file": "lair_fp/r1frame04.png"
				}
			]
		],
		"td": [
			[
				{
					"file": "lair_td/r1frame01.png"
				},
				{
					"file": "lair_td/r1frame02.png"
				},
				{
					"file": "lair_td/r1frame03.png"
				},
				{
					"file": "lair_td/r1frame04.png"
				}
			]
		]
	},
	{
		"name": "DARK_KNIGHT_GOTSLAPPED",
		"rotatable": true,
		"fp_offset_x": 49,
		"fp_offset_y": 52,
		"td_offset_x": 35,
		"td_offset_y": 42,
		"fp": [
			[
				{
					"file": "gotslapped_fp/r1frame01.png"
				}
			],
			[
				{
					"file": "gotslapped_fp/r2frame01.png"
				}
			],
			[
				{
					"file": "gotslapped_fp/r3frame01.png"
				}
			],
			[
				{
					"file": "gotslapped_fp/r4frame01.png"
				}
			],
			[
				{
					"file": "gotslapped_fp/r5frame01.png"
				}
			]
		],
		"td": [
			[
				{
					"file": "gotslapped_td/r1frame01.png"
				}
			],
			[
				{
					"file": "gotslapped_td/r2frame01.png"
				}
			],
			[
				{
					"file": "gotslapped_td/r3frame01.png"
				}
			],
			[
				{
					"file": "gotslapped_td/r4frame01.png"
				}
			],
			[
				{
					"file": "gotslapped_td/r5frame01.png"
				}
			]
		]
	},
	{
		"name": "DARK_KNIGHT_EATCHICKEN",
		"rotatable": false,
		"fp_offset_x": 51,
		"fp_offset_y": 97,
		"td_offset_x": 38,
		"td_offset_y": 60,
		"fp": [
			[
				{
					"file": "eatchicken_fp/r1frame01.png"
				},
				{
					"file": "eatchicken_fp/r1frame02.png"
				},
				{
					"file": "eatchicken_fp/r1frame03.png"
				},
				{
					"file": "eatchicken_fp/r1frame04.png"
				},
				{
					"file": "eatchicken_fp/r1frame05.png"
				},
				{
					"file": "eatchicken_fp/r1frame06.png"
				},
				{
					"file": "eatchicken_fp/r1frame07.png"
				},
				{
					"file": "eatchicken_fp/r1frame08.png"
				}
			]
		],
		"td": [
			[
				{
					"file": "eatchicken_td/r1frame01.png"
				},
				{
					"file": "eatchicken_td/r1frame02.png"
				},
				{
					"file": "eatchicken_td/r1frame03.png"
				},
				{
					"file": "eatchicken_td/r1frame04.png"
				},
				{
					"file": "eatchicken_td/r1frame05.png"
				},
				{
					"file": "eatchicken_td/r1frame06.png"
				},
				{
					"file": "eatchicken_td/r1frame07.png"
				},
				{
					"file": "eatchicken_td/r1frame08.png"
				}
			]
		]
	}

]