[
	{
		"name": "ZOMBIE_WALK",
		"rotatable": true,
		"fp_offset_x": 16,
		"fp_offset_y": 63,
		"td_offset_x": 16,
		"td_offset_y": 63,
		"fp": [
			[
				{
					"file": "walk_fp/rotation01_frame01.png"
				},
				{
					"file": "walk_fp/rotation01_frame02.png"
				},
				{
					"file": "walk_fp/rotation01_frame03.png"
				},
				{
					"file": "walk_fp/rotation01_frame04.png"
				},
				{
					"file": "walk_fp/rotation01_frame05.png"
				},
				{
					"file": "walk_fp/rotation01_frame06.png"
				}
			],
			[
				{
					"file": "walk_fp/rotation02_frame01.png"
				},
				{
					"file": "walk_fp/rotation02_frame02.png"
				},
				{
					"file": "walk_fp/rotation02_frame03.png"
				},
				{
					"file": "walk_fp/rotation02_frame04.png"
				},
				{
					"file": "walk_fp/rotation02_frame05.png"
				},
				{
					"file": "walk_fp/rotation02_frame06.png"
				}
			],
			[
				{
					"file": "walk_fp/rotation03_frame01.png"
				},
				{
					"file": "walk_fp/rotation03_frame02.png"
				},
				{
					"file": "walk_fp/rotation03_frame03.png"
				},
				{
					"file": "walk_fp/rotation03_frame04.png"
				},
				{
					"file": "walk_fp/rotation03_frame05.png"
				},
				{
					"file": "walk_fp/rotation03_frame06.png"
				}
			],
			[
				{
					"file": "walk_fp/rotation04_frame01.png"
				},
				{
					"file": "walk_fp/rotation04_frame02.png"
				},
				{
					"file": "walk_fp/rotation04_frame03.png"
				},
				{
					"file": "walk_fp/rotation04_frame04.png"
				},
				{
					"file": "walk_fp/rotation04_frame05.png"
				},
				{
					"file": "walk_fp/rotation04_frame06.png"
				}
			],
			[
				{
					"file": "walk_fp/rotation05_frame01.png"
				},
				{
					"file": "walk_fp/rotation05_frame02.png"
				},
				{
					"file": "walk_fp/rotation05_frame03.png"
				},
				{
					"file": "walk_fp/rotation05_frame04.png"
				},
				{
					"file": "walk_fp/rotation05_frame05.png"
				},
				{
					"file": "walk_fp/rotation05_frame06.png"
				}
			]
		],
		"td": [
			[
				{
					"file": "walk_td/rotation01_frame01.png"
				},
				{
					"file": "walk_td/rotation01_frame02.png"
				},
				{
					"file": "walk_td/rotation01_frame03.png"
				},
				{
					"file": "walk_td/rotation01_frame04.png"
				},
				{
					"file": "walk_td/rotation01_frame05.png"
				},
				{
					"file": "walk_td/rotation01_frame06.png"
				}
			],
			[
				{
					"file": "walk_td/rotation02_frame01.png"
				},
				{
					"file": "walk_td/rotation02_frame02.png"
				},
				{
					"file": "walk_td/rotation02_frame03.png"
				},
				{
					"file": "walk_td/rotation02_frame04.png"
				},
				{
					"file": "walk_td/rotation02_frame05.png"
				},
				{
					"file": "walk_td/rotation02_frame06.png"
				}
			],
			[
				{
					"file": "walk_td/rotation03_frame01.png"
				},
				{
					"file": "walk_td/rotation03_frame02.png"
				},
				{
					"file": "walk_td/rotation03_frame03.png"
				},
				{
					"file": "walk_td/rotation03_frame04.png"
				},
				{
					"file": "walk_td/rotation03_frame05.png"
				},
				{
					"file": "walk_td/rotation03_frame06.png"
				}
			],
			[
				{
					"file": "walk_td/rotation04_frame01.png"
				},
				{
					"file": "walk_td/rotation04_frame02.png"
				},
				{
					"file": "walk_td/rotation04_frame03.png"
				},
				{
					"file": "walk_td/rotation04_frame04.png"
				},
				{
					"file": "walk_td/rotation04_frame05.png"
				},
				{
					"file": "walk_td/rotation04_frame06.png"
				}
			],
			[
				{
					"file": "walk_td/rotation05_frame01.png"
				},
				{
					"file": "walk_td/rotation05_frame02.png"
				},
				{
					"file": "walk_td/rotation05_frame03.png"
				},
				{
					"file": "walk_td/rotation05_frame04.png"
				},
				{
					"file": "walk_td/rotation05_frame05.png"
				},
				{
					"file": "walk_td/rotation05_frame06.png"
				}
			]
		]
	},
	{
		"name": "ZOMBIE_ATTACK",
		"rotatable": true,
		"fp_offset_x": 16,
		"fp_offset_y": 63,
		"td_offset_x": 16,
		"td_offset_y": 63,
		"fp": [
			[
				{
					"file": "attack_fp/rotation01_frame01.png"
				},
				{
					"file": "attack_fp/rotation01_frame02.png"
				},
				{
					"file": "attack_fp/rotation01_frame03.png"
				},
				{
					"file": "attack_fp/rotation01_frame04.png"
				},
				{
					"file": "attack_fp/rotation01_frame05.png"
				},
				{
					"file": "attack_fp/rotation01_frame06.png"
				},
				{
					"file": "attack_fp/rotation01_frame07.png"
				},
				{
					"file": "attack_fp/rotation01_frame08.png"
				}
			],
			[
				{
					"file": "attack_fp/rotation02_frame01.png"
				},
				{
					"file": "attack_fp/rotation02_frame02.png"
				},
				{
					"file": "attack_fp/rotation02_frame03.png"
				},
				{
					"file": "attack_fp/rotation02_frame04.png"
				},
				{
					"file": "attack_fp/rotation02_frame05.png"
				},
				{
					"file": "attack_fp/rotation02_frame06.png"
				},
				{
					"file": "attack_fp/rotation02_frame07.png"
				},
				{
					"file": "attack_fp/rotation02_frame08.png"
				}
			],
			[
				{
					"file": "attack_fp/rotation03_frame01.png"
				},
				{
					"file": "attack_fp/rotation03_frame02.png"
				},
				{
					"file": "attack_fp/rotation03_frame03.png"
				},
				{
					"file": "attack_fp/rotation03_frame04.png"
				},
				{
					"file": "attack_fp/rotation03_frame05.png"
				},
				{
					"file": "attack_fp/rotation03_frame06.png"
				},
				{
					"file": "attack_fp/rotation03_frame07.png"
				},
				{
					"file": "attack_fp/rotation03_frame08.png"
				}
			],
			[
				{
					"file": "attack_fp/rotation04_frame01.png"
				},
				{
					"file": "attack_fp/rotation04_frame02.png"
				},
				{
					"file": "attack_fp/rotation04_frame03.png"
				},
				{
					"file": "attack_fp/rotation04_frame04.png"
				},
				{
					"file": "attack_fp/rotation04_frame05.png"
				},
				{
					"file": "attack_fp/rotation04_frame06.png"
				},
				{
					"file": "attack_fp/rotation04_frame07.png"
				},
				{
					"file": "attack_fp/rotation04_frame08.png"
				}
			],
			[
				{
					"file": "attack_fp/rotation05_frame01.png"
				},
				{
					"file": "attack_fp/rotation05_frame02.png"
				},
				{
					"file": "attack_fp/rotation05_frame03.png"
				},
				{
					"file": "attack_fp/rotation05_frame04.png"
				},
				{
					"file": "attack_fp/rotation05_frame05.png"
				},
				{
					"file": "attack_fp/rotation05_frame06.png"
				},
				{
					"file": "attack_fp/rotation05_frame07.png"
				},
				{
					"file": "attack_fp/rotation05_frame08.png"
				}
			]
		],
		"td": [
			[
				{
					"file": "attack_td/rotation01_frame01.png"
				},
				{
					"file": "attack_td/rotation01_frame02.png"
				},
				{
					"file": "attack_td/rotation01_frame03.png"
				},
				{
					"file": "attack_td/rotation01_frame04.png"
				},
				{
					"file": "attack_td/rotation01_frame05.png"
				},
				{
					"file": "attack_td/rotation01_frame06.png"
				},
				{
					"file": "attack_td/rotation01_frame07.png"
				},
				{
					"file": "attack_td/rotation01_frame08.png"
				}
			],
			[
				{
					"file": "attack_td/rotation02_frame01.png"
				},
				{
					"file": "attack_td/rotation02_frame02.png"
				},
				{
					"file": "attack_td/rotation02_frame03.png"
				},
				{
					"file": "attack_td/rotation02_frame04.png"
				},
				{
					"file": "attack_td/rotation02_frame05.png"
				},
				{
					"file": "attack_td/rotation02_frame06.png"
				},
				{
					"file": "attack_td/rotation02_frame07.png"
				},
				{
					"file": "attack_td/rotation02_frame08.png"
				}
			],
			[
				{
					"file": "attack_td/rotation03_frame01.png"
				},
				{
					"file": "attack_td/rotation03_frame02.png"
				},
				{
					"file": "attack_td/rotation03_frame03.png"
				},
				{
					"file": "attack_td/rotation03_frame04.png"
				},
				{
					"file": "attack_td/rotation03_frame05.png"
				},
				{
					"file": "attack_td/rotation03_frame06.png"
				},
				{
					"file": "attack_td/rotation03_frame07.png"
				},
				{
					"file": "attack_td/rotation03_frame08.png"
				}
			],
			[
				{
					"file": "attack_td/rotation04_frame01.png"
				},
				{
					"file": "attack_td/rotation04_frame02.png"
				},
				{
					"file": "attack_td/rotation04_frame03.png"
				},
				{
					"file": "attack_td/rotation04_frame04.png"
				},
				{
					"file": "attack_td/rotation04_frame05.png"
				},
				{
					"file": "attack_td/rotation04_frame06.png"
				},
				{
					"file": "attack_td/rotation04_frame07.png"
				},
				{
					"file": "attack_td/rotation04_frame08.png"
				}
			],
			[
				{
					"file": "attack_td/rotation05_frame01.png"
				},
				{
					"file": "attack_td/rotation05_frame02.png"
				},
				{
					"file": "attack_td/rotation05_frame03.png"
				},
				{
					"file": "attack_td/rotation05_frame04.png"
				},
				{
					"file": "attack_td/rotation05_frame05.png"
				},
				{
					"file": "attack_td/rotation05_frame06.png"
				},
				{
					"file": "attack_td/rotation05_frame07.png"
				},
				{
					"file": "attack_td/rotation05_frame08.png"
				}
			]
		]
	},
	{
		"name": "ZOMBIE_HIT",
		"rotatable": true,
		"fp_offset_x": 16,
		"fp_offset_y": 63,
		"td_offset_x": 16,
		"td_offset_y": 63,
		"fp": [
			[
				{
					"file": "hit_fp/rotation01_frame01.png"
				},
				{
					"file": "hit_fp/rotation01_frame02.png"
				}
			],
			[
				{
					"file": "hit_fp/rotation02_frame01.png"
				},
				{
					"file": "hit_fp/rotation02_frame02.png"
				}
			],
			[
				{
					"file": "hit_fp/rotation03_frame01.png"
				},
				{
					"file": "hit_fp/rotation03_frame02.png"
				}
			],
			[
				{
					"file": "hit_fp/rotation04_frame01.png"
				},
				{
					"file": "hit_fp/rotation04_frame02.png"
				}
			],
			[
				{
					"file": "hit_fp/rotation05_frame01.png"
				},
				{
					"file": "hit_fp/rotation05_frame02.png"
				}
			]
		],
		"td": [
			[
				{
					"file": "hit_td/rotation01_frame01.png"
				},
				{
					"file": "hit_td/rotation01_frame02.png"
				}
			],
			[
				{
					"file": "hit_td/rotation02_frame01.png"
				},
				{
					"file": "hit_td/rotation02_frame02.png"
				}
			],
			[
				{
					"file": "hit_td/rotation03_frame01.png"
				},
				{
					"file": "hit_td/rotation03_frame02.png"
				}
			],
			[
				{
					"file": "hit_td/rotation04_frame01.png"
				},
				{
					"file": "hit_td/rotation04_frame02.png"
				}
			],
			[
				{
					"file": "hit_td/rotation05_frame01.png"
				},
				{
					"file": "hit_td/rotation05_frame02.png"
				}
			]
		]
	},
	{
		"name": "ZOMBIE_IDLE",
		"rotatable": false,
		"fp_offset_x": 16,
		"fp_offset_y": 63,
		"td_offset_x": 16,
		"td_offset_y": 63,
		"fp": [
			[
				{
					"file": "idle_fp/rotation01_frame01.png"
				},
				{
					"file": "idle_fp/rotation01_frame02.png"
				},
				{
					"file": "idle_fp/rotation01_frame03.png"
				},
				{
					"file": "idle_fp/rotation01_frame04.png"
				},
				{
					"file": "idle_fp/rotation01_frame05.png"
				},
				{
					"file": "idle_fp/rotation01_frame06.png"
				}
			]
		],
		"td": [
			[
				{
					"file": "idle_td/rotation01_frame01.png"
				},
				{
					"file": "idle_td/rotation01_frame02.png"
				},
				{
					"file": "idle_td/rotation01_frame03.png"
				},
				{
					"file": "idle_td/rotation01_frame04.png"
				},
				{
					"file": "idle_td/rotation01_frame05.png"
				},
				{
					"file": "idle_td/rotation01_frame06.png"
				}
			]
		]
	},
	{
		"name": "ZOMBIE_CELEBRATE",
		"rotatable": false,
		"fp_offset_x": 16,
		"fp_offset_y": 63,
		"td_offset_x": 16,
		"td_offset_y": 63,
		"fp": [
			[
				{
					"file": "celebrate_fp/rotation01_frame01.png"
				},
				{
					"file": "celebrate_fp/rotation01_frame02.png"
				},
				{
					"file": "celebrate_fp/rotation01_frame03.png"
				},
				{
					"file": "celebrate_fp/rotation01_frame04.png"
				}
			]
		],
		"td": [
			[
				{
					"file": "celebrate_td/rotation01_frame01.png"
				},
				{
					"file": "celebrate_td/rotation01_frame02.png"
				},
				{
					"file": "celebrate_td/rotation01_frame03.png"
				},
				{
					"file": "celebrate_td/rotation01_frame04.png"
				}
			]
		]
	},
	{
		"name": "ZOMBIE_SLEEP",
		"rotatable": false,
		"fp_offset_x": 16,
		"fp_offset_y": 63,
		"td_offset_x": 16,
		"td_offset_y": 63,
		"fp": [
			[
				{
					"file": "sleep_fp/rotation01_frame01.png"
				},
				{
					"file": "sleep_fp/rotation01_frame02.png"
				}
			]
		],
		"td": [
			[
				{
					"file": "sleep_td/rotation01_frame01.png"
				},
				{
					"file": "sleep_td/rotation01_frame02.png"
				}
			]
		]
	},
	{
		"name": "ZOMBIE_DEATH",
		"rotatable": false,
		"fp_offset_x": 16,
		"fp_offset_y": 63,
		"td_offset_x": 16,
		"td_offset_y": 63,
		"fp": [
			[
				{
					"file": "death_fp/rotation01_frame01.png"
				},
				{
					"file": "death_fp/rotation01_frame02.png"
				},
				{
					"file": "death_fp/rotation01_frame03.png"
				},
				{
					"file": "death_fp/rotation01_frame04.png"
				}
			]
		],
		"td": [
			[
				{
					"file": "death_td/rotation01_frame01.png"
				},
				{
					"file": "death_td/rotation01_frame02.png"
				},
				{
					"file": "death_td/rotation01_frame03.png"
				},
				{
					"file": "death_td/rotation01_frame04.png"
				}
			]
		]
	}
]