[
{
"name": "lightningball_shoot",
"rotatable": false,
"fp_offset_x": 33,
"fp_offset_y": 53,
"td_offset_x": 33,
"td_offset_y": 53,
"fp": [
[
{
                    "file": "lightningball_shoot_sprite1.png"
                },
{
                    "file": "lightningball_shoot_sprite2.png"
                },
{
                    "file": "lightningball_shoot_sprite3.png"
                },
{
                    "file": "lightningball_shoot_sprite4.png"
                },
{
                    "file": "lightningball_shoot_sprite5.png"
                },
{
                    "file": "lightningball_shoot_sprite6.png"
                },
{
                    "file": "lightningball_shoot_sprite7.png"
                },
{
                    "file": "lightningball_shoot_sprite8.png"
                },
{
                    "file": "lightningball_shoot_sprite9.png"
                },
{
                    "file": "lightningball_shoot_sprite10.png"
                },
{
                    "file": "lightningball_shoot_sprite11.png"
                },
{
                    "file": "lightningball_shoot_sprite12.png"
                },
{
                    "file": "lightningball_shoot_sprite13.png"
                },
{
                    "file": "lightningball_shoot_sprite14.png"
                },
{
                    "file": "lightningball_shoot_sprite15.png"
                },
{
                    "file": "lightningball_shoot_sprite16.png"
                },
{
                    "file": "lightningball_shoot_sprite17.png"
                },
{
                    "file": "lightningball_shoot_sprite18.png"
                },
{
                    "file": "lightningball_shoot_sprite19.png"
                },
{
                    "file": "lightningball_shoot_sprite20.png"
                }
            ]
        ],
        "td": [
[
{
                    "file": "lightningball_shoot_sprite1.png"
                },
{
                    "file": "lightningball_shoot_sprite2.png"
                },
{
                    "file": "lightningball_shoot_sprite3.png"
                },
{
                    "file": "lightningball_shoot_sprite4.png"
                },
{
                    "file": "lightningball_shoot_sprite5.png"
                },
{
                    "file": "lightningball_shoot_sprite6.png"
                },
{
                    "file": "lightningball_shoot_sprite7.png"
                },
{
                    "file": "lightningball_shoot_sprite8.png"
                },
{
                    "file": "lightningball_shoot_sprite9.png"
                },
{
                    "file": "lightningball_shoot_sprite10.png"
                },
{
                    "file": "lightningball_shoot_sprite11.png"
                },
{
                    "file": "lightningball_shoot_sprite12.png"
                },
{
                    "file": "lightningball_shoot_sprite13.png"
                },
{
                    "file": "lightningball_shoot_sprite14.png"
                },
{
                    "file": "lightningball_shoot_sprite15.png"
                },
{
                    "file": "lightningball_shoot_sprite16.png"
                },
{
                    "file": "lightningball_shoot_sprite17.png"
                },
{
                    "file": "lightningball_shoot_sprite18.png"
                },
{
                    "file": "lightningball_shoot_sprite19.png"
                },
{
                    "file": "lightningball_shoot_sprite20.png"
                }
            ]
        ]
    }
]
