[
	{
		"name": "FERN_SMALL",
		"rotatable": false,
		"fp_offset_x": 16,
		"fp_offset_y": 26,
		"td_offset_x": 15,
		"td_offset_y": 19,
		"fp": [
			[
				{
					"file": "ferns/fernfp32.png"
				}
			]
		],
		"td": [
			[
				{
					"file": "ferns/ferntd32.png"
				}
			]
		]
	},
	{
		"name": "FERN_SMALL_BROWN",
		"rotatable": false,
		"fp_offset_x": 16,
		"fp_offset_y": 26,
		"td_offset_x": 15,
		"td_offset_y": 19,
		"fp": [
			[
				{
					"file": "ferns/fernfp32desat.png"
				}
			]
		],
		"td": [
			[
				{
					"file": "ferns/ferntd32desat.png"
				}
			]
		]
	},
	{
		"name": "FERN",
		"rotatable": false,
		"fp_offset_x": 32,
		"fp_offset_y": 52,
		"td_offset_x": 30,
		"td_offset_y": 38,
		"fp": [
			[
				{
					"file": "ferns/fernfp64.png"
				}
			]
		],
		"td": [
			[
				{
					"file": "ferns/ferntd64.png"
				}
			]
		]
	},
	{
		"name": "FERN_BROWN",
		"rotatable": false,
		"fp_offset_x": 32,
		"fp_offset_y": 52,
		"td_offset_x": 30,
		"td_offset_y": 38,
		"fp": [
			[
				{
					"file": "ferns/fernfp64desat.png"
				}
			]
		],
		"td": [
			[
				{
					"file": "ferns/ferntd64desat.png"
				}
			]
		]
	},
	{
		"name": "MUSHROOM_RED_LUM",
		"rotatable": false,
		"fp_offset_x": 40,
		"fp_offset_y": 55,
		"td_offset_x": 35,
		"td_offset_y": 45,
		"fp": [
			[
				{
					"file": "mushrooms/MushroomredlumFr.png"
				}
			]
		],
		"td": [
			[
				{
					"file": "mushrooms/MushroomredlumTD.png"
				}
			]
		]
	},
	{
		"name": "MUSHROOM_YELLOW_LUM",
		"rotatable": false,
		"fp_offset_x": 40,
		"fp_offset_y": 55,
		"td_offset_x": 35,
		"td_offset_y": 45,
		"fp": [
			[
				{
					"file": "mushrooms/MushroomyellowlumFr.png"
				}
			]
		],
		"td": [
			[
				{
					"file": "mushrooms/MushroomyellowlumTD.png"
				}
			]
		]
	},
	{
		"name": "MUSHROOM_GREEN_LUM",
		"rotatable": false,
		"fp_offset_x": 40,
		"fp_offset_y": 55,
		"td_offset_x": 35,
		"td_offset_y": 45,
		"fp": [
			[
				{
					"file": "mushrooms/MushroomgreenlumFr.png"
				}
			]
		],
		"td": [
			[
				{
					"file": "mushrooms/MushroomgreenlumTD.png"
				}
			]
		]
	},
	{
		"name": "ROCK_PILLAR",
		"rotatable": false,
		"fp_offset_x": 30,
		"fp_offset_y": 120,
		"td_offset_x": 20,
		"td_offset_y": 63,
		"fp": [
			[
				{
					"file": "pillarrock/rockpillarfp.png"
				}
			]
		],
		"td": [
			[
				{
					"file": "pillarrock/rockpillartd.png"
				}
			]
		]
	},
	{
		"name": "LAVA_PILLAR",
		"rotatable": false,
		"fp_offset_x": 30,
		"fp_offset_y": 120,
		"td_offset_x": 20,
		"td_offset_y": 63,
		"fp": [
			[
				{
					"file": "pillarlava/lavapillarfp.png"
				}
			]
		],
		"td": [
			[
				{
					"file": "pillarlava/lavapillartd.png"
				}
			]
		]
	},
	{
		"name": "ICE_PILLAR",
		"rotatable": false,
		"fp_offset_x": 27,
		"fp_offset_y": 108,
		"td_offset_x": 19,
		"td_offset_y": 60,
		"fp": [
			[
				{
					"file": "pillarice/icepillarfp.png"
				}
			]
		],
		"td": [
			[
				{
					"file": "pillarice/icepillartd.png"
				}
			]
		]
	},
	{
		"name": "ROCK_PILLAR_SMALL",
		"rotatable": false,
		"fp_offset_x": 30,
		"fp_offset_y": 70,
		"td_offset_x": 20,
		"td_offset_y": 48,
		"fp": [
			[
				{
					"file": "pillarrock/rockfp.png"
				}
			]
		],
		"td": [
			[
				{
					"file": "pillarrock/rocktd.png"
				}
			]
		]
	},
	{
		"name": "LAVA_PILLAR_SMALL",
		"rotatable": false,
		"fp_offset_x": 30,
		"fp_offset_y": 70,
		"td_offset_x": 20,
		"td_offset_y": 48,
		"fp": [
			[
				{
					"file": "pillarlava/lavarockfp.png"
				}
			]
		],
		"td": [
			[
				{
					"file": "pillarlava/lavarocktd.png"
				}
			]
		]
	},
	{
		"name": "ICE_PILLAR_SMALL",
		"rotatable": false,
		"fp_offset_x": 27,
		"fp_offset_y": 54,
		"td_offset_x": 19,
		"td_offset_y": 40,
		"fp": [
			[
				{
					"file": "pillarice/icerockfp.png"
				}
			]
		],
		"td": [
			[
				{
					"file": "pillarice/icerocktd.png"
				}
			]
		]
	},
	{
		"name": "JUNGLE_CATTAILS",
		"rotatable": false,
		"fp_offset_x": 15,
		"fp_offset_y": 53,
		"td_offset_x": 15,
		"td_offset_y": 41,
		"fp": [
			[
				{
					"file": "waterplants/cattailsfp.png"
				}
			]
		],
		"td": [
			[
				{
					"file": "waterplants/cattailstd.png"
				}
			]
		]
	},
	{
		"name": "JUNGLE_LILYPAD",
		"rotatable": false,
		"fp_offset_x": 27,
		"fp_offset_y": 9,
		"td_offset_x": 24,
		"td_offset_y": 25,
		"fp": [
			[
				{
					"file": "waterplants/lilypadfp.png"
				}
			]
		],
		"td": [
			[
				{
					"file": "waterplants/lilypadtd.png"
				}
			]
		]
	}
]