[
{
  "name": "Bonepile",
  "rotatable": false,
  "fp_offset_x": 60,
  "fp_offset_y": 125,
  "td_offset_x": 65,
  "td_offset_y": 100,
  "fp": [
    [
      {
		"file": "BonepileTrap/FPfront.png"
      }
	  ]
  ],
  "td": [
    [
     {
        	"file": "BonepileTrap/TDfront.png"
      }
	  ]
  ]
},

{
"name": "lballtrap",
"rotatable": false,
"fp_offset_x": 63,
"fp_offset_y": 137,
"td_offset_x": 60,
"td_offset_y": 136,
"fp": [
[
{
                    "file": "LightnigBallTrap/lballtrapfp1.png"
                },
{
                    "file": "LightnigBallTrap/lballtrapfp2.png"
                },
{
                    "file": "LightnigBallTrap/lballtrapfp3.png"
                },
{
                    "file": "LightnigBallTrap/lballtrapfp4.png"
                },
{
                    "file": "LightnigBallTrap/lballtrapfp5.png"
                },
{
                    "file": "LightnigBallTrap/lballtrapfp6.png"
                },
{
                    "file": "LightnigBallTrap/lballtrapfp7.png"
                },
{
                    "file": "LightnigBallTrap/lballtrapfp8.png"
                },
{
                    "file": "LightnigBallTrap/lballtrapfp9.png"
                },
{
                    "file": "LightnigBallTrap/lballtrapfp10.png"
                },
{
                    "file": "LightnigBallTrap/lballtrapfp11.png"
                },
{
                    "file": "LightnigBallTrap/lballtrapfp12.png"
                },
{
                    "file": "LightnigBallTrap/lballtrapfp13.png"
                },
{
                    "file": "LightnigBallTrap/lballtrapfp14.png"
                },
{
                    "file": "LightnigBallTrap/lballtrapfp15.png"
                },
{
                    "file": "LightnigBallTrap/lballtrapfp16.png"
                },
{
                    "file": "LightnigBallTrap/lballtrapfp17.png"
                },
{
                    "file": "LightnigBallTrap/lballtrapfp18.png"
                },
{
                    "file": "LightnigBallTrap/lballtrapfp19.png"
                },
{
                    "file": "LightnigBallTrap/lballtrapfp20.png"
                },
{
                    "file": "LightnigBallTrap/lballtrapfp21.png"
                },
{
                    "file": "LightnigBallTrap/lballtrapfp22.png"
                },
{
                    "file": "LightnigBallTrap/lballtrapfp23.png"
                },
{
                    "file": "LightnigBallTrap/lballtrapfp24.png"
                },
{
                    "file": "LightnigBallTrap/lballtrapfp25.png"
                },
{
                    "file": "LightnigBallTrap/lballtrapfp26.png"
                },
{
                    "file": "LightnigBallTrap/lballtrapfp27.png"
                },
{
                    "file": "LightnigBallTrap/lballtrapfp28.png"
                },
{
                    "file": "LightnigBallTrap/lballtrapfp29.png"
                },
{
                    "file": "LightnigBallTrap/lballtrapfp30.png"
                },
{
                    "file": "LightnigBallTrap/lballtrapfp31.png"
                },
{
                    "file": "LightnigBallTrap/lballtrapfp32.png"
                },
{
                    "file": "LightnigBallTrap/lballtrapfp33.png"
                },
{
                    "file": "LightnigBallTrap/lballtrapfp34.png"
                },
{
                    "file": "LightnigBallTrap/lballtrapfp35.png"
                },
{
                    "file": "LightnigBallTrap/lballtrapfp36.png"
                },
{
                    "file": "LightnigBallTrap/lballtrapfp37.png"
                },
{
                    "file": "LightnigBallTrap/lballtrapfp38.png"
                },
{
                    "file": "LightnigBallTrap/lballtrapfp39.png"
                },
{
                    "file": "LightnigBallTrap/lballtrapfp40.png"
                },
{
                    "file": "LightnigBallTrap/lballtrapfp41.png"
                },
{
                    "file": "LightnigBallTrap/lballtrapfp42.png"
                },
{
                    "file": "LightnigBallTrap/lballtrapfp43.png"
                },
{
                    "file": "LightnigBallTrap/lballtrapfp44.png"
                },
{
                    "file": "LightnigBallTrap/lballtrapfp45.png"
                },
{
                    "file": "LightnigBallTrap/lballtrapfp46.png"
                },
{
                    "file": "LightnigBallTrap/lballtrapfp47.png"
                },
{
                    "file": "LightnigBallTrap/lballtrapfp48.png"
                },
{
                    "file": "LightnigBallTrap/lballtrapfp49.png"
                },
{
                    "file": "LightnigBallTrap/lballtrapfp50.png"
                },
{
                    "file": "LightnigBallTrap/lballtrapfp51.png"
                },
{
                    "file": "LightnigBallTrap/lballtrapfp52.png"
                },
{
                    "file": "LightnigBallTrap/lballtrapfp53.png"
                },
{
                    "file": "LightnigBallTrap/lballtrapfp54.png"
                },
{
                    "file": "LightnigBallTrap/lballtrapfp55.png"
                },
{
                    "file": "LightnigBallTrap/lballtrapfp56.png"
                },
{
                    "file": "LightnigBallTrap/lballtrapfp57.png"
                },
{
                    "file": "LightnigBallTrap/lballtrapfp58.png"
                },
{
                    "file": "LightnigBallTrap/lballtrapfp59.png"
                },
{
                    "file": "LightnigBallTrap/lballtrapfp60.png"
                },
{
                    "file": "LightnigBallTrap/lballtrapfp61.png"
                },
{
                    "file": "LightnigBallTrap/lballtrapfp62.png"
                },
{
                    "file": "LightnigBallTrap/lballtrapfp63.png"
                },
{
                    "file": "LightnigBallTrap/lballtrapfp64.png"
                },
{
                    "file": "LightnigBallTrap/lballtrapfp65.png"
                },
{
                    "file": "LightnigBallTrap/lballtrapfp66.png"
                },
{
                    "file": "LightnigBallTrap/lballtrapfp67.png"
                },
{
                    "file": "LightnigBallTrap/lballtrapfp68.png"
                },
{
                    "file": "LightnigBallTrap/lballtrapfp69.png"
                },
{
                    "file": "LightnigBallTrap/lballtrapfp70.png"
                },
{
                    "file": "LightnigBallTrap/lballtrapfp71.png"
                },
{
                    "file": "LightnigBallTrap/lballtrapfp72.png"
                },
{
                    "file": "LightnigBallTrap/lballtrapfp73.png"
                },
{
                    "file": "LightnigBallTrap/lballtrapfp74.png"
                },
{
                    "file": "LightnigBallTrap/lballtrapfp75.png"
                },
{
                    "file": "LightnigBallTrap/lballtrapfp76.png"
                },
{
                    "file": "LightnigBallTrap/lballtrapfp77.png"
                },
{
                    "file": "LightnigBallTrap/lballtrapfp78.png"
                },
{
                    "file": "LightnigBallTrap/lballtrapfp79.png"
                },
{
                    "file": "LightnigBallTrap/lballtrapfp80.png"
                },
{
                    "file": "LightnigBallTrap/lballtrapfp81.png"
                },
{
                    "file": "LightnigBallTrap/lballtrapfp82.png"
                },
{
                    "file": "LightnigBallTrap/lballtrapfp83.png"
                },
{
                    "file": "LightnigBallTrap/lballtrapfp84.png"
                },
{
                    "file": "LightnigBallTrap/lballtrapfp85.png"
                },
{
                    "file": "LightnigBallTrap/lballtrapfp86.png"
                },
{
                    "file": "LightnigBallTrap/lballtrapfp87.png"
                },
{
                    "file": "LightnigBallTrap/lballtrapfp88.png"
                },
{
                    "file": "LightnigBallTrap/lballtrapfp89.png"
                },
{
                    "file": "LightnigBallTrap/lballtrapfp90.png"
                },
{
                    "file": "LightnigBallTrap/lballtrapfp91.png"
                },
{
                    "file": "LightnigBallTrap/lballtrapfp92.png"
                },
{
                    "file": "LightnigBallTrap/lballtrapfp93.png"
                },
{
                    "file": "LightnigBallTrap/lballtrapfp94.png"
                },
{
                    "file": "LightnigBallTrap/lballtrapfp95.png"
                },
{
                    "file": "LightnigBallTrap/lballtrapfp96.png"
                },
{
                    "file": "LightnigBallTrap/lballtrapfp97.png"
                },
{
                    "file": "LightnigBallTrap/lballtrapfp98.png"
                },
{
                    "file": "LightnigBallTrap/lballtrapfp99.png"
                },
{
                    "file": "LightnigBallTrap/lballtrapfp100.png"
                },
{
                    "file": "LightnigBallTrap/lballtrapfp101.png"
                },
{
                    "file": "LightnigBallTrap/lballtrapfp102.png"
                },
{
                    "file": "LightnigBallTrap/lballtrapfp103.png"
                },
{
                    "file": "LightnigBallTrap/lballtrapfp104.png"
                },
{
                    "file": "LightnigBallTrap/lballtrapfp105.png"
                },
{
                    "file": "LightnigBallTrap/lballtrapfp106.png"
                },
{
                    "file": "LightnigBallTrap/lballtrapfp107.png"
                },
{
                    "file": "LightnigBallTrap/lballtrapfp108.png"
                },
{
                    "file": "LightnigBallTrap/lballtrapfp109.png"
                },
{
                    "file": "LightnigBallTrap/lballtrapfp110.png"
                },
{
                    "file": "LightnigBallTrap/lballtrapfp111.png"
                },
{
                    "file": "LightnigBallTrap/lballtrapfp112.png"
                },
{
                    "file": "LightnigBallTrap/lballtrapfp113.png"
                },
{
                    "file": "LightnigBallTrap/lballtrapfp114.png"
                },
{
                    "file": "LightnigBallTrap/lballtrapfp115.png"
                },
{
                    "file": "LightnigBallTrap/lballtrapfp116.png"
                },
{
                    "file": "LightnigBallTrap/lballtrapfp117.png"
                },
{
                    "file": "LightnigBallTrap/lballtrapfp118.png"
                },
{
                    "file": "LightnigBallTrap/lballtrapfp119.png"
                },
{
                    "file": "LightnigBallTrap/lballtrapfp120.png"
                }
            ]
        ],
        "td": [
[
{
                    "file": "LightnigBallTrap/lballtraptd1.png"
                },
{
                    "file": "LightnigBallTrap/lballtraptd2.png"
                },
{
                    "file": "LightnigBallTrap/lballtraptd3.png"
                },
{
                    "file": "LightnigBallTrap/lballtraptd4.png"
                },
{
                    "file": "LightnigBallTrap/lballtraptd5.png"
                },
{
                    "file": "LightnigBallTrap/lballtraptd6.png"
                },
{
                    "file": "LightnigBallTrap/lballtraptd7.png"
                },
{
                    "file": "LightnigBallTrap/lballtraptd8.png"
                },
{
                    "file": "LightnigBallTrap/lballtraptd9.png"
                },
{
                    "file": "LightnigBallTrap/lballtraptd10.png"
                },
{
                    "file": "LightnigBallTrap/lballtraptd11.png"
                },
{
                    "file": "LightnigBallTrap/lballtraptd12.png"
                },
{
                    "file": "LightnigBallTrap/lballtraptd13.png"
                },
{
                    "file": "LightnigBallTrap/lballtraptd14.png"
                },
{
                    "file": "LightnigBallTrap/lballtraptd15.png"
                },
{
                    "file": "LightnigBallTrap/lballtraptd16.png"
                },
{
                    "file": "LightnigBallTrap/lballtraptd17.png"
                },
{
                    "file": "LightnigBallTrap/lballtraptd18.png"
                },
{
                    "file": "LightnigBallTrap/lballtraptd19.png"
                },
{
                    "file": "LightnigBallTrap/lballtraptd20.png"
                },
{
                    "file": "LightnigBallTrap/lballtraptd21.png"
                },
{
                    "file": "LightnigBallTrap/lballtraptd22.png"
                },
{
                    "file": "LightnigBallTrap/lballtraptd23.png"
                },
{
                    "file": "LightnigBallTrap/lballtraptd24.png"
                },
{
                    "file": "LightnigBallTrap/lballtraptd25.png"
                },
{
                    "file": "LightnigBallTrap/lballtraptd26.png"
                },
{
                    "file": "LightnigBallTrap/lballtraptd27.png"
                },
{
                    "file": "LightnigBallTrap/lballtraptd28.png"
                },
{
                    "file": "LightnigBallTrap/lballtraptd29.png"
                },
{
                    "file": "LightnigBallTrap/lballtraptd30.png"
                },
{
                    "file": "LightnigBallTrap/lballtraptd31.png"
                },
{
                    "file": "LightnigBallTrap/lballtraptd32.png"
                },
{
                    "file": "LightnigBallTrap/lballtraptd33.png"
                },
{
                    "file": "LightnigBallTrap/lballtraptd34.png"
                },
{
                    "file": "LightnigBallTrap/lballtraptd35.png"
                },
{
                    "file": "LightnigBallTrap/lballtraptd36.png"
                },
{
                    "file": "LightnigBallTrap/lballtraptd37.png"
                },
{
                    "file": "LightnigBallTrap/lballtraptd38.png"
                },
{
                    "file": "LightnigBallTrap/lballtraptd39.png"
                },
{
                    "file": "LightnigBallTrap/lballtraptd40.png"
                },
{
                    "file": "LightnigBallTrap/lballtraptd41.png"
                },
{
                    "file": "LightnigBallTrap/lballtraptd42.png"
                },
{
                    "file": "LightnigBallTrap/lballtraptd43.png"
                },
{
                    "file": "LightnigBallTrap/lballtraptd44.png"
                },
{
                    "file": "LightnigBallTrap/lballtraptd45.png"
                },
{
                    "file": "LightnigBallTrap/lballtraptd46.png"
                },
{
                    "file": "LightnigBallTrap/lballtraptd47.png"
                },
{
                    "file": "LightnigBallTrap/lballtraptd48.png"
                },
{
                    "file": "LightnigBallTrap/lballtraptd49.png"
                },
{
                    "file": "LightnigBallTrap/lballtraptd50.png"
                },
{
                    "file": "LightnigBallTrap/lballtraptd51.png"
                },
{
                    "file": "LightnigBallTrap/lballtraptd52.png"
                },
{
                    "file": "LightnigBallTrap/lballtraptd53.png"
                },
{
                    "file": "LightnigBallTrap/lballtraptd54.png"
                },
{
                    "file": "LightnigBallTrap/lballtraptd55.png"
                },
{
                    "file": "LightnigBallTrap/lballtraptd56.png"
                },
{
                    "file": "LightnigBallTrap/lballtraptd57.png"
                },
{
                    "file": "LightnigBallTrap/lballtraptd58.png"
                },
{
                    "file": "LightnigBallTrap/lballtraptd59.png"
                },
{
                    "file": "LightnigBallTrap/lballtraptd60.png"
                },
{
                    "file": "LightnigBallTrap/lballtraptd61.png"
                },
{
                    "file": "LightnigBallTrap/lballtraptd62.png"
                },
{
                    "file": "LightnigBallTrap/lballtraptd63.png"
                },
{
                    "file": "LightnigBallTrap/lballtraptd64.png"
                },
{
                    "file": "LightnigBallTrap/lballtraptd65.png"
                },
{
                    "file": "LightnigBallTrap/lballtraptd66.png"
                },
{
                    "file": "LightnigBallTrap/lballtraptd67.png"
                },
{
                    "file": "LightnigBallTrap/lballtraptd68.png"
                },
{
                    "file": "LightnigBallTrap/lballtraptd69.png"
                },
{
                    "file": "LightnigBallTrap/lballtraptd70.png"
                },
{
                    "file": "LightnigBallTrap/lballtraptd71.png"
                },
{
                    "file": "LightnigBallTrap/lballtraptd72.png"
                },
{
                    "file": "LightnigBallTrap/lballtraptd73.png"
                },
{
                    "file": "LightnigBallTrap/lballtraptd74.png"
                },
{
                    "file": "LightnigBallTrap/lballtraptd75.png"
                },
{
                    "file": "LightnigBallTrap/lballtraptd76.png"
                },
{
                    "file": "LightnigBallTrap/lballtraptd77.png"
                },
{
                    "file": "LightnigBallTrap/lballtraptd78.png"
                },
{
                    "file": "LightnigBallTrap/lballtraptd79.png"
                },
{
                    "file": "LightnigBallTrap/lballtraptd80.png"
                },
{
                    "file": "LightnigBallTrap/lballtraptd81.png"
                },
{
                    "file": "LightnigBallTrap/lballtraptd82.png"
                },
{
                    "file": "LightnigBallTrap/lballtraptd83.png"
                },
{
                    "file": "LightnigBallTrap/lballtraptd84.png"
                },
{
                    "file": "LightnigBallTrap/lballtraptd85.png"
                },
{
                    "file": "LightnigBallTrap/lballtraptd86.png"
                },
{
                    "file": "LightnigBallTrap/lballtraptd87.png"
                },
{
                    "file": "LightnigBallTrap/lballtraptd88.png"
                },
{
                    "file": "LightnigBallTrap/lballtraptd89.png"
                },
{
                    "file": "LightnigBallTrap/lballtraptd90.png"
                },
{
                    "file": "LightnigBallTrap/lballtraptd91.png"
                },
{
                    "file": "LightnigBallTrap/lballtraptd92.png"
                },
{
                    "file": "LightnigBallTrap/lballtraptd93.png"
                },
{
                    "file": "LightnigBallTrap/lballtraptd94.png"
                },
{
                    "file": "LightnigBallTrap/lballtraptd95.png"
                },
{
                    "file": "LightnigBallTrap/lballtraptd96.png"
                },
{
                    "file": "LightnigBallTrap/lballtraptd97.png"
                },
{
                    "file": "LightnigBallTrap/lballtraptd98.png"
                },
{
                    "file": "LightnigBallTrap/lballtraptd99.png"
                },
{
                    "file": "LightnigBallTrap/lballtraptd100.png"
                },
{
                    "file": "LightnigBallTrap/lballtraptd101.png"
                },
{
                    "file": "LightnigBallTrap/lballtraptd102.png"
                },
{
                    "file": "LightnigBallTrap/lballtraptd103.png"
                },
{
                    "file": "LightnigBallTrap/lballtraptd104.png"
                },
{
                    "file": "LightnigBallTrap/lballtraptd105.png"
                },
{
                    "file": "LightnigBallTrap/lballtraptd106.png"
                },
{
                    "file": "LightnigBallTrap/lballtraptd107.png"
                },
{
                    "file": "LightnigBallTrap/lballtraptd108.png"
                },
{
                    "file": "LightnigBallTrap/lballtraptd109.png"
                },
{
                    "file": "LightnigBallTrap/lballtraptd110.png"
                },
{
                    "file": "LightnigBallTrap/lballtraptd111.png"
                },
{
                    "file": "LightnigBallTrap/lballtraptd112.png"
                },
{
                    "file": "LightnigBallTrap/lballtraptd113.png"
                },
{
                    "file": "LightnigBallTrap/lballtraptd114.png"
                },
{
                    "file": "LightnigBallTrap/lballtraptd115.png"
                },
{
                    "file": "LightnigBallTrap/lballtraptd116.png"
                },
{
                    "file": "LightnigBallTrap/lballtraptd117.png"
                },
{
                    "file": "LightnigBallTrap/lballtraptd118.png"
                },
{
                    "file": "LightnigBallTrap/lballtraptd119.png"
                },
{
                    "file": "LightnigBallTrap/lballtraptd120.png"
                }
            ]
        ]
    }
]