[
    { 
        "name": "ICICLE_ICONS",
        "file": ["ice_arrow/ICICLE_dis.png","ice_arrow/ICICLE_std.png"] 
    },
    { 
        "name": "SANTA_PORTRAIT",
        "file": ["santa_claus/icons/creatr_portrt_santa.png"] 
    },
    {
        "name": "SANTA_ICON",
        "file": ["santa_claus/icons/santa_std.png","santa_claus/icons/santa_std_small.png"]
    },
    {
        "name": "PRINNY_PORTRAIT",
        "file": ["prinny/icons/Prinny_Portrait.png"]
    },
    {
        "name": "PRINNY_ICON",
        "file": ["prinny/icons/prinny_std.png","prinny/icons/prinny_std_small.png"]
    }
]