[
	{
		"name": "ICICLE",
		"rotatable": true,
		"fp_offset_x": 70,
		"fp_offset_y": 49,
		"td_offset_x": 69,
		"td_offset_y": 39,
		"fp": [
			[
				{
					"file": "ice_arrow/FirstPerson/front_01.png"
				}
			],
			[
				{
					"file": "ice_arrow/FirstPerson/rf_01.png"
				}
			],
			[
				{
					"file": "ice_arrow/FirstPerson/right_01.png"
				}
			],
			[
				{
					"file": "ice_arrow/FirstPerson/rb_01.png"
				}
			],
			[
				{
					"file": "ice_arrow/FirstPerson/back_01.png"
				}
			]
		],
		"td": [
			[
				{
					"file": "ice_arrow/TopDown/front_01.png"
				}
			],
			[
				{
					"file": "ice_arrow/TopDown/rf_01.png"
				}
			],
			[
				{
					"file": "ice_arrow/TopDown/right_01.png"
				}
			],
			[
				{
					"file": "ice_arrow/TopDown/rb_01.png"
				}
			],
			[
				{
					"file": "ice_arrow/TopDown/back_01.png"
				}
			]
		]
	},
	{
		"name": "SANTA_TORTURE",
		"rotatable": false,
		"fp_offset_x": 76,
		"fp_offset_y": 103,
		"td_offset_x": 60,
		"td_offset_y": 76,
		"fp": [
			[
				{
					"file": "santa_claus/torture_fp/r1frame01.png"
				},
				{
					"file": "santa_claus/torture_fp/r1frame02.png"
				},
				{
					"file": "santa_claus/torture_fp/r1frame03.png"
				},
				{
					"file": "santa_claus/torture_fp/r1frame04.png"
				},
				{
					"file": "santa_claus/torture_fp/r1frame05.png"
				},
				{
					"file": "santa_claus/torture_fp/r1frame06.png"
				},
				{
					"file": "santa_claus/torture_fp/r1frame07.png"
				},
				{
					"file": "santa_claus/torture_fp/r1frame08.png"
				}
			]
		],
		"td": [
			[
				{
					"file": "santa_claus/torture_td/r1frame01.png"
				},
				{
					"file": "santa_claus/torture_td/r1frame02.png"
				},
				{
					"file": "santa_claus/torture_td/r1frame03.png"
				},
				{
					"file": "santa_claus/torture_td/r1frame04.png"
				},
				{
					"file": "santa_claus/torture_td/r1frame05.png"
				},
				{
					"file": "santa_claus/torture_td/r1frame06.png"
				},
				{
					"file": "santa_claus/torture_td/r1frame07.png"
				},
				{
					"file": "santa_claus/torture_td/r1frame08.png"
				}
			]
		]
	},
	{
		"name": "SANTA_WALK",
		"rotatable": true,
		"fp_offset_x": 36,
		"fp_offset_y": 73,
		"td_offset_x": 29,
		"td_offset_y": 52,
		"fp": [
			[
				{
					"file": "santa_claus/walk_fp/r1frame01.png"
				},
				{
					"file": "santa_claus/walk_fp/r1frame02.png"
				},
				{
					"file": "santa_claus/walk_fp/r1frame03.png"
				},
				{
					"file": "santa_claus/walk_fp/r1frame04.png"
				},
				{
					"file": "santa_claus/walk_fp/r1frame05.png"
				},
				{
					"file": "santa_claus/walk_fp/r1frame06.png"
				}
			],
			[
				{
					"file": "santa_claus/walk_fp/r2frame01.png"
				},
				{
					"file": "santa_claus/walk_fp/r2frame02.png"
				},
				{
					"file": "santa_claus/walk_fp/r2frame03.png"
				},
				{
					"file": "santa_claus/walk_fp/r2frame04.png"
				},
				{
					"file": "santa_claus/walk_fp/r2frame05.png"
				},
				{
					"file": "santa_claus/walk_fp/r2frame06.png"
				}
			],
			[
				{
					"file": "santa_claus/walk_fp/r3frame01.png"
				},
				{
					"file": "santa_claus/walk_fp/r3frame02.png"
				},
				{
					"file": "santa_claus/walk_fp/r3frame03.png"
				},
				{
					"file": "santa_claus/walk_fp/r3frame04.png"
				},
				{
					"file": "santa_claus/walk_fp/r3frame05.png"
				},
				{
					"file": "santa_claus/walk_fp/r3frame06.png"
				}
			],
			[
				{
					"file": "santa_claus/walk_fp/r4frame01.png"
				},
				{
					"file": "santa_claus/walk_fp/r4frame02.png"
				},
				{
					"file": "santa_claus/walk_fp/r4frame03.png"
				},
				{
					"file": "santa_claus/walk_fp/r4frame04.png"
				},
				{
					"file": "santa_claus/walk_fp/r4frame05.png"
				},
				{
					"file": "santa_claus/walk_fp/r4frame06.png"
				}
			],
			[
				{
					"file": "santa_claus/walk_fp/r5frame01.png"
				},
				{
					"file": "santa_claus/walk_fp/r5frame02.png"
				},
				{
					"file": "santa_claus/walk_fp/r5frame03.png"
				},
				{
					"file": "santa_claus/walk_fp/r5frame04.png"
				},
				{
					"file": "santa_claus/walk_fp/r5frame05.png"
				},
				{
					"file": "santa_claus/walk_fp/r5frame06.png"
				}
			]
		],
		"td": [
			[
				{
					"file": "santa_claus/walk_td/r1frame01.png"
				},
				{
					"file": "santa_claus/walk_td/r1frame02.png"
				},
				{
					"file": "santa_claus/walk_td/r1frame03.png"
				},
				{
					"file": "santa_claus/walk_td/r1frame04.png"
				},
				{
					"file": "santa_claus/walk_td/r1frame05.png"
				},
				{
					"file": "santa_claus/walk_td/r1frame06.png"
				}
			],
			[
				{
					"file": "santa_claus/walk_td/r2frame01.png"
				},
				{
					"file": "santa_claus/walk_td/r2frame02.png"
				},
				{
					"file": "santa_claus/walk_td/r2frame03.png"
				},
				{
					"file": "santa_claus/walk_td/r2frame04.png"
				},
				{
					"file": "santa_claus/walk_td/r2frame05.png"
				},
				{
					"file": "santa_claus/walk_td/r2frame06.png"
				}
			],
			[
				{
					"file": "santa_claus/walk_td/r3frame01.png"
				},
				{
					"file": "santa_claus/walk_td/r3frame02.png"
				},
				{
					"file": "santa_claus/walk_td/r3frame03.png"
				},
				{
					"file": "santa_claus/walk_td/r3frame04.png"
				},
				{
					"file": "santa_claus/walk_td/r3frame05.png"
				},
				{
					"file": "santa_claus/walk_td/r3frame06.png"
				}
			],
			[
				{
					"file": "santa_claus/walk_td/r4frame01.png"
				},
				{
					"file": "santa_claus/walk_td/r4frame02.png"
				},
				{
					"file": "santa_claus/walk_td/r4frame03.png"
				},
				{
					"file": "santa_claus/walk_td/r4frame04.png"
				},
				{
					"file": "santa_claus/walk_td/r4frame05.png"
				},
				{
					"file": "santa_claus/walk_td/r4frame06.png"
				}
			],
			[
				{
					"file": "santa_claus/walk_td/r5frame01.png"
				},
				{
					"file": "santa_claus/walk_td/r5frame02.png"
				},
				{
					"file": "santa_claus/walk_td/r5frame03.png"
				},
				{
					"file": "santa_claus/walk_td/r5frame04.png"
				},
				{
					"file": "santa_claus/walk_td/r5frame05.png"
				},
				{
					"file": "santa_claus/walk_td/r5frame06.png"
				}
			]
		]
	},
	{
		"name": "SANTA_STAND",
		"rotatable": true,
		"fp_offset_x": 38,
		"fp_offset_y": 73,
		"td_offset_x": 31,
		"td_offset_y": 51,
		"fp": [
			[
				{
					"file": "santa_claus/stand_fp/r1frame01.png"
				}
			],
			[
				{
					"file": "santa_claus/stand_fp/r2frame01.png"
				}
			],
			[
				{
					"file": "santa_claus/stand_fp/r3frame01.png"
				}
			],
			[
				{
					"file": "santa_claus/stand_fp/r4frame01.png"
				}
			],
			[
				{
					"file": "santa_claus/stand_fp/r5frame01.png"
				}
			]
		],
		"td": [
			[
				{
					"file": "santa_claus/stand_td/r1frame01.png"
				}
			],
			[
				{
					"file": "santa_claus/stand_td/r2frame01.png"
				}
			],
			[
				{
					"file": "santa_claus/stand_td/r3frame01.png"
				}
			],
			[
				{
					"file": "santa_claus/stand_td/r4frame01.png"
				}
			],
			[
				{
					"file": "santa_claus/stand_td/r5frame01.png"
				}
			]
		]
	},
	{
		"name": "SANTA_ATTACK",
		"rotatable": true,
		"fp_offset_x": 59,
		"fp_offset_y": 77,
		"td_offset_x": 45,
		"td_offset_y": 54,
		"fp": [
			[
				{
					"file": "santa_claus/attack_fp/r1frame01.png"
				},
				{
					"file": "santa_claus/attack_fp/r1frame02.png"
				},
				{
					"file": "santa_claus/attack_fp/r1frame03.png"
				},
				{
					"file": "santa_claus/attack_fp/r1frame04.png"
				},
				{
					"file": "santa_claus/attack_fp/r1frame05.png"
				}
			],
			[
				{
					"file": "santa_claus/attack_fp/r2frame01.png"
				},
				{
					"file": "santa_claus/attack_fp/r2frame02.png"
				},
				{
					"file": "santa_claus/attack_fp/r2frame03.png"
				},
				{
					"file": "santa_claus/attack_fp/r2frame04.png"
				},
				{
					"file": "santa_claus/attack_fp/r2frame05.png"
				}
			],
			[
				{
					"file": "santa_claus/attack_fp/r3frame01.png"
				},
				{
					"file": "santa_claus/attack_fp/r3frame02.png"
				},
				{
					"file": "santa_claus/attack_fp/r3frame03.png"
				},
				{
					"file": "santa_claus/attack_fp/r3frame04.png"
				},
				{
					"file": "santa_claus/attack_fp/r3frame05.png"
				}
			],
			[
				{
					"file": "santa_claus/attack_fp/r4frame01.png"
				},
				{
					"file": "santa_claus/attack_fp/r4frame02.png"
				},
				{
					"file": "santa_claus/attack_fp/r4frame03.png"
				},
				{
					"file": "santa_claus/attack_fp/r4frame04.png"
				},
				{
					"file": "santa_claus/attack_fp/r4frame05.png"
				}
			],
			[
				{
					"file": "santa_claus/attack_fp/r5frame01.png"
				},
				{
					"file": "santa_claus/attack_fp/r5frame02.png"
				},
				{
					"file": "santa_claus/attack_fp/r5frame03.png"
				},
				{
					"file": "santa_claus/attack_fp/r5frame04.png"
				},
				{
					"file": "santa_claus/attack_fp/r5frame05.png"
				}
			]
		],
		"td": [
			[
				{
					"file": "santa_claus/attack_td/r1frame01.png"
				},
				{
					"file": "santa_claus/attack_td/r1frame02.png"
				},
				{
					"file": "santa_claus/attack_td/r1frame03.png"
				},
				{
					"file": "santa_claus/attack_td/r1frame04.png"
				},
				{
					"file": "santa_claus/attack_td/r1frame05.png"
				}
			],
			[
				{
					"file": "santa_claus/attack_td/r2frame01.png"
				},
				{
					"file": "santa_claus/attack_td/r2frame02.png"
				},
				{
					"file": "santa_claus/attack_td/r2frame03.png"
				},
				{
					"file": "santa_claus/attack_td/r2frame04.png"
				},
				{
					"file": "santa_claus/attack_td/r2frame05.png"
				}
			],
			[
				{
					"file": "santa_claus/attack_td/r3frame01.png"
				},
				{
					"file": "santa_claus/attack_td/r3frame02.png"
				},
				{
					"file": "santa_claus/attack_td/r3frame03.png"
				},
				{
					"file": "santa_claus/attack_td/r3frame04.png"
				},
				{
					"file": "santa_claus/attack_td/r3frame05.png"
				}
			],
			[
				{
					"file": "santa_claus/attack_td/r4frame01.png"
				},
				{
					"file": "santa_claus/attack_td/r4frame02.png"
				},
				{
					"file": "santa_claus/attack_td/r4frame03.png"
				},
				{
					"file": "santa_claus/attack_td/r4frame04.png"
				},
				{
					"file": "santa_claus/attack_td/r4frame05.png"
				}
			],
			[
				{
					"file": "santa_claus/attack_td/r5frame01.png"
				},
				{
					"file": "santa_claus/attack_td/r5frame02.png"
				},
				{
					"file": "santa_claus/attack_td/r5frame03.png"
				},
				{
					"file": "santa_claus/attack_td/r5frame04.png"
				},
				{
					"file": "santa_claus/attack_td/r5frame05.png"
				}
			]
		]
	},
	{
		"name": "SANTA_HIT",
		"rotatable": true,
		"fp_offset_x": 60,
		"fp_offset_y": 69,
		"td_offset_x": 44,
		"td_offset_y": 54,
		"fp": [
			[
				{
					"file": "santa_claus/hit_fp/r1frame01.png"
				}
			],
			[
				{
					"file": "santa_claus/hit_fp/r2frame01.png"
				}
			],
			[
				{
					"file": "santa_claus/hit_fp/r3frame01.png"
				}
			],
			[
				{
					"file": "santa_claus/hit_fp/r4frame01.png"
				}
			],
			[
				{
					"file": "santa_claus/hit_fp/r5frame01.png"
				}
			]
		],
		"td": [
			[
				{
					"file": "santa_claus/hit_td/r1frame01.png"
				}
			],
			[
				{
					"file": "santa_claus/hit_td/r2frame01.png"
				}
			],
			[
				{
					"file": "santa_claus/hit_td/r3frame01.png"
				}
			],
			[
				{
					"file": "santa_claus/hit_td/r4frame01.png"
				}
			],
			[
				{
					"file": "santa_claus/hit_td/r5frame01.png"
				}
			]
		]
	},
	{
		"name": "SANTA_COMPLAIN",
		"rotatable": false,
		"fp_offset_x": 33,
		"fp_offset_y": 61,
		"td_offset_x": 24,
		"td_offset_y": 35,
		"fp": [
			[
				{
					"file": "santa_claus/complain_fp/r1frame01.png"
				},
				{
					"file": "santa_claus/complain_fp/r1frame02.png"
				},
				{
					"file": "santa_claus/complain_fp/r1frame03.png"
				},
				{
					"file": "santa_claus/complain_fp/r1frame04.png"
				}
			]
		],
		"td": [
			[
				{
					"file": "santa_claus/complain_td/r1frame01.png"
				},
				{
					"file": "santa_claus/complain_td/r1frame02.png"
				},
				{
					"file": "santa_claus/complain_td/r1frame03.png"
				},
				{
					"file": "santa_claus/complain_td/r1frame04.png"
				}
			]
		]
	},
	{
		"name": "SANTA_DYING",
		"rotatable": false,
		"fp_offset_x": 65,
		"fp_offset_y": 51,
		"td_offset_x": 45,
		"td_offset_y": 19,
		"fp": [
			[
				{
					"file": "santa_claus/dying_fp/r1frame01.png"
				},
				{
					"file": "santa_claus/dying_fp/r1frame02.png"
				}
			]
		],
		"td": [
			[
				{
					"file": "santa_claus/dying_td/r1frame01.png"
				},
				{
					"file": "santa_claus/dying_td/r1frame02.png"
				}
			]
		]
	},
	{
		"name": "SANTA_PICKEDUP",
		"rotatable": false,
		"fp_offset_x": 34,
		"fp_offset_y": 91,
		"td_offset_x": 24,
		"td_offset_y": 59,
		"fp": [
			[
				{
					"file": "santa_claus/pickedup_fp/r1frame01.png"
				},
				{
					"file": "santa_claus/pickedup_fp/r1frame02.png"
				},
				{
					"file": "santa_claus/pickedup_fp/r1frame03.png"
				},
				{
					"file": "santa_claus/pickedup_fp/r1frame04.png"
				},
				{
					"file": "santa_claus/pickedup_fp/r1frame05.png"
				},
				{
					"file": "santa_claus/pickedup_fp/r1frame06.png"
				}
			]
		],
		"td": [
			[
				{
					"file": "santa_claus/pickedup_td/r1frame01.png"
				},
				{
					"file": "santa_claus/pickedup_td/r1frame02.png"
				},
				{
					"file": "santa_claus/pickedup_td/r1frame03.png"
				},
				{
					"file": "santa_claus/pickedup_td/r1frame04.png"
				},
				{
					"file": "santa_claus/pickedup_td/r1frame05.png"
				},
				{
					"file": "santa_claus/pickedup_td/r1frame06.png"
				}
			]
		]
	},
	{
		"name": "SANTA_CELEBRATE",
		"rotatable": false,
		"fp_offset_x": 39,
		"fp_offset_y": 75,
		"td_offset_x": 33,
		"td_offset_y": 45,
		"fp": [
			[
				{
					"file": "santa_claus/celebrate_fp/r1frame01.png"
				},
				{
					"file": "santa_claus/celebrate_fp/r1frame02.png"
				},
				{
					"file": "santa_claus/celebrate_fp/r1frame03.png"
				},
				{
					"file": "santa_claus/celebrate_fp/r1frame04.png"
				}
			]
		],
		"td": [
			[
				{
					"file": "santa_claus/celebrate_td/r1frame01.png"
				},
				{
					"file": "santa_claus/celebrate_td/r1frame02.png"
				},
				{
					"file": "santa_claus/celebrate_td/r1frame03.png"
				},
				{
					"file": "santa_claus/celebrate_td/r1frame04.png"
				}
			]
		]
	},
	{
		"name": "SANTA_LAIRSLEEP",
		"rotatable": false,
		"fp_offset_x": 36,
		"fp_offset_y": 90,
		"td_offset_x": 28,
		"td_offset_y": 55,
		"fp": [
			[
				{
					"file": "santa_claus/lairsleep_fp/r1frame01.png"
				},
				{
					"file": "santa_claus/lairsleep_fp/r1frame02.png"
				},
				{
					"file": "santa_claus/lairsleep_fp/r1frame03.png"
				},
				{
					"file": "santa_claus/lairsleep_fp/r1frame04.png"
				},
				{
					"file": "santa_claus/lairsleep_fp/r1frame05.png"
				},
				{
					"file": "santa_claus/lairsleep_fp/r1frame06.png"
				},
				{
					"file": "santa_claus/lairsleep_fp/r1frame07.png"
				},
				{
					"file": "santa_claus/lairsleep_fp/r1frame08.png"
				}
			]
		],
		"td": [
			[
				{
					"file": "santa_claus/lairsleep_td/r1frame01.png"
				},
				{
					"file": "santa_claus/lairsleep_td/r1frame02.png"
				},
				{
					"file": "santa_claus/lairsleep_td/r1frame03.png"
				},
				{
					"file": "santa_claus/lairsleep_td/r1frame04.png"
				},
				{
					"file": "santa_claus/lairsleep_td/r1frame05.png"
				},
				{
					"file": "santa_claus/lairsleep_td/r1frame06.png"
				},
				{
					"file": "santa_claus/lairsleep_td/r1frame07.png"
				},
				{
					"file": "santa_claus/lairsleep_td/r1frame08.png"
				}
			]
		]
	},
	{
		"name": "SANTA_SLAPPED",
		"rotatable": true,
		"fp_offset_x": 65,
		"fp_offset_y": 69,
		"td_offset_x": 48,
		"td_offset_y": 47,
		"fp": [
			[
				{
					"file": "santa_claus/slapped_fp/r1frame01.png"
				}
			],
			[
				{
					"file": "santa_claus/slapped_fp/r2frame01.png"
				}
			],
			[
				{
					"file": "santa_claus/slapped_fp/r3frame01.png"
				}
			],
			[
				{
					"file": "santa_claus/slapped_fp/r4frame01.png"
				}
			],
			[
				{
					"file": "santa_claus/slapped_fp/r5frame01.png"
				}
			]
		],
		"td": [
			[
				{
					"file": "santa_claus/slapped_td/r1frame01.png"
				}
			],
			[
				{
					"file": "santa_claus/slapped_td/r2frame01.png"
				}
			],
			[
				{
					"file": "santa_claus/slapped_td/r3frame01.png"
				}
			],
			[
				{
					"file": "santa_claus/slapped_td/r4frame01.png"
				}
			],
			[
				{
					"file": "santa_claus/slapped_td/r5frame01.png"
				}
			]
		]
	},
	{
		"name": "SANTA_EATCHICKEN",
		"rotatable": false,
		"fp_offset_x": 49,
		"fp_offset_y": 79,
		"td_offset_x": 39,
		"td_offset_y": 67,
		"fp": [
			[
				{
					"file": "santa_claus/eatchicken_fp/r1frame01.png"
				},
				{
					"file": "santa_claus/eatchicken_fp/r1frame02.png"
				},
				{
					"file": "santa_claus/eatchicken_fp/r1frame03.png"
				},
				{
					"file": "santa_claus/eatchicken_fp/r1frame04.png"
				},
				{
					"file": "santa_claus/eatchicken_fp/r1frame05.png"
				},
				{
					"file": "santa_claus/eatchicken_fp/r1frame06.png"
				},
				{
					"file": "santa_claus/eatchicken_fp/r1frame07.png"
				},
				{
					"file": "santa_claus/eatchicken_fp/r1frame08.png"
				}
			]
		],
		"td": [
			[
				{
					"file": "santa_claus/eatchicken_td/r1frame01.png"
				},
				{
					"file": "santa_claus/eatchicken_td/r1frame02.png"
				},
				{
					"file": "santa_claus/eatchicken_td/r1frame03.png"
				},
				{
					"file": "santa_claus/eatchicken_td/r1frame04.png"
				},
				{
					"file": "santa_claus/eatchicken_td/r1frame05.png"
				},
				{
					"file": "santa_claus/eatchicken_td/r1frame06.png"
				},
				{
					"file": "santa_claus/eatchicken_td/r1frame07.png"
				},
				{
					"file": "santa_claus/eatchicken_td/r1frame08.png"
				}
			]
		]
	},
	{
		"name": "PRINNY_STAND",
		"rotatable": true,
		"fp_offset_x": 22,
		"fp_offset_y": 40,
		"td_offset_x": 22,
		"td_offset_y": 35,
		"fp": [
			[
				{
					"file": "prinny/stand_fp/rotation01_frame01.png"
				},
				{
					"file": "prinny/stand_fp/rotation01_frame02.png"
				},
				{
					"file": "prinny/stand_fp/rotation01_frame03.png"
				},
				{
					"file": "prinny/stand_fp/rotation01_frame04.png"
				},
				{
					"file": "prinny/stand_fp/rotation01_frame05.png"
				},
				{
					"file": "prinny/stand_fp/rotation01_frame06.png"
				},
				{
					"file": "prinny/stand_fp/rotation01_frame07.png"
				},
				{
					"file": "prinny/stand_fp/rotation01_frame08.png"
				},
				{
					"file": "prinny/stand_fp/rotation01_frame09.png"
				},
				{
					"file": "prinny/stand_fp/rotation01_frame10.png"
				},
				{
					"file": "prinny/stand_fp/rotation01_frame11.png"
				},
				{
					"file": "prinny/stand_fp/rotation01_frame12.png"
				},
				{
					"file": "prinny/stand_fp/rotation01_frame13.png"
				},
				{
					"file": "prinny/stand_fp/rotation01_frame14.png"
				},
				{
					"file": "prinny/stand_fp/rotation01_frame15.png"
				},
				{
					"file": "prinny/stand_fp/rotation01_frame16.png"
				},
				{
					"file": "prinny/stand_fp/rotation01_frame17.png"
				},
				{
					"file": "prinny/stand_fp/rotation01_frame18.png"
				},
				{
					"file": "prinny/stand_fp/rotation01_frame19.png"
				},
				{
					"file": "prinny/stand_fp/rotation01_frame20.png"
				},
				{
					"file": "prinny/stand_fp/rotation01_frame21.png"
				},
				{
					"file": "prinny/stand_fp/rotation01_frame22.png"
				},
				{
					"file": "prinny/stand_fp/rotation01_frame23.png"
				},
				{
					"file": "prinny/stand_fp/rotation01_frame24.png"
				}
			],
			[
				{
					"file": "prinny/stand_fp/rotation02_frame01.png"
				},
				{
					"file": "prinny/stand_fp/rotation02_frame02.png"
				},
				{
					"file": "prinny/stand_fp/rotation02_frame03.png"
				},
				{
					"file": "prinny/stand_fp/rotation02_frame04.png"
				},
				{
					"file": "prinny/stand_fp/rotation02_frame05.png"
				},
				{
					"file": "prinny/stand_fp/rotation02_frame06.png"
				},
				{
					"file": "prinny/stand_fp/rotation02_frame07.png"
				},
				{
					"file": "prinny/stand_fp/rotation02_frame08.png"
				},
				{
					"file": "prinny/stand_fp/rotation02_frame09.png"
				},
				{
					"file": "prinny/stand_fp/rotation02_frame10.png"
				},
				{
					"file": "prinny/stand_fp/rotation02_frame11.png"
				},
				{
					"file": "prinny/stand_fp/rotation02_frame12.png"
				},
				{
					"file": "prinny/stand_fp/rotation02_frame13.png"
				},
				{
					"file": "prinny/stand_fp/rotation02_frame14.png"
				},
				{
					"file": "prinny/stand_fp/rotation02_frame15.png"
				},
				{
					"file": "prinny/stand_fp/rotation02_frame16.png"
				},
				{
					"file": "prinny/stand_fp/rotation02_frame17.png"
				},
				{
					"file": "prinny/stand_fp/rotation02_frame18.png"
				},
				{
					"file": "prinny/stand_fp/rotation02_frame19.png"
				},
				{
					"file": "prinny/stand_fp/rotation02_frame20.png"
				},
				{
					"file": "prinny/stand_fp/rotation02_frame21.png"
				},
				{
					"file": "prinny/stand_fp/rotation02_frame22.png"
				},
				{
					"file": "prinny/stand_fp/rotation02_frame23.png"
				},
				{
					"file": "prinny/stand_fp/rotation02_frame24.png"
				}
			],
			[
				{
					"file": "prinny/stand_fp/rotation03_frame01.png"
				},
				{
					"file": "prinny/stand_fp/rotation03_frame02.png"
				},
				{
					"file": "prinny/stand_fp/rotation03_frame03.png"
				},
				{
					"file": "prinny/stand_fp/rotation03_frame04.png"
				},
				{
					"file": "prinny/stand_fp/rotation03_frame05.png"
				},
				{
					"file": "prinny/stand_fp/rotation03_frame06.png"
				},
				{
					"file": "prinny/stand_fp/rotation03_frame07.png"
				},
				{
					"file": "prinny/stand_fp/rotation03_frame08.png"
				},
				{
					"file": "prinny/stand_fp/rotation03_frame09.png"
				},
				{
					"file": "prinny/stand_fp/rotation03_frame10.png"
				},
				{
					"file": "prinny/stand_fp/rotation03_frame11.png"
				},
				{
					"file": "prinny/stand_fp/rotation03_frame12.png"
				},
				{
					"file": "prinny/stand_fp/rotation03_frame13.png"
				},
				{
					"file": "prinny/stand_fp/rotation03_frame14.png"
				},
				{
					"file": "prinny/stand_fp/rotation03_frame15.png"
				},
				{
					"file": "prinny/stand_fp/rotation03_frame16.png"
				},
				{
					"file": "prinny/stand_fp/rotation03_frame17.png"
				},
				{
					"file": "prinny/stand_fp/rotation03_frame18.png"
				},
				{
					"file": "prinny/stand_fp/rotation03_frame19.png"
				},
				{
					"file": "prinny/stand_fp/rotation03_frame20.png"
				},
				{
					"file": "prinny/stand_fp/rotation03_frame21.png"
				},
				{
					"file": "prinny/stand_fp/rotation03_frame22.png"
				},
				{
					"file": "prinny/stand_fp/rotation03_frame23.png"
				},
				{
					"file": "prinny/stand_fp/rotation03_frame24.png"
				}
			],
			[
				{
					"file": "prinny/stand_fp/rotation04_frame01.png"
				},
				{
					"file": "prinny/stand_fp/rotation04_frame02.png"
				},
				{
					"file": "prinny/stand_fp/rotation04_frame03.png"
				},
				{
					"file": "prinny/stand_fp/rotation04_frame04.png"
				},
				{
					"file": "prinny/stand_fp/rotation04_frame05.png"
				},
				{
					"file": "prinny/stand_fp/rotation04_frame06.png"
				},
				{
					"file": "prinny/stand_fp/rotation04_frame07.png"
				},
				{
					"file": "prinny/stand_fp/rotation04_frame08.png"
				},
				{
					"file": "prinny/stand_fp/rotation04_frame09.png"
				},
				{
					"file": "prinny/stand_fp/rotation04_frame10.png"
				},
				{
					"file": "prinny/stand_fp/rotation04_frame11.png"
				},
				{
					"file": "prinny/stand_fp/rotation04_frame12.png"
				},
				{
					"file": "prinny/stand_fp/rotation04_frame13.png"
				},
				{
					"file": "prinny/stand_fp/rotation04_frame14.png"
				},
				{
					"file": "prinny/stand_fp/rotation04_frame15.png"
				},
				{
					"file": "prinny/stand_fp/rotation04_frame16.png"
				},
				{
					"file": "prinny/stand_fp/rotation04_frame17.png"
				},
				{
					"file": "prinny/stand_fp/rotation04_frame18.png"
				},
				{
					"file": "prinny/stand_fp/rotation04_frame19.png"
				},
				{
					"file": "prinny/stand_fp/rotation04_frame20.png"
				},
				{
					"file": "prinny/stand_fp/rotation04_frame21.png"
				},
				{
					"file": "prinny/stand_fp/rotation04_frame22.png"
				},
				{
					"file": "prinny/stand_fp/rotation04_frame23.png"
				},
				{
					"file": "prinny/stand_fp/rotation04_frame24.png"
				}
			],
			[
				{
					"file": "prinny/stand_fp/rotation05_frame01.png"
				},
				{
					"file": "prinny/stand_fp/rotation05_frame02.png"
				},
				{
					"file": "prinny/stand_fp/rotation05_frame03.png"
				},
				{
					"file": "prinny/stand_fp/rotation05_frame04.png"
				},
				{
					"file": "prinny/stand_fp/rotation05_frame05.png"
				},
				{
					"file": "prinny/stand_fp/rotation05_frame06.png"
				},
				{
					"file": "prinny/stand_fp/rotation05_frame07.png"
				},
				{
					"file": "prinny/stand_fp/rotation05_frame08.png"
				},
				{
					"file": "prinny/stand_fp/rotation05_frame09.png"
				},
				{
					"file": "prinny/stand_fp/rotation05_frame10.png"
				},
				{
					"file": "prinny/stand_fp/rotation05_frame11.png"
				},
				{
					"file": "prinny/stand_fp/rotation05_frame12.png"
				},
				{
					"file": "prinny/stand_fp/rotation05_frame13.png"
				},
				{
					"file": "prinny/stand_fp/rotation05_frame14.png"
				},
				{
					"file": "prinny/stand_fp/rotation05_frame15.png"
				},
				{
					"file": "prinny/stand_fp/rotation05_frame16.png"
				},
				{
					"file": "prinny/stand_fp/rotation05_frame17.png"
				},
				{
					"file": "prinny/stand_fp/rotation05_frame18.png"
				},
				{
					"file": "prinny/stand_fp/rotation05_frame19.png"
				},
				{
					"file": "prinny/stand_fp/rotation05_frame20.png"
				},
				{
					"file": "prinny/stand_fp/rotation05_frame21.png"
				},
				{
					"file": "prinny/stand_fp/rotation05_frame22.png"
				},
				{
					"file": "prinny/stand_fp/rotation05_frame23.png"
				},
				{
					"file": "prinny/stand_fp/rotation05_frame24.png"
				}
			]
		],
		"td": [
			[
				{
					"file": "prinny/stand_td/rotation01_frame01.png"
				},
				{
					"file": "prinny/stand_td/rotation01_frame02.png"
				},
				{
					"file": "prinny/stand_td/rotation01_frame03.png"
				},
				{
					"file": "prinny/stand_td/rotation01_frame04.png"
				},
				{
					"file": "prinny/stand_td/rotation01_frame05.png"
				},
				{
					"file": "prinny/stand_td/rotation01_frame06.png"
				},
				{
					"file": "prinny/stand_td/rotation01_frame07.png"
				},
				{
					"file": "prinny/stand_td/rotation01_frame08.png"
				},
				{
					"file": "prinny/stand_td/rotation01_frame09.png"
				},
				{
					"file": "prinny/stand_td/rotation01_frame10.png"
				},
				{
					"file": "prinny/stand_td/rotation01_frame11.png"
				},
				{
					"file": "prinny/stand_td/rotation01_frame12.png"
				},
				{
					"file": "prinny/stand_td/rotation01_frame13.png"
				},
				{
					"file": "prinny/stand_td/rotation01_frame14.png"
				},
				{
					"file": "prinny/stand_td/rotation01_frame15.png"
				},
				{
					"file": "prinny/stand_td/rotation01_frame16.png"
				},
				{
					"file": "prinny/stand_td/rotation01_frame17.png"
				},
				{
					"file": "prinny/stand_td/rotation01_frame18.png"
				},
				{
					"file": "prinny/stand_td/rotation01_frame19.png"
				},
				{
					"file": "prinny/stand_td/rotation01_frame20.png"
				},
				{
					"file": "prinny/stand_td/rotation01_frame21.png"
				},
				{
					"file": "prinny/stand_td/rotation01_frame22.png"
				},
				{
					"file": "prinny/stand_td/rotation01_frame23.png"
				},
				{
					"file": "prinny/stand_td/rotation01_frame24.png"
				}
			],
			[
				{
					"file": "prinny/stand_td/rotation02_frame01.png"
				},
				{
					"file": "prinny/stand_td/rotation02_frame02.png"
				},
				{
					"file": "prinny/stand_td/rotation02_frame03.png"
				},
				{
					"file": "prinny/stand_td/rotation02_frame04.png"
				},
				{
					"file": "prinny/stand_td/rotation02_frame05.png"
				},
				{
					"file": "prinny/stand_td/rotation02_frame06.png"
				},
				{
					"file": "prinny/stand_td/rotation02_frame07.png"
				},
				{
					"file": "prinny/stand_td/rotation02_frame08.png"
				},
				{
					"file": "prinny/stand_td/rotation02_frame09.png"
				},
				{
					"file": "prinny/stand_td/rotation02_frame10.png"
				},
				{
					"file": "prinny/stand_td/rotation02_frame11.png"
				},
				{
					"file": "prinny/stand_td/rotation02_frame12.png"
				},
				{
					"file": "prinny/stand_td/rotation02_frame13.png"
				},
				{
					"file": "prinny/stand_td/rotation02_frame14.png"
				},
				{
					"file": "prinny/stand_td/rotation02_frame15.png"
				},
				{
					"file": "prinny/stand_td/rotation02_frame16.png"
				},
				{
					"file": "prinny/stand_td/rotation02_frame17.png"
				},
				{
					"file": "prinny/stand_td/rotation02_frame18.png"
				},
				{
					"file": "prinny/stand_td/rotation02_frame19.png"
				},
				{
					"file": "prinny/stand_td/rotation02_frame20.png"
				},
				{
					"file": "prinny/stand_td/rotation02_frame21.png"
				},
				{
					"file": "prinny/stand_td/rotation02_frame22.png"
				},
				{
					"file": "prinny/stand_td/rotation02_frame23.png"
				},
				{
					"file": "prinny/stand_td/rotation02_frame24.png"
				}
			],
			[
				{
					"file": "prinny/stand_td/rotation03_frame01.png"
				},
				{
					"file": "prinny/stand_td/rotation03_frame02.png"
				},
				{
					"file": "prinny/stand_td/rotation03_frame03.png"
				},
				{
					"file": "prinny/stand_td/rotation03_frame04.png"
				},
				{
					"file": "prinny/stand_td/rotation03_frame05.png"
				},
				{
					"file": "prinny/stand_td/rotation03_frame06.png"
				},
				{
					"file": "prinny/stand_td/rotation03_frame07.png"
				},
				{
					"file": "prinny/stand_td/rotation03_frame08.png"
				},
				{
					"file": "prinny/stand_td/rotation03_frame09.png"
				},
				{
					"file": "prinny/stand_td/rotation03_frame10.png"
				},
				{
					"file": "prinny/stand_td/rotation03_frame11.png"
				},
				{
					"file": "prinny/stand_td/rotation03_frame12.png"
				},
				{
					"file": "prinny/stand_td/rotation03_frame13.png"
				},
				{
					"file": "prinny/stand_td/rotation03_frame14.png"
				},
				{
					"file": "prinny/stand_td/rotation03_frame15.png"
				},
				{
					"file": "prinny/stand_td/rotation03_frame16.png"
				},
				{
					"file": "prinny/stand_td/rotation03_frame17.png"
				},
				{
					"file": "prinny/stand_td/rotation03_frame18.png"
				},
				{
					"file": "prinny/stand_td/rotation03_frame19.png"
				},
				{
					"file": "prinny/stand_td/rotation03_frame20.png"
				},
				{
					"file": "prinny/stand_td/rotation03_frame21.png"
				},
				{
					"file": "prinny/stand_td/rotation03_frame22.png"
				},
				{
					"file": "prinny/stand_td/rotation03_frame23.png"
				},
				{
					"file": "prinny/stand_td/rotation03_frame24.png"
				}
			],
			[
				{
					"file": "prinny/stand_td/rotation04_frame01.png"
				},
				{
					"file": "prinny/stand_td/rotation04_frame02.png"
				},
				{
					"file": "prinny/stand_td/rotation04_frame03.png"
				},
				{
					"file": "prinny/stand_td/rotation04_frame04.png"
				},
				{
					"file": "prinny/stand_td/rotation04_frame05.png"
				},
				{
					"file": "prinny/stand_td/rotation04_frame06.png"
				},
				{
					"file": "prinny/stand_td/rotation04_frame07.png"
				},
				{
					"file": "prinny/stand_td/rotation04_frame08.png"
				},
				{
					"file": "prinny/stand_td/rotation04_frame09.png"
				},
				{
					"file": "prinny/stand_td/rotation04_frame10.png"
				},
				{
					"file": "prinny/stand_td/rotation04_frame11.png"
				},
				{
					"file": "prinny/stand_td/rotation04_frame12.png"
				},
				{
					"file": "prinny/stand_td/rotation04_frame13.png"
				},
				{
					"file": "prinny/stand_td/rotation04_frame14.png"
				},
				{
					"file": "prinny/stand_td/rotation04_frame15.png"
				},
				{
					"file": "prinny/stand_td/rotation04_frame16.png"
				},
				{
					"file": "prinny/stand_td/rotation04_frame17.png"
				},
				{
					"file": "prinny/stand_td/rotation04_frame18.png"
				},
				{
					"file": "prinny/stand_td/rotation04_frame19.png"
				},
				{
					"file": "prinny/stand_td/rotation04_frame20.png"
				},
				{
					"file": "prinny/stand_td/rotation04_frame21.png"
				},
				{
					"file": "prinny/stand_td/rotation04_frame22.png"
				},
				{
					"file": "prinny/stand_td/rotation04_frame23.png"
				},
				{
					"file": "prinny/stand_td/rotation04_frame24.png"
				}
			],
			[
				{
					"file": "prinny/stand_td/rotation05_frame01.png"
				},
				{
					"file": "prinny/stand_td/rotation05_frame02.png"
				},
				{
					"file": "prinny/stand_td/rotation05_frame03.png"
				},
				{
					"file": "prinny/stand_td/rotation05_frame04.png"
				},
				{
					"file": "prinny/stand_td/rotation05_frame05.png"
				},
				{
					"file": "prinny/stand_td/rotation05_frame06.png"
				},
				{
					"file": "prinny/stand_td/rotation05_frame07.png"
				},
				{
					"file": "prinny/stand_td/rotation05_frame08.png"
				},
				{
					"file": "prinny/stand_td/rotation05_frame09.png"
				},
				{
					"file": "prinny/stand_td/rotation05_frame10.png"
				},
				{
					"file": "prinny/stand_td/rotation05_frame11.png"
				},
				{
					"file": "prinny/stand_td/rotation05_frame12.png"
				},
				{
					"file": "prinny/stand_td/rotation05_frame13.png"
				},
				{
					"file": "prinny/stand_td/rotation05_frame14.png"
				},
				{
					"file": "prinny/stand_td/rotation05_frame15.png"
				},
				{
					"file": "prinny/stand_td/rotation05_frame16.png"
				},
				{
					"file": "prinny/stand_td/rotation05_frame17.png"
				},
				{
					"file": "prinny/stand_td/rotation05_frame18.png"
				},
				{
					"file": "prinny/stand_td/rotation05_frame19.png"
				},
				{
					"file": "prinny/stand_td/rotation05_frame20.png"
				},
				{
					"file": "prinny/stand_td/rotation05_frame21.png"
				},
				{
					"file": "prinny/stand_td/rotation05_frame22.png"
				},
				{
					"file": "prinny/stand_td/rotation05_frame23.png"
				},
				{
					"file": "prinny/stand_td/rotation05_frame24.png"
				}
			]
		]
	},
	{
		"name": "PRINNY_AMBULATE",
		"rotatable": true,
		"fp_offset_x": 22,
		"fp_offset_y": 40,
		"td_offset_x": 22,
		"td_offset_y": 35,
		"fp": [
			[
				{
					"file": "prinny/ambulate_fp/rotation01_frame01.png"
				},
				{
					"file": "prinny/ambulate_fp/rotation01_frame02.png"
				},
				{
					"file": "prinny/ambulate_fp/rotation01_frame03.png"
				},
				{
					"file": "prinny/ambulate_fp/rotation01_frame04.png"
				},
				{
					"file": "prinny/ambulate_fp/rotation01_frame05.png"
				},
				{
					"file": "prinny/ambulate_fp/rotation01_frame06.png"
				},
				{
					"file": "prinny/ambulate_fp/rotation01_frame07.png"
				},
				{
					"file": "prinny/ambulate_fp/rotation01_frame08.png"
				},
				{
					"file": "prinny/ambulate_fp/rotation01_frame09.png"
				},
				{
					"file": "prinny/ambulate_fp/rotation01_frame10.png"
				},
				{
					"file": "prinny/ambulate_fp/rotation01_frame11.png"
				},
				{
					"file": "prinny/ambulate_fp/rotation01_frame12.png"
				}
			],
			[
				{
					"file": "prinny/ambulate_fp/rotation02_frame01.png"
				},
				{
					"file": "prinny/ambulate_fp/rotation02_frame02.png"
				},
				{
					"file": "prinny/ambulate_fp/rotation02_frame03.png"
				},
				{
					"file": "prinny/ambulate_fp/rotation02_frame04.png"
				},
				{
					"file": "prinny/ambulate_fp/rotation02_frame05.png"
				},
				{
					"file": "prinny/ambulate_fp/rotation02_frame06.png"
				},
				{
					"file": "prinny/ambulate_fp/rotation02_frame07.png"
				},
				{
					"file": "prinny/ambulate_fp/rotation02_frame08.png"
				},
				{
					"file": "prinny/ambulate_fp/rotation02_frame09.png"
				},
				{
					"file": "prinny/ambulate_fp/rotation02_frame10.png"
				},
				{
					"file": "prinny/ambulate_fp/rotation02_frame11.png"
				},
				{
					"file": "prinny/ambulate_fp/rotation02_frame12.png"
				}
			],
			[
				{
					"file": "prinny/ambulate_fp/rotation03_frame01.png"
				},
				{
					"file": "prinny/ambulate_fp/rotation03_frame02.png"
				},
				{
					"file": "prinny/ambulate_fp/rotation03_frame03.png"
				},
				{
					"file": "prinny/ambulate_fp/rotation03_frame04.png"
				},
				{
					"file": "prinny/ambulate_fp/rotation03_frame05.png"
				},
				{
					"file": "prinny/ambulate_fp/rotation03_frame06.png"
				},
				{
					"file": "prinny/ambulate_fp/rotation03_frame07.png"
				},
				{
					"file": "prinny/ambulate_fp/rotation03_frame08.png"
				},
				{
					"file": "prinny/ambulate_fp/rotation03_frame09.png"
				},
				{
					"file": "prinny/ambulate_fp/rotation03_frame10.png"
				},
				{
					"file": "prinny/ambulate_fp/rotation03_frame11.png"
				},
				{
					"file": "prinny/ambulate_fp/rotation03_frame12.png"
				}
			],
			[
				{
					"file": "prinny/ambulate_fp/rotation04_frame01.png"
				},
				{
					"file": "prinny/ambulate_fp/rotation04_frame02.png"
				},
				{
					"file": "prinny/ambulate_fp/rotation04_frame03.png"
				},
				{
					"file": "prinny/ambulate_fp/rotation04_frame04.png"
				},
				{
					"file": "prinny/ambulate_fp/rotation04_frame05.png"
				},
				{
					"file": "prinny/ambulate_fp/rotation04_frame06.png"
				},
				{
					"file": "prinny/ambulate_fp/rotation04_frame07.png"
				},
				{
					"file": "prinny/ambulate_fp/rotation04_frame08.png"
				},
				{
					"file": "prinny/ambulate_fp/rotation04_frame09.png"
				},
				{
					"file": "prinny/ambulate_fp/rotation04_frame10.png"
				},
				{
					"file": "prinny/ambulate_fp/rotation04_frame11.png"
				},
				{
					"file": "prinny/ambulate_fp/rotation04_frame12.png"
				}
			],
			[
				{
					"file": "prinny/ambulate_fp/rotation05_frame01.png"
				},
				{
					"file": "prinny/ambulate_fp/rotation05_frame02.png"
				},
				{
					"file": "prinny/ambulate_fp/rotation05_frame03.png"
				},
				{
					"file": "prinny/ambulate_fp/rotation05_frame04.png"
				},
				{
					"file": "prinny/ambulate_fp/rotation05_frame05.png"
				},
				{
					"file": "prinny/ambulate_fp/rotation05_frame06.png"
				},
				{
					"file": "prinny/ambulate_fp/rotation05_frame07.png"
				},
				{
					"file": "prinny/ambulate_fp/rotation05_frame08.png"
				},
				{
					"file": "prinny/ambulate_fp/rotation05_frame09.png"
				},
				{
					"file": "prinny/ambulate_fp/rotation05_frame10.png"
				},
				{
					"file": "prinny/ambulate_fp/rotation05_frame11.png"
				},
				{
					"file": "prinny/ambulate_fp/rotation05_frame12.png"
				}
			]
		],
		"td": [
			[
				{
					"file": "prinny/ambulate_td/rotation01_frame01.png"
				},
				{
					"file": "prinny/ambulate_td/rotation01_frame02.png"
				},
				{
					"file": "prinny/ambulate_td/rotation01_frame03.png"
				},
				{
					"file": "prinny/ambulate_td/rotation01_frame04.png"
				},
				{
					"file": "prinny/ambulate_td/rotation01_frame05.png"
				},
				{
					"file": "prinny/ambulate_td/rotation01_frame06.png"
				},
				{
					"file": "prinny/ambulate_td/rotation01_frame07.png"
				},
				{
					"file": "prinny/ambulate_td/rotation01_frame08.png"
				},
				{
					"file": "prinny/ambulate_td/rotation01_frame09.png"
				},
				{
					"file": "prinny/ambulate_td/rotation01_frame10.png"
				},
				{
					"file": "prinny/ambulate_td/rotation01_frame11.png"
				},
				{
					"file": "prinny/ambulate_td/rotation01_frame12.png"
				}
			],
			[
				{
					"file": "prinny/ambulate_td/rotation02_frame01.png"
				},
				{
					"file": "prinny/ambulate_td/rotation02_frame02.png"
				},
				{
					"file": "prinny/ambulate_td/rotation02_frame03.png"
				},
				{
					"file": "prinny/ambulate_td/rotation02_frame04.png"
				},
				{
					"file": "prinny/ambulate_td/rotation02_frame05.png"
				},
				{
					"file": "prinny/ambulate_td/rotation02_frame06.png"
				},
				{
					"file": "prinny/ambulate_td/rotation02_frame07.png"
				},
				{
					"file": "prinny/ambulate_td/rotation02_frame08.png"
				},
				{
					"file": "prinny/ambulate_td/rotation02_frame09.png"
				},
				{
					"file": "prinny/ambulate_td/rotation02_frame10.png"
				},
				{
					"file": "prinny/ambulate_td/rotation02_frame11.png"
				},
				{
					"file": "prinny/ambulate_td/rotation02_frame12.png"
				}
			],
			[
				{
					"file": "prinny/ambulate_td/rotation03_frame01.png"
				},
				{
					"file": "prinny/ambulate_td/rotation03_frame02.png"
				},
				{
					"file": "prinny/ambulate_td/rotation03_frame03.png"
				},
				{
					"file": "prinny/ambulate_td/rotation03_frame04.png"
				},
				{
					"file": "prinny/ambulate_td/rotation03_frame05.png"
				},
				{
					"file": "prinny/ambulate_td/rotation03_frame06.png"
				},
				{
					"file": "prinny/ambulate_td/rotation03_frame07.png"
				},
				{
					"file": "prinny/ambulate_td/rotation03_frame08.png"
				},
				{
					"file": "prinny/ambulate_td/rotation03_frame09.png"
				},
				{
					"file": "prinny/ambulate_td/rotation03_frame10.png"
				},
				{
					"file": "prinny/ambulate_td/rotation03_frame11.png"
				},
				{
					"file": "prinny/ambulate_td/rotation03_frame12.png"
				}
			],
			[
				{
					"file": "prinny/ambulate_td/rotation04_frame01.png"
				},
				{
					"file": "prinny/ambulate_td/rotation04_frame02.png"
				},
				{
					"file": "prinny/ambulate_td/rotation04_frame03.png"
				},
				{
					"file": "prinny/ambulate_td/rotation04_frame04.png"
				},
				{
					"file": "prinny/ambulate_td/rotation04_frame05.png"
				},
				{
					"file": "prinny/ambulate_td/rotation04_frame06.png"
				},
				{
					"file": "prinny/ambulate_td/rotation04_frame07.png"
				},
				{
					"file": "prinny/ambulate_td/rotation04_frame08.png"
				},
				{
					"file": "prinny/ambulate_td/rotation04_frame09.png"
				},
				{
					"file": "prinny/ambulate_td/rotation04_frame10.png"
				},
				{
					"file": "prinny/ambulate_td/rotation04_frame11.png"
				},
				{
					"file": "prinny/ambulate_td/rotation04_frame12.png"
				}
			],
			[
				{
					"file": "prinny/ambulate_td/rotation05_frame01.png"
				},
				{
					"file": "prinny/ambulate_td/rotation05_frame02.png"
				},
				{
					"file": "prinny/ambulate_td/rotation05_frame03.png"
				},
				{
					"file": "prinny/ambulate_td/rotation05_frame04.png"
				},
				{
					"file": "prinny/ambulate_td/rotation05_frame05.png"
				},
				{
					"file": "prinny/ambulate_td/rotation05_frame06.png"
				},
				{
					"file": "prinny/ambulate_td/rotation05_frame07.png"
				},
				{
					"file": "prinny/ambulate_td/rotation05_frame08.png"
				},
				{
					"file": "prinny/ambulate_td/rotation05_frame09.png"
				},
				{
					"file": "prinny/ambulate_td/rotation05_frame10.png"
				},
				{
					"file": "prinny/ambulate_td/rotation05_frame11.png"
				},
				{
					"file": "prinny/ambulate_td/rotation05_frame12.png"
				}
			]
		]
	},
	{
		"name": "PRINNY_ATTACK",
		"rotatable": true,
		"fp_offset_x": 22,
		"fp_offset_y": 40,
		"td_offset_x": 22,
		"td_offset_y": 37,
		"fp": [
			[
				{
					"file": "prinny/attack_fp/rotation01_frame01.png"
				},
				{
					"file": "prinny/attack_fp/rotation01_frame02.png"
				},
				{
					"file": "prinny/attack_fp/rotation01_frame03.png"
				},
				{
					"file": "prinny/attack_fp/rotation01_frame04.png"
				},
				{
					"file": "prinny/attack_fp/rotation01_frame05.png"
				},
				{
					"file": "prinny/attack_fp/rotation01_frame06.png"
				},
				{
					"file": "prinny/attack_fp/rotation01_frame07.png"
				},
				{
					"file": "prinny/attack_fp/rotation01_frame08.png"
				}
			],
			[
				{
					"file": "prinny/attack_fp/rotation02_frame01.png"
				},
				{
					"file": "prinny/attack_fp/rotation02_frame02.png"
				},
				{
					"file": "prinny/attack_fp/rotation02_frame03.png"
				},
				{
					"file": "prinny/attack_fp/rotation02_frame04.png"
				},
				{
					"file": "prinny/attack_fp/rotation02_frame05.png"
				},
				{
					"file": "prinny/attack_fp/rotation02_frame06.png"
				},
				{
					"file": "prinny/attack_fp/rotation02_frame07.png"
				},
				{
					"file": "prinny/attack_fp/rotation02_frame08.png"
				}
			],
			[
				{
					"file": "prinny/attack_fp/rotation03_frame01.png"
				},
				{
					"file": "prinny/attack_fp/rotation03_frame02.png"
				},
				{
					"file": "prinny/attack_fp/rotation03_frame03.png"
				},
				{
					"file": "prinny/attack_fp/rotation03_frame04.png"
				},
				{
					"file": "prinny/attack_fp/rotation03_frame05.png"
				},
				{
					"file": "prinny/attack_fp/rotation03_frame06.png"
				},
				{
					"file": "prinny/attack_fp/rotation03_frame07.png"
				},
				{
					"file": "prinny/attack_fp/rotation03_frame08.png"
				}
			],
			[
				{
					"file": "prinny/attack_fp/rotation04_frame01.png"
				},
				{
					"file": "prinny/attack_fp/rotation04_frame02.png"
				},
				{
					"file": "prinny/attack_fp/rotation04_frame03.png"
				},
				{
					"file": "prinny/attack_fp/rotation04_frame04.png"
				},
				{
					"file": "prinny/attack_fp/rotation04_frame05.png"
				},
				{
					"file": "prinny/attack_fp/rotation04_frame06.png"
				},
				{
					"file": "prinny/attack_fp/rotation04_frame07.png"
				},
				{
					"file": "prinny/attack_fp/rotation04_frame08.png"
				}
			],
			[
				{
					"file": "prinny/attack_fp/rotation05_frame01.png"
				},
				{
					"file": "prinny/attack_fp/rotation05_frame02.png"
				},
				{
					"file": "prinny/attack_fp/rotation05_frame03.png"
				},
				{
					"file": "prinny/attack_fp/rotation05_frame04.png"
				},
				{
					"file": "prinny/attack_fp/rotation05_frame05.png"
				},
				{
					"file": "prinny/attack_fp/rotation05_frame06.png"
				},
				{
					"file": "prinny/attack_fp/rotation05_frame07.png"
				},
				{
					"file": "prinny/attack_fp/rotation05_frame08.png"
				}
			]
		],
		"td": [
			[
				{
					"file": "prinny/attack_td/rotation01_frame01.png"
				},
				{
					"file": "prinny/attack_td/rotation01_frame02.png"
				},
				{
					"file": "prinny/attack_td/rotation01_frame03.png"
				},
				{
					"file": "prinny/attack_td/rotation01_frame04.png"
				},
				{
					"file": "prinny/attack_td/rotation01_frame05.png"
				},
				{
					"file": "prinny/attack_td/rotation01_frame06.png"
				},
				{
					"file": "prinny/attack_td/rotation01_frame07.png"
				},
				{
					"file": "prinny/attack_td/rotation01_frame08.png"
				}
			],
			[
				{
					"file": "prinny/attack_td/rotation02_frame01.png"
				},
				{
					"file": "prinny/attack_td/rotation02_frame02.png"
				},
				{
					"file": "prinny/attack_td/rotation02_frame03.png"
				},
				{
					"file": "prinny/attack_td/rotation02_frame04.png"
				},
				{
					"file": "prinny/attack_td/rotation02_frame05.png"
				},
				{
					"file": "prinny/attack_td/rotation02_frame06.png"
				},
				{
					"file": "prinny/attack_td/rotation02_frame07.png"
				},
				{
					"file": "prinny/attack_td/rotation02_frame08.png"
				}
			],
			[
				{
					"file": "prinny/attack_td/rotation03_frame01.png"
				},
				{
					"file": "prinny/attack_td/rotation03_frame02.png"
				},
				{
					"file": "prinny/attack_td/rotation03_frame03.png"
				},
				{
					"file": "prinny/attack_td/rotation03_frame04.png"
				},
				{
					"file": "prinny/attack_td/rotation03_frame05.png"
				},
				{
					"file": "prinny/attack_td/rotation03_frame06.png"
				},
				{
					"file": "prinny/attack_td/rotation03_frame07.png"
				},
				{
					"file": "prinny/attack_td/rotation03_frame08.png"
				}
			],
			[
				{
					"file": "prinny/attack_td/rotation04_frame01.png"
				},
				{
					"file": "prinny/attack_td/rotation04_frame02.png"
				},
				{
					"file": "prinny/attack_td/rotation04_frame03.png"
				},
				{
					"file": "prinny/attack_td/rotation04_frame04.png"
				},
				{
					"file": "prinny/attack_td/rotation04_frame05.png"
				},
				{
					"file": "prinny/attack_td/rotation04_frame06.png"
				},
				{
					"file": "prinny/attack_td/rotation04_frame07.png"
				},
				{
					"file": "prinny/attack_td/rotation04_frame08.png"
				}
			],
			[
				{
					"file": "prinny/attack_td/rotation05_frame01.png"
				},
				{
					"file": "prinny/attack_td/rotation05_frame02.png"
				},
				{
					"file": "prinny/attack_td/rotation05_frame03.png"
				},
				{
					"file": "prinny/attack_td/rotation05_frame04.png"
				},
				{
					"file": "prinny/attack_td/rotation05_frame05.png"
				},
				{
					"file": "prinny/attack_td/rotation05_frame06.png"
				},
				{
					"file": "prinny/attack_td/rotation05_frame07.png"
				},
				{
					"file": "prinny/attack_td/rotation05_frame08.png"
				}
			]
		]
	},
	{
		"name": "PRINNY_GOTHIT",
		"rotatable": true,
		"fp_offset_x": 22,
		"fp_offset_y": 40,
		"td_offset_x": 22,
		"td_offset_y": 35,
		"fp": [
			[
				{
					"file": "prinny/gothit_fp/rotation01_frame01.png"
				}
			],
			[
				{
					"file": "prinny/gothit_fp/rotation02_frame01.png"
				}
			],
			[
				{
					"file": "prinny/gothit_fp/rotation03_frame01.png"
				}
			],
			[
				{
					"file": "prinny/gothit_fp/rotation04_frame01.png"
				}
			],
			[
				{
					"file": "prinny/gothit_fp/rotation05_frame01.png"
				}
			]
		],
		"td": [
			[
				{
					"file": "prinny/gothit_td/rotation01_frame01.png"
				}
			],
			[
				{
					"file": "prinny/gothit_td/rotation02_frame01.png"
				}
			],
			[
				{
					"file": "prinny/gothit_td/rotation03_frame01.png"
				}
			],
			[
				{
					"file": "prinny/gothit_td/rotation04_frame01.png"
				}
			],
			[
				{
					"file": "prinny/gothit_td/rotation05_frame01.png"
				}
			]
		]
	},
	{
		"name": "PRINNY_POWERGRAB",
		"rotatable": false,
		"fp_offset_x": 22,
		"fp_offset_y": 40,
		"td_offset_x": 22,
		"td_offset_y": 35,
		"fp": [
			[
				{
					"file": "prinny/powergrab_fp/rotation01_frame01.png"
				}
			]
		],
		"td": [
			[
				{
					"file": "prinny/powergrab_td/rotation01_frame01.png"
				}
			]
		]
	},
	{
		"name": "PRINNY_GOTSLAPPED",
		"rotatable": true,
		"fp_offset_x": 22,
		"fp_offset_y": 40,
		"td_offset_x": 22,
		"td_offset_y": 35,
		"fp": [
			[
				{
					"file": "prinny/gotslapped_fp/rotation01_frame01.png"
				}
			],
			[
				{
					"file": "prinny/gotslapped_fp/rotation02_frame01.png"
				}
			],
			[
				{
					"file": "prinny/gotslapped_fp/rotation03_frame01.png"
				}
			],
			[
				{
					"file": "prinny/gotslapped_fp/rotation04_frame01.png"
				}
			],
			[
				{
					"file": "prinny/gotslapped_fp/rotation05_frame01.png"
				}
			]
		],
		"td": [
			[
				{
					"file": "prinny/gotslapped_td/rotation01_frame01.png"
				}
			],
			[
				{
					"file": "prinny/gotslapped_td/rotation02_frame01.png"
				}
			],
			[
				{
					"file": "prinny/gotslapped_td/rotation03_frame01.png"
				}
			],
			[
				{
					"file": "prinny/gotslapped_td/rotation04_frame01.png"
				}
			],
			[
				{
					"file": "prinny/gotslapped_td/rotation05_frame01.png"
				}
			]
		]
	},
	{
		"name": "PRINNY_SLEEP",
		"rotatable": false,
		"fp_offset_x": 22,
		"fp_offset_y": 40,
		"td_offset_x": 22,
		"td_offset_y": 35,
		"fp": [
			[
				{
					"file": "prinny/sleep_fp/rotation01_frame01.png"
				}
			]
		],
		"td": [
			[
				{
					"file": "prinny/sleep_td/rotation01_frame01.png"
				}
			]
		]
	},
	{
		"name": "PRINNY_EATCHICKEN",
		"rotatable": false,
		"fp_offset_x": 22,
		"fp_offset_y": 40,
		"td_offset_x": 22,
		"td_offset_y": 35,
		"fp": [
			[
				{
					"file": "prinny/eatchicken_fp/rotation01_frame01.png"
				},
				{
					"file": "prinny/eatchicken_fp/rotation01_frame02.png"
				},
				{
					"file": "prinny/eatchicken_fp/rotation01_frame03.png"
				},
				{
					"file": "prinny/eatchicken_fp/rotation01_frame04.png"
				},
				{
					"file": "prinny/eatchicken_fp/rotation01_frame05.png"
				},
				{
					"file": "prinny/eatchicken_fp/rotation01_frame06.png"
				},
				{
					"file": "prinny/eatchicken_fp/rotation01_frame07.png"
				},
				{
					"file": "prinny/eatchicken_fp/rotation01_frame08.png"
				}
			]
		],
		"td": [
			[
				{
					"file": "prinny/eatchicken_td/rotation01_frame01.png"
				},
				{
					"file": "prinny/eatchicken_td/rotation01_frame02.png"
				},
				{
					"file": "prinny/eatchicken_td/rotation01_frame03.png"
				},
				{
					"file": "prinny/eatchicken_td/rotation01_frame04.png"
				},
				{
					"file": "prinny/eatchicken_td/rotation01_frame05.png"
				},
				{
					"file": "prinny/eatchicken_td/rotation01_frame06.png"
				},
				{
					"file": "prinny/eatchicken_td/rotation01_frame07.png"
				},
				{
					"file": "prinny/eatchicken_td/rotation01_frame08.png"
				}
			]
		]
	},
	{
		"name": "PRINNY_TORTURE",
		"rotatable": false,
		"fp_offset_x": 22,
		"fp_offset_y": 40,
		"td_offset_x": 22,
		"td_offset_y": 35,
		"fp": [
			[
				{
					"file": "prinny/torture_fp/rotation01_frame01.png"
				},
				{
					"file": "prinny/torture_fp/rotation01_frame02.png"
				},
				{
					"file": "prinny/torture_fp/rotation01_frame03.png"
				},
				{
					"file": "prinny/torture_fp/rotation01_frame04.png"
				},
				{
					"file": "prinny/torture_fp/rotation01_frame05.png"
				},
				{
					"file": "prinny/torture_fp/rotation01_frame06.png"
				},
				{
					"file": "prinny/torture_fp/rotation01_frame07.png"
				},
				{
					"file": "prinny/torture_fp/rotation01_frame08.png"
				}
			]
		],
		"td": [
			[
				{
					"file": "prinny/torture_td/rotation01_frame01.png"
				},
				{
					"file": "prinny/torture_td/rotation01_frame02.png"
				},
				{
					"file": "prinny/torture_td/rotation01_frame03.png"
				},
				{
					"file": "prinny/torture_td/rotation01_frame04.png"
				},
				{
					"file": "prinny/torture_td/rotation01_frame05.png"
				},
				{
					"file": "prinny/torture_td/rotation01_frame06.png"
				},
				{
					"file": "prinny/torture_td/rotation01_frame07.png"
				},
				{
					"file": "prinny/torture_td/rotation01_frame08.png"
				}
			]
		]
	},
	{
		"name": "PRINNY_SCREAM",
		"rotatable": false,
		"fp_offset_x": 22,
		"fp_offset_y": 40,
		"td_offset_x": 22,
		"td_offset_y": 35,
		"fp": [
			[
				{
					"file": "prinny/scream_fp/rotation01_frame01.png"
				},
				{
					"file": "prinny/scream_fp/rotation01_frame02.png"
				},
				{
					"file": "prinny/scream_fp/rotation01_frame03.png"
				},
				{
					"file": "prinny/scream_fp/rotation01_frame04.png"
				}
			]
		],
		"td": [
			[
				{
					"file": "prinny/scream_td/rotation01_frame01.png"
				},
				{
					"file": "prinny/scream_td/rotation01_frame02.png"
				},
				{
					"file": "prinny/scream_td/rotation01_frame03.png"
				},
				{
					"file": "prinny/scream_td/rotation01_frame04.png"
				}
			]
		]
	},
	{
		"name": "PRINNY_DROPDEAD",
		"rotatable": false,
		"fp_offset_x": 22,
		"fp_offset_y": 40,
		"td_offset_x": 22,
		"td_offset_y": 35,
		"fp": [
			[
				{
					"file": "prinny/dropdead_fp/rotation01_frame01.png"
				},
				{
					"file": "prinny/dropdead_fp/rotation01_frame02.png"
				}
			]
		],
		"td": [
			[
				{
					"file": "prinny/dropdead_td/rotation01_frame01.png"
				},
				{
					"file": "prinny/dropdead_td/rotation01_frame02.png"
				}
			]
		]
	}
]