[
	{
		"name": "POTION_RED",
		"rotatable": false,
		"fp_offset_x": 10,
		"fp_offset_y": 50,
		"td_offset_x": 7,
		"td_offset_y": 37,
		"fp": [
			[
				{
					"file": "potions/potion_red_fp.png"
				}
			]
		],
		"td": [
			[
				{
					"file": "potions/potion_red_tp.png"
				}
			]
		]
	},
	{
		"name": "POTION_BROWN",
		"rotatable": false,
		"fp_offset_x": 10,
		"fp_offset_y": 50,
		"td_offset_x": 7,
		"td_offset_y": 37,
		"fp": [
			[
				{
					"file": "potions/potion_brown_fp.png"
				}
			]
		],
		"td": [
			[
				{
					"file": "potions/potion_brown_tp.png"
				}
			]
		]
	},
	{
		"name": "POTION_WHITE",
		"rotatable": false,
		"fp_offset_x": 10,
		"fp_offset_y": 50,
		"td_offset_x": 7,
		"td_offset_y": 37,
		"fp": [
			[
				{
					"file": "potions/potion_white_fp.png"
				}
			]
		],
		"td": [
			[
				{
					"file": "potions/potion_white_tp.png"
				}
			]
		]
	},
	{
		"name": "POTION_YELLOW",
		"rotatable": false,
		"fp_offset_x": 10,
		"fp_offset_y": 50,
		"td_offset_x": 7,
		"td_offset_y": 37,
		"fp": [
			[
				{
					"file": "potions/potion_yellow_fp.png"
				}
			]
		],
		"td": [
			[
				{
					"file": "potions/potion_yellow_tp.png"
				}
			]
		]
	},
	{
		"name": "BANNER",
		"rotatable": true,
		"fp_offset_x": 23,
		"fp_offset_y": 95,
		"td_offset_x": 23,
		"td_offset_y": 84,
		"fp": [
			[
				{
					"file": "banner/bannerfpfront.png"
				}
			],
			[
				{
					"file": "banner/bannerfprf.png"
				}
			],
			[
				{
					"file": "banner/bannerfpright.png"
				}
			],
			[
				{
					"file": "banner/bannerfprb.png"
				}
			],
			[
				{
					"file": "banner/bannerfpback.png"
				}
			]
		],
		"td": [
			[
				{
					"file": "banner/bannertdfront.png"
				}
			],
			[
				{
					"file": "banner/bannertdrf.png"
				}
			],
			[
				{
					"file": "banner/bannertdright.png"
				}
			],
			[
				{
					"file": "banner/bannertdrb.png"
				}
			],
			[
				{
					"file": "banner/bannertdback.png"
				}
			]
		]
	},
	{
		"name": "BANNER_NR",
		"rotatable": false,
		"fp_offset_x": 23,
		"fp_offset_y": 95,
		"td_offset_x": 23,
		"td_offset_y": 84,
		"fp": [
			[
				{
					"file": "banner/bannerfpfront.png"
				}
			]
		],
		"td": [
			[
				{
					"file": "banner/bannertdfront.png"
				}
			]
		]
	},
	{
		"name": "WIND_BANNER",
		"rotatable": true,
		"fp_offset_x": 24,
		"fp_offset_y": 95,
		"td_offset_x": 23,
		"td_offset_y": 83,
		"fp": [
			[
				{
					"file": "banner_wind/banner3fpfront0001.png"
				},
				{
					"file": "banner_wind/banner3fpfront0002.png"
				},
				{
					"file": "banner_wind/banner3fpfront0003.png"
				},
				{
					"file": "banner_wind/banner3fpfront0004.png"
				},
				{
					"file": "banner_wind/banner3fpfront0005.png"
				}
			],
			[
				{
					"file": "banner_wind/banner3fprf0001.png"
				},
				{
					"file": "banner_wind/banner3fprf0002.png"
				},
				{
					"file": "banner_wind/banner3fprf0003.png"
				},
				{
					"file": "banner_wind/banner3fprf0004.png"
				},
				{
					"file": "banner_wind/banner3fprf0005.png"
				}
			],
			[
				{
					"file": "banner_wind/banner3fpright0001.png"
				},
				{
					"file": "banner_wind/banner3fpright0002.png"
				},
				{
					"file": "banner_wind/banner3fpright0003.png"
				},
				{
					"file": "banner_wind/banner3fpright0004.png"
				},
				{
					"file": "banner_wind/banner3fpright0005.png"
				}
			],
			[
				{
					"file": "banner_wind/banner3fprb0001.png"
				},
				{
					"file": "banner_wind/banner3fprb0002.png"
				},
				{
					"file": "banner_wind/banner3fprb0003.png"
				},
				{
					"file": "banner_wind/banner3fprb0004.png"
				},
				{
					"file": "banner_wind/banner3fprb0005.png"
				}
			],
			[
				{
					"file": "banner_wind/banner3fpback0001.png"
				},
				{
					"file": "banner_wind/banner3fpback0002.png"
				},
				{
					"file": "banner_wind/banner3fpback0003.png"
				},
				{
					"file": "banner_wind/banner3fpback0004.png"
				},
				{
					"file": "banner_wind/banner3fpback0005.png"
				}
			]
		],
		"td": [
			[
				{
					"file": "banner_wind/banner3tdfront0001.png"
				},
				{
					"file": "banner_wind/banner3tdfront0002.png"
				},
				{
					"file": "banner_wind/banner3tdfront0003.png"
				},
				{
					"file": "banner_wind/banner3tdfront0004.png"
				},
				{
					"file": "banner_wind/banner3tdfront0005.png"
				}
			],
			[
				{
					"file": "banner_wind/banner3tdrf0001.png"
				},
				{
					"file": "banner_wind/banner3tdrf0002.png"
				},
				{
					"file": "banner_wind/banner3tdrf0003.png"
				},
				{
					"file": "banner_wind/banner3tdrf0004.png"
				},
				{
					"file": "banner_wind/banner3tdrf0005.png"
				}
			],
			[
				{
					"file": "banner_wind/banner3tdright0001.png"
				},
				{
					"file": "banner_wind/banner3tdright0002.png"
				},
				{
					"file": "banner_wind/banner3tdright0003.png"
				},
				{
					"file": "banner_wind/banner3tdright0004.png"
				},
				{
					"file": "banner_wind/banner3tdright0005.png"
				}
			],
			[
				{
					"file": "banner_wind/banner3tdrb0001.png"
				},
				{
					"file": "banner_wind/banner3tdrb0002.png"
				},
				{
					"file": "banner_wind/banner3tdrb0003.png"
				},
				{
					"file": "banner_wind/banner3tdrb0004.png"
				},
				{
					"file": "banner_wind/banner3tdrb0005.png"
				}
			],
			[
				{
					"file": "banner_wind/banner3tdback0001.png"
				},
				{
					"file": "banner_wind/banner3tdback0002.png"
				},
				{
					"file": "banner_wind/banner3tdback0003.png"
				},
				{
					"file": "banner_wind/banner3tdback0004.png"
				},
				{
					"file": "banner_wind/banner3tdback0005.png"
				}
			]
		]
	},
	{
		"name": "WIND_BANNER_NR",
		"rotatable": false,
		"fp_offset_x": 24,
		"fp_offset_y": 95,
		"td_offset_x": 23,
		"td_offset_y": 83,
		"fp": [
			[
				{
					"file": "banner_wind/banner3fpfront0001.png"
				},
				{
					"file": "banner_wind/banner3fpfront0002.png"
				},
				{
					"file": "banner_wind/banner3fpfront0003.png"
				},
				{
					"file": "banner_wind/banner3fpfront0004.png"
				},
				{
					"file": "banner_wind/banner3fpfront0005.png"
				}
			]
		],
		"td": [
			[
				{
					"file": "banner_wind/banner3tdfront0001.png"
				},
				{
					"file": "banner_wind/banner3tdfront0002.png"
				},
				{
					"file": "banner_wind/banner3tdfront0003.png"
				},
				{
					"file": "banner_wind/banner3tdfront0004.png"
				},
				{
					"file": "banner_wind/banner3tdfront0005.png"
				}
			]
		]
	},
	{
		"name": "WHITE_FLAG",
		"rotatable": false,
		"fp_offset_x": 33,
		"fp_offset_y": 94,
		"td_offset_x": 25,
		"td_offset_y": 60,
		"fp": [
			[
				{
					"file": "flagwhite/fpr1frame01.png"
				},
				{
					"file": "flagwhite/fpr1frame02.png"
				},
				{
					"file": "flagwhite/fpr1frame03.png"
				},
				{
					"file": "flagwhite/fpr1frame04.png"
				},
				{
					"file": "flagwhite/fpr1frame05.png"
				},
				{
					"file": "flagwhite/fpr1frame06.png"
				},
				{
					"file": "flagwhite/fpr1frame07.png"
				},
				{
					"file": "flagwhite/fpr1frame08.png"
				}
			]
		],
		"td": [
			[
				{
					"file": "flagwhite/r1frame01.png"
				},
				{
					"file": "flagwhite/r1frame02.png"
				},
				{
					"file": "flagwhite/r1frame03.png"
				},
				{
					"file": "flagwhite/r1frame04.png"
				},
				{
					"file": "flagwhite/r1frame05.png"
				},
				{
					"file": "flagwhite/r1frame06.png"
				},
				{
					"file": "flagwhite/r1frame07.png"
				},
				{
					"file": "flagwhite/r1frame08.png"
				}
			]
		]
	},
	{
		"name": "GOLDEN_ARMOR_NR",
		"rotatable": false,
		"fp_offset_x": 33,
		"fp_offset_y": 96,
		"td_offset_x": 23,
		"td_offset_y": 66,
		"fp": [
			[
				{
					"file": "goldenarmor/FPrff_0001.png"
				}
			]
		],
		"td": [
			[
				{
					"file": "goldenarmor/TDrff_0001.png"
				}
			]
		]
	},
	{
		"name": "GOLDEN_ARMOR",
		"rotatable": true,
		"fp_offset_x": 33,
		"fp_offset_y": 96,
		"td_offset_x": 23,
		"td_offset_y": 66,
		"fp": [
			[
				{
					"file": "goldenarmor/FPrff_0001.png"
				}
			],
			[
				{
					"file": "goldenarmor/FPrf_0001.png"
				}
			],
			[
				{
					"file": "goldenarmor/FPr_0001.png"
				}
			],
			[
				{
					"file": "goldenarmor/FPbr_0001.png"
				}
			],
			[
				{
					"file": "goldenarmor/FPb_0001.png"
				}
			]
		],
		"td": [
			[
				{
					"file": "goldenarmor/TDrff_0001.png"
				}
			],
			[
				{
					"file": "goldenarmor/TDrf_0001.png"
				}
			],
			[
				{
					"file": "goldenarmor/TDr_0001.png"
				}
			],
			[
				{
					"file": "goldenarmor/TDbr_0001.png"
				}
			],
			[
				{
					"file": "goldenarmor/TDb_0001.png"
				}
			]
		]
	},
	{
		"name": "LANTERNPOST_STAND",
		"rotatable": true,
		"fp_offset_x": 126,
		"fp_offset_y": 239,
		"td_offset_x": 127,
		"td_offset_y": 203,
		"fp": [
			[ { "file": "lanternpost/fp_r01_frame01.png" } ],
			[ { "file": "lanternpost/fp_r02_frame01.png" } ],
			[ { "file": "lanternpost/fp_r03_frame01.png" } ],
			[ { "file": "lanternpost/fp_r04_frame01.png" } ],
			[ { "file": "lanternpost/fp_r05_frame01.png" } ]
		],
		"td": [
			[ { "file": "lanternpost/td_r01_frame01.png" } ],
			[ { "file": "lanternpost/td_r02_frame01.png" } ],
			[ { "file": "lanternpost/td_r03_frame01.png" } ],
			[ { "file": "lanternpost/td_r04_frame01.png" } ],
			[ { "file": "lanternpost/td_r05_frame01.png" } ]
		]
	},
	{
		"name": "KNIGHTSTATUE",
		"rotatable": true,
		"fp_offset_x": 35,
		"fp_offset_y": 125,
		"td_offset_x": 35,
		"td_offset_y": 100,
		"fp": [
			[ { "file": "statueknight/FPfront.png" } ],
			[ { "file": "statueknight/FPrf.png" } ],
			[ { "file": "statueknight/FPright.png" } ],
			[ { "file": "statueknight/FPrb.png" } ],
			[ { "file": "statueknight/FPback.png" } ]
		],
		"td": [
			[ { "file": "statueknight/TDfront.png" } ],
			[ { "file": "statueknight/TDrf.png" } ],
			[ { "file": "statueknight/TDright.png" } ],
			[ { "file": "statueknight/TDrb.png" } ],
			[ { "file": "statueknight/TDback.png" } ]
		]
	},
	{
		"name": "VINE_TORCH",
		"rotatable": false,
		"fp_offset_x": 7,
		"fp_offset_y": 32,
		"td_offset_x": 6,
		"td_offset_y": 23,
		"fp": [
			[ { "file": "vinetorch/vinetorchfp.png" } ]
		],
		"td": [
			[ { "file": "vinetorch/vinetorchtd.png" } ]
		]
	}
]