[
	{
		"name": "GUARD_STAND",
		"rotatable": true,
		"fp_offset_x": 49,
		"fp_offset_y": 83,
		"td_offset_x": 48,
		"td_offset_y": 72,
		"fp": [
			[
				{
					"file": "stand_fp/rotation01_frame01.png"
				}
			],
			[
				{
					"file": "stand_fp/rotation02_frame01.png"
				}
			],
			[
				{
					"file": "stand_fp/rotation03_frame01.png"
				}
			],
			[
				{
					"file": "stand_fp/rotation04_frame01.png"
				}
			],
			[
				{
					"file": "stand_fp/rotation05_frame01.png"
				}
			]
		],
		"td": [
			[
				{
					"file": "stand_td/rotation01_frame01.png"
				}
			],
			[
				{
					"file": "stand_td/rotation02_frame01.png"
				}
			],
			[
				{
					"file": "stand_td/rotation03_frame01.png"
				}
			],
			[
				{
					"file": "stand_td/rotation04_frame01.png"
				}
			],
			[
				{
					"file": "stand_td/rotation05_frame01.png"
				}
			]
		]
	},
	{
		"name": "GUARD_AMBULATE",
		"rotatable": true,
		"fp_offset_x": 49,
		"fp_offset_y": 83,
		"td_offset_x": 48,
		"td_offset_y": 72,
		"fp": [
			[
				{
					"file": "ambulate_fp/rotation01_frame01.png"
				},
				{
					"file": "ambulate_fp/rotation01_frame02.png"
				},
				{
					"file": "ambulate_fp/rotation01_frame03.png"
				},
				{
					"file": "ambulate_fp/rotation01_frame04.png"
				},
				{
					"file": "ambulate_fp/rotation01_frame05.png"
				},
				{
					"file": "ambulate_fp/rotation01_frame06.png"
				},
				{
					"file": "ambulate_fp/rotation01_frame07.png"
				},
				{
					"file": "ambulate_fp/rotation01_frame08.png"
				},
				{
					"file": "ambulate_fp/rotation01_frame09.png"
				}
			],
			[
				{
					"file": "ambulate_fp/rotation02_frame01.png"
				},
				{
					"file": "ambulate_fp/rotation02_frame02.png"
				},
				{
					"file": "ambulate_fp/rotation02_frame03.png"
				},
				{
					"file": "ambulate_fp/rotation02_frame04.png"
				},
				{
					"file": "ambulate_fp/rotation02_frame05.png"
				},
				{
					"file": "ambulate_fp/rotation02_frame06.png"
				},
				{
					"file": "ambulate_fp/rotation02_frame07.png"
				},
				{
					"file": "ambulate_fp/rotation02_frame08.png"
				},
				{
					"file": "ambulate_fp/rotation02_frame09.png"
				}
			],
			[
				{
					"file": "ambulate_fp/rotation03_frame01.png"
				},
				{
					"file": "ambulate_fp/rotation03_frame02.png"
				},
				{
					"file": "ambulate_fp/rotation03_frame03.png"
				},
				{
					"file": "ambulate_fp/rotation03_frame04.png"
				},
				{
					"file": "ambulate_fp/rotation03_frame05.png"
				},
				{
					"file": "ambulate_fp/rotation03_frame06.png"
				},
				{
					"file": "ambulate_fp/rotation03_frame07.png"
				},
				{
					"file": "ambulate_fp/rotation03_frame08.png"
				},
				{
					"file": "ambulate_fp/rotation03_frame09.png"
				}
			],
			[
				{
					"file": "ambulate_fp/rotation04_frame01.png"
				},
				{
					"file": "ambulate_fp/rotation04_frame02.png"
				},
				{
					"file": "ambulate_fp/rotation04_frame03.png"
				},
				{
					"file": "ambulate_fp/rotation04_frame04.png"
				},
				{
					"file": "ambulate_fp/rotation04_frame05.png"
				},
				{
					"file": "ambulate_fp/rotation04_frame06.png"
				},
				{
					"file": "ambulate_fp/rotation04_frame07.png"
				},
				{
					"file": "ambulate_fp/rotation04_frame08.png"
				},
				{
					"file": "ambulate_fp/rotation04_frame09.png"
				}
			],
			[
				{
					"file": "ambulate_fp/rotation05_frame01.png"
				},
				{
					"file": "ambulate_fp/rotation05_frame02.png"
				},
				{
					"file": "ambulate_fp/rotation05_frame03.png"
				},
				{
					"file": "ambulate_fp/rotation05_frame04.png"
				},
				{
					"file": "ambulate_fp/rotation05_frame05.png"
				},
				{
					"file": "ambulate_fp/rotation05_frame06.png"
				},
				{
					"file": "ambulate_fp/rotation05_frame07.png"
				},
				{
					"file": "ambulate_fp/rotation05_frame08.png"
				},
				{
					"file": "ambulate_fp/rotation05_frame09.png"
				}
			]
		],
		"td": [
			[
				{
					"file": "ambulate_td/rotation01_frame01.png"
				},
				{
					"file": "ambulate_td/rotation01_frame02.png"
				},
				{
					"file": "ambulate_td/rotation01_frame03.png"
				},
				{
					"file": "ambulate_td/rotation01_frame04.png"
				},
				{
					"file": "ambulate_td/rotation01_frame05.png"
				},
				{
					"file": "ambulate_td/rotation01_frame06.png"
				},
				{
					"file": "ambulate_td/rotation01_frame07.png"
				},
				{
					"file": "ambulate_td/rotation01_frame08.png"
				},
				{
					"file": "ambulate_td/rotation01_frame09.png"
				}
			],
			[
				{
					"file": "ambulate_td/rotation02_frame01.png"
				},
				{
					"file": "ambulate_td/rotation02_frame02.png"
				},
				{
					"file": "ambulate_td/rotation02_frame03.png"
				},
				{
					"file": "ambulate_td/rotation02_frame04.png"
				},
				{
					"file": "ambulate_td/rotation02_frame05.png"
				},
				{
					"file": "ambulate_td/rotation02_frame06.png"
				},
				{
					"file": "ambulate_td/rotation02_frame07.png"
				},
				{
					"file": "ambulate_td/rotation02_frame08.png"
				},
				{
					"file": "ambulate_td/rotation02_frame09.png"
				}
			],
			[
				{
					"file": "ambulate_td/rotation03_frame01.png"
				},
				{
					"file": "ambulate_td/rotation03_frame02.png"
				},
				{
					"file": "ambulate_td/rotation03_frame03.png"
				},
				{
					"file": "ambulate_td/rotation03_frame04.png"
				},
				{
					"file": "ambulate_td/rotation03_frame05.png"
				},
				{
					"file": "ambulate_td/rotation03_frame06.png"
				},
				{
					"file": "ambulate_td/rotation03_frame07.png"
				},
				{
					"file": "ambulate_td/rotation03_frame08.png"
				},
				{
					"file": "ambulate_td/rotation03_frame09.png"
				}
			],
			[
				{
					"file": "ambulate_td/rotation04_frame01.png"
				},
				{
					"file": "ambulate_td/rotation04_frame02.png"
				},
				{
					"file": "ambulate_td/rotation04_frame03.png"
				},
				{
					"file": "ambulate_td/rotation04_frame04.png"
				},
				{
					"file": "ambulate_td/rotation04_frame05.png"
				},
				{
					"file": "ambulate_td/rotation04_frame06.png"
				},
				{
					"file": "ambulate_td/rotation04_frame07.png"
				},
				{
					"file": "ambulate_td/rotation04_frame08.png"
				},
				{
					"file": "ambulate_td/rotation04_frame09.png"
				}
			],
			[
				{
					"file": "ambulate_td/rotation05_frame01.png"
				},
				{
					"file": "ambulate_td/rotation05_frame02.png"
				},
				{
					"file": "ambulate_td/rotation05_frame03.png"
				},
				{
					"file": "ambulate_td/rotation05_frame04.png"
				},
				{
					"file": "ambulate_td/rotation05_frame05.png"
				},
				{
					"file": "ambulate_td/rotation05_frame06.png"
				},
				{
					"file": "ambulate_td/rotation05_frame07.png"
				},
				{
					"file": "ambulate_td/rotation05_frame08.png"
				},
				{
					"file": "ambulate_td/rotation05_frame09.png"
				}
			]
		]
	},
	{
		"name": "GUARD_ATTACK",
		"rotatable": true,
		"fp_offset_x": 49,
		"fp_offset_y": 83,
		"td_offset_x": 48,
		"td_offset_y": 72,
		"fp": [
			[
				{
					"file": "attack_fp/rotation01_frame01.png"
				},
				{
					"file": "attack_fp/rotation01_frame02.png"
				},
				{
					"file": "attack_fp/rotation01_frame03.png"
				},
				{
					"file": "attack_fp/rotation01_frame04.png"
				},
				{
					"file": "attack_fp/rotation01_frame05.png"
				},
				{
					"file": "attack_fp/rotation01_frame06.png"
				},
				{
					"file": "attack_fp/rotation01_frame07.png"
				},
				{
					"file": "attack_fp/rotation01_frame08.png"
				}
			],
			[
				{
					"file": "attack_fp/rotation02_frame01.png"
				},
				{
					"file": "attack_fp/rotation02_frame02.png"
				},
				{
					"file": "attack_fp/rotation02_frame03.png"
				},
				{
					"file": "attack_fp/rotation02_frame04.png"
				},
				{
					"file": "attack_fp/rotation02_frame05.png"
				},
				{
					"file": "attack_fp/rotation02_frame06.png"
				},
				{
					"file": "attack_fp/rotation02_frame07.png"
				},
				{
					"file": "attack_fp/rotation02_frame08.png"
				}
			],
			[
				{
					"file": "attack_fp/rotation03_frame01.png"
				},
				{
					"file": "attack_fp/rotation03_frame02.png"
				},
				{
					"file": "attack_fp/rotation03_frame03.png"
				},
				{
					"file": "attack_fp/rotation03_frame04.png"
				},
				{
					"file": "attack_fp/rotation03_frame05.png"
				},
				{
					"file": "attack_fp/rotation03_frame06.png"
				},
				{
					"file": "attack_fp/rotation03_frame07.png"
				},
				{
					"file": "attack_fp/rotation03_frame08.png"
				}
			],
			[
				{
					"file": "attack_fp/rotation04_frame01.png"
				},
				{
					"file": "attack_fp/rotation04_frame02.png"
				},
				{
					"file": "attack_fp/rotation04_frame03.png"
				},
				{
					"file": "attack_fp/rotation04_frame04.png"
				},
				{
					"file": "attack_fp/rotation04_frame05.png"
				},
				{
					"file": "attack_fp/rotation04_frame06.png"
				},
				{
					"file": "attack_fp/rotation04_frame07.png"
				},
				{
					"file": "attack_fp/rotation04_frame08.png"
				}
			],
			[
				{
					"file": "attack_fp/rotation05_frame01.png"
				},
				{
					"file": "attack_fp/rotation05_frame02.png"
				},
				{
					"file": "attack_fp/rotation05_frame03.png"
				},
				{
					"file": "attack_fp/rotation05_frame04.png"
				},
				{
					"file": "attack_fp/rotation05_frame05.png"
				},
				{
					"file": "attack_fp/rotation05_frame06.png"
				},
				{
					"file": "attack_fp/rotation05_frame07.png"
				},
				{
					"file": "attack_fp/rotation05_frame08.png"
				}
			]
		],
		"td": [
			[
				{
					"file": "attack_td/rotation01_frame01.png"
				},
				{
					"file": "attack_td/rotation01_frame02.png"
				},
				{
					"file": "attack_td/rotation01_frame03.png"
				},
				{
					"file": "attack_td/rotation01_frame04.png"
				},
				{
					"file": "attack_td/rotation01_frame05.png"
				},
				{
					"file": "attack_td/rotation01_frame06.png"
				},
				{
					"file": "attack_td/rotation01_frame07.png"
				},
				{
					"file": "attack_td/rotation01_frame08.png"
				}
			],
			[
				{
					"file": "attack_td/rotation02_frame01.png"
				},
				{
					"file": "attack_td/rotation02_frame02.png"
				},
				{
					"file": "attack_td/rotation02_frame03.png"
				},
				{
					"file": "attack_td/rotation02_frame04.png"
				},
				{
					"file": "attack_td/rotation02_frame05.png"
				},
				{
					"file": "attack_td/rotation02_frame06.png"
				},
				{
					"file": "attack_td/rotation02_frame07.png"
				},
				{
					"file": "attack_td/rotation02_frame08.png"
				}
			],
			[
				{
					"file": "attack_td/rotation03_frame01.png"
				},
				{
					"file": "attack_td/rotation03_frame02.png"
				},
				{
					"file": "attack_td/rotation03_frame03.png"
				},
				{
					"file": "attack_td/rotation03_frame04.png"
				},
				{
					"file": "attack_td/rotation03_frame05.png"
				},
				{
					"file": "attack_td/rotation03_frame06.png"
				},
				{
					"file": "attack_td/rotation03_frame07.png"
				},
				{
					"file": "attack_td/rotation03_frame08.png"
				}
			],
			[
				{
					"file": "attack_td/rotation04_frame01.png"
				},
				{
					"file": "attack_td/rotation04_frame02.png"
				},
				{
					"file": "attack_td/rotation04_frame03.png"
				},
				{
					"file": "attack_td/rotation04_frame04.png"
				},
				{
					"file": "attack_td/rotation04_frame05.png"
				},
				{
					"file": "attack_td/rotation04_frame06.png"
				},
				{
					"file": "attack_td/rotation04_frame07.png"
				},
				{
					"file": "attack_td/rotation04_frame08.png"
				}
			],
			[
				{
					"file": "attack_td/rotation05_frame01.png"
				},
				{
					"file": "attack_td/rotation05_frame02.png"
				},
				{
					"file": "attack_td/rotation05_frame03.png"
				},
				{
					"file": "attack_td/rotation05_frame04.png"
				},
				{
					"file": "attack_td/rotation05_frame05.png"
				},
				{
					"file": "attack_td/rotation05_frame06.png"
				},
				{
					"file": "attack_td/rotation05_frame07.png"
				},
				{
					"file": "attack_td/rotation05_frame08.png"
				}
			]
		]
	},
	{
		"name": "GUARD_GOTHIT",
		"rotatable": true,
		"fp_offset_x": 49,
		"fp_offset_y": 83,
		"td_offset_x": 48,
		"td_offset_y": 72,
		"fp": [
			[
				{
					"file": "gothit_fp/rotation01_frame01.png"
				}
			],
			[
				{
					"file": "gothit_fp/rotation02_frame01.png"
				}
			],
			[
				{
					"file": "gothit_fp/rotation03_frame01.png"
				}
			],
			[
				{
					"file": "gothit_fp/rotation04_frame01.png"
				}
			],
			[
				{
					"file": "gothit_fp/rotation05_frame01.png"
				}
			]
		],
		"td": [
			[
				{
					"file": "gothit_td/rotation01_frame01.png"
				}
			],
			[
				{
					"file": "gothit_td/rotation02_frame01.png"
				}
			],
			[
				{
					"file": "gothit_td/rotation03_frame01.png"
				}
			],
			[
				{
					"file": "gothit_td/rotation04_frame01.png"
				}
			],
			[
				{
					"file": "gothit_td/rotation05_frame01.png"
				}
			]
		]
	},
	{
		"name": "GUARD_POWERGRAB",
		"rotatable": false,
		"fp_offset_x": 55,
		"fp_offset_y": 109,
		"td_offset_x": 55,
		"td_offset_y": 88,
		"fp": [
			[
				{
					"file": "powergrab_fp/rotation02_frame01.png"
				},
				{
					"file": "powergrab_fp/rotation02_frame02.png"
				},
				{
					"file": "powergrab_fp/rotation02_frame03.png"
				},
				{
					"file": "powergrab_fp/rotation02_frame04.png"
				},
				{
					"file": "powergrab_fp/rotation02_frame05.png"
				},
				{
					"file": "powergrab_fp/rotation02_frame06.png"
				},
				{
					"file": "powergrab_fp/rotation02_frame07.png"
				},
				{
					"file": "powergrab_fp/rotation02_frame08.png"
				}
			]
		],
		"td": [
			[
				{
					"file": "powergrab_td/rotation02_frame01.png"
				},
				{
					"file": "powergrab_td/rotation02_frame02.png"
				},
				{
					"file": "powergrab_td/rotation02_frame03.png"
				},
				{
					"file": "powergrab_td/rotation02_frame04.png"
				},
				{
					"file": "powergrab_td/rotation02_frame05.png"
				},
				{
					"file": "powergrab_td/rotation02_frame06.png"
				},
				{
					"file": "powergrab_td/rotation02_frame07.png"
				},
				{
					"file": "powergrab_td/rotation02_frame08.png"
				}
			]
		]
	},
	{
		"name": "GUARD_GOTSLAPPED",
		"rotatable": true,
		"fp_offset_x": 49,
		"fp_offset_y": 83,
		"td_offset_x": 48,
		"td_offset_y": 72,
		"fp": [
			[
				{
					"file": "gotslapped_fp/rotation01_frame01.png"
				}
			],
			[
				{
					"file": "gotslapped_fp/rotation02_frame01.png"
				}
			],
			[
				{
					"file": "gotslapped_fp/rotation03_frame01.png"
				}
			],
			[
				{
					"file": "gotslapped_fp/rotation04_frame01.png"
				}
			],
			[
				{
					"file": "gotslapped_fp/rotation05_frame01.png"
				}
			]
		],
		"td": [
			[
				{
					"file": "gotslapped_td/rotation01_frame01.png"
				}
			],
			[
				{
					"file": "gotslapped_td/rotation02_frame01.png"
				}
			],
			[
				{
					"file": "gotslapped_td/rotation03_frame01.png"
				}
			],
			[
				{
					"file": "gotslapped_td/rotation04_frame01.png"
				}
			],
			[
				{
					"file": "gotslapped_td/rotation05_frame01.png"
				}
			]
		]
	},
	{
		"name": "GUARD_CELEBRATE",
		"rotatable": false,
		"fp_offset_x": 49,
		"fp_offset_y": 83,
		"td_offset_x": 48,
		"td_offset_y": 72,
		"fp": [
			[
				{
					"file": "celebrate_fp/rotation01_frame01.png"
				},
				{
					"file": "celebrate_fp/rotation01_frame02.png"
				},
				{
					"file": "celebrate_fp/rotation01_frame03.png"
				},
				{
					"file": "celebrate_fp/rotation01_frame04.png"
				},
				{
					"file": "celebrate_fp/rotation01_frame05.png"
				},
				{
					"file": "celebrate_fp/rotation01_frame06.png"
				},
				{
					"file": "celebrate_fp/rotation01_frame07.png"
				}
			]
		],
		"td": [
			[
				{
					"file": "celebrate_td/rotation01_frame01.png"
				},
				{
					"file": "celebrate_td/rotation01_frame02.png"
				},
				{
					"file": "celebrate_td/rotation01_frame03.png"
				},
				{
					"file": "celebrate_td/rotation01_frame04.png"
				},
				{
					"file": "celebrate_td/rotation01_frame05.png"
				},
				{
					"file": "celebrate_td/rotation01_frame06.png"
				},
				{
					"file": "celebrate_td/rotation01_frame07.png"
				}
			]
		]
	},
	{
		"name": "GUARD_SLEEP",
		"rotatable": false,
		"fp_offset_x": 49,
		"fp_offset_y": 86,
		"td_offset_x": 47,
		"td_offset_y": 75,
		"fp": [
			[
				{
					"file": "sleep_fp/rotation01_frame01.png"
				},
				{
					"file": "sleep_fp/rotation01_frame02.png"
				},
				{
					"file": "sleep_fp/rotation01_frame03.png"
				},
				{
					"file": "sleep_fp/rotation01_frame04.png"
				}
			]
		],
		"td": [
			[
				{
					"file": "sleep_td/rotation01_frame01.png"
				},
				{
					"file": "sleep_td/rotation01_frame02.png"
				},
				{
					"file": "sleep_td/rotation01_frame03.png"
				},
				{
					"file": "sleep_td/rotation01_frame04.png"
				}
			]
		]
	},
	{
		"name": "GUARD_EATCHICKEN",
		"rotatable": false,
		"fp_offset_x": 49,
		"fp_offset_y": 83,
		"td_offset_x": 48,
		"td_offset_y": 72,
		"fp": [
			[
				{
					"file": "eatchicken_fp/rotation01_frame01.png"
				},
				{
					"file": "eatchicken_fp/rotation01_frame02.png"
				},
				{
					"file": "eatchicken_fp/rotation01_frame03.png"
				},
				{
					"file": "eatchicken_fp/rotation01_frame04.png"
				},
				{
					"file": "eatchicken_fp/rotation01_frame05.png"
				},
				{
					"file": "eatchicken_fp/rotation01_frame06.png"
				},
				{
					"file": "eatchicken_fp/rotation01_frame07.png"
				},
				{
					"file": "eatchicken_fp/rotation01_frame08.png"
				}
			]
		],
		"td": [
			[
				{
					"file": "eatchicken_td/rotation01_frame01.png"
				},
				{
					"file": "eatchicken_td/rotation01_frame02.png"
				},
				{
					"file": "eatchicken_td/rotation01_frame03.png"
				},
				{
					"file": "eatchicken_td/rotation01_frame04.png"
				},
				{
					"file": "eatchicken_td/rotation01_frame05.png"
				},
				{
					"file": "eatchicken_td/rotation01_frame06.png"
				},
				{
					"file": "eatchicken_td/rotation01_frame07.png"
				},
				{
					"file": "eatchicken_td/rotation01_frame08.png"
				}
			]
		]
	},
	{
		"name": "GUARD_SCREAM",
		"rotatable": false,
		"fp_offset_x": 49,
		"fp_offset_y": 83,
		"td_offset_x": 48,
		"td_offset_y": 72,
		"fp": [
			[
				{
					"file": "scream_fp/rotation01_frame01.png"
				},
				{
					"file": "scream_fp/rotation01_frame02.png"
				},
				{
					"file": "scream_fp/rotation01_frame03.png"
				},
				{
					"file": "scream_fp/rotation01_frame04.png"
				},
				{
					"file": "scream_fp/rotation01_frame05.png"
				},
				{
					"file": "scream_fp/rotation01_frame06.png"
				},
				{
					"file": "scream_fp/rotation01_frame07.png"
				}
			]
		],
		"td": [
			[
				{
					"file": "scream_td/rotation01_frame01.png"
				},
				{
					"file": "scream_td/rotation01_frame02.png"
				},
				{
					"file": "scream_td/rotation01_frame03.png"
				},
				{
					"file": "scream_td/rotation01_frame04.png"
				},
				{
					"file": "scream_td/rotation01_frame05.png"
				},
				{
					"file": "scream_td/rotation01_frame06.png"
				},
				{
					"file": "scream_td/rotation01_frame07.png"
				}
			]
		]
	},
	{
		"name": "GUARD_DROPDEAD",
		"rotatable": false,
		"fp_offset_x": 49,
		"fp_offset_y": 83,
		"td_offset_x": 48,
		"td_offset_y": 72,
		"fp": [
			[
				{
					"file": "dropdead_fp/rotation01_frame01.png"
				},
				{
					"file": "dropdead_fp/rotation01_frame02.png"
				},
				{
					"file": "dropdead_fp/rotation01_frame03.png"
				},
				{
					"file": "dropdead_fp/rotation01_frame04.png"
				},
				{
					"file": "dropdead_fp/rotation01_frame05.png"
				}
			]
		],
		"td": [
			[
				{
					"file": "dropdead_td/rotation01_frame01.png"
				},
				{
					"file": "dropdead_td/rotation01_frame02.png"
				},
				{
					"file": "dropdead_td/rotation01_frame03.png"
				},
				{
					"file": "dropdead_td/rotation01_frame04.png"
				},
				{
					"file": "dropdead_td/rotation01_frame05.png"
				}
			]
		]
	}
]