[
	
	{
		"name": "DWART_ELITE_WALK",
		"rotatable": true,
		"fp_offset_x": 30,
		"fp_offset_y": 50,
		"td_offset_x": 22,
		"td_offset_y": 37,
		"fp": [
			[
				{
					"file": "walk_fp/r1frame01.png"
				},
				{
					"file": "walk_fp/r1frame02.png"
				},
				{
					"file": "walk_fp/r1frame03.png"
				},
				{
					"file": "walk_fp/r1frame04.png"
				},
				{
					"file": "walk_fp/r1frame05.png"
				},
				{
					"file": "walk_fp/r1frame06.png"
	
				}
			],
			[
				{
					"file": "walk_fp/r2frame01.png"
				},
				{
					"file": "walk_fp/r2frame02.png"
				},
				{
					"file": "walk_fp/r2frame03.png"
				},
				{
					"file": "walk_fp/r2frame04.png"
				},
				{
					"file": "walk_fp/r2frame05.png"
				},
				{
					"file": "walk_fp/r2frame06.png"
				
				}
			],
			[
				{
					"file": "walk_fp/r3frame01.png"
				},
				{
					"file": "walk_fp/r3frame02.png"
				},
				{
					"file": "walk_fp/r3frame03.png"
				},
				{
					"file": "walk_fp/r3frame04.png"
				},
				{
					"file": "walk_fp/r3frame05.png"
				},
				{
					"file": "walk_fp/r3frame06.png"
					
				}
			],
			[
				{
					"file": "walk_fp/r4frame01.png"
				},
				{
					"file": "walk_fp/r4frame02.png"
				},
				{
					"file": "walk_fp/r4frame03.png"
				},
				{
					"file": "walk_fp/r4frame04.png"
				},
				{
					"file": "walk_fp/r4frame05.png"
				},
				{
					"file": "walk_fp/r4frame06.png"

				}
			],
			[
				{
					"file": "walk_fp/r5frame01.png"
				},
				{
					"file": "walk_fp/r5frame02.png"
				},
				{
					"file": "walk_fp/r5frame03.png"
				},
				{
					"file": "walk_fp/r5frame04.png"
				},
				{
					"file": "walk_fp/r5frame05.png"
				},
				{
					"file": "walk_fp/r5frame06.png"
				}
			]
		],
		"td": [
			[
				{
					"file": "walk_td/r1frame01.png"
				},
				{
					"file": "walk_td/r1frame02.png"
				},
				{
					"file": "walk_td/r1frame03.png"
				},
				{
					"file": "walk_td/r1frame04.png"
				},
				{
					"file": "walk_td/r1frame05.png"
				},
				{
					"file": "walk_td/r1frame06.png"
					
				}
			],
			[
				{
					"file": "walk_td/r2frame01.png"
				},
				{
					"file": "walk_td/r2frame02.png"
				},
				{
					"file": "walk_td/r2frame03.png"
				},
				{
					"file": "walk_td/r2frame04.png"
				},
				{
					"file": "walk_td/r2frame05.png"
				},
				{
					"file": "walk_td/r2frame06.png"
						
				}
			],
			[
				{
					"file": "walk_td/r3frame01.png"
				},
				{
					"file": "walk_td/r3frame02.png"
				},
				{
					"file": "walk_td/r3frame03.png"
				},
				{
					"file": "walk_td/r3frame04.png"
				},
				{
					"file": "walk_td/r3frame05.png"
				},
				{
					"file": "walk_td/r3frame06.png"
					
				}
			],
			[
				{
					"file": "walk_td/r4frame01.png"
				},
				{
					"file": "walk_td/r4frame02.png"
				},
				{
					"file": "walk_td/r4frame03.png"
				},
				{
					"file": "walk_td/r4frame04.png"
				},
				{
					"file": "walk_td/r4frame05.png"
				},
				{
					"file": "walk_td/r4frame06.png"
					
				}
			],
			[
				{
					"file": "walk_td/r5frame01.png"
				},
				{
					"file": "walk_td/r5frame02.png"
				},
				{
					"file": "walk_td/r5frame03.png"
				},
				{
					"file": "walk_td/r5frame04.png"
				},
				{
					"file": "walk_td/r5frame05.png"
				},
				{
					"file": "walk_td/r5frame06.png"
				
				}
			]
		]
	},
	{
		"name": "DWART_ELITE_STAND",
		"rotatable": true,
		"fp_offset_x": 30,
		"fp_offset_y": 50,
		"td_offset_x": 22,
		"td_offset_y": 37,
		"fp": [
			[
				{
					"file": "stand_fp/r1frame01.png"
				}
			],
			[
				{
					"file": "stand_fp/r2frame01.png"
				}
			],
			[
				{
					"file": "stand_fp/r3frame01.png"
				}
			],
			[
				{
					"file": "stand_fp/r4frame01.png"
				}
			],
			[
				{
					"file": "stand_fp/r5frame01.png"
				}
			]
		],
		"td": [
			[
				{
					"file": "stand_td/r1frame01.png"
				}
			],
			[
				{
					"file": "stand_td/r2frame01.png"
				}
			],
			[
				{
					"file": "stand_td/r3frame01.png"
				}
			],
			[
				{
					"file": "stand_td/r4frame01.png"
				}
			],
			[
				{
					"file": "stand_td/r5frame01.png"
				}
			]
		]
	},
	{
		"name": "DWART_ELITE_ATTACK",
		"rotatable": true,
		"fp_offset_x": 49,
		"fp_offset_y": 77,
		"td_offset_x": 39,
		"td_offset_y": 64,
		"fp": [
			[
				{
					"file": "attack_fp/r1frame01.png"
				},
				{
					"file": "attack_fp/r1frame02.png"
				},
				{
					"file": "attack_fp/r1frame03.png"
				},
				{
					"file": "attack_fp/r1frame04.png"
				},
				{
					"file": "attack_fp/r1frame05.png"
				}
			],
			[
				{
					"file": "attack_fp/r2frame01.png"
				},
				{
					"file": "attack_fp/r2frame02.png"
				},
				{
					"file": "attack_fp/r2frame03.png"
				},
				{
					"file": "attack_fp/r2frame04.png"
				},
				{
					"file": "attack_fp/r2frame05.png"
				}
			],
			[
				{
					"file": "attack_fp/r3frame01.png"
				},
				{
					"file": "attack_fp/r3frame02.png"
				},
				{
					"file": "attack_fp/r3frame03.png"
				},
				{
					"file": "attack_fp/r3frame04.png"
				},
				{
					"file": "attack_fp/r3frame05.png"
				}
			],
			[
				{
					"file": "attack_fp/r4frame01.png"
				},
				{
					"file": "attack_fp/r4frame02.png"
				},
				{
					"file": "attack_fp/r4frame03.png"
				},
				{
					"file": "attack_fp/r4frame04.png"
				},
				{
					"file": "attack_fp/r4frame05.png"
				}
			],
			[
				{
					"file": "attack_fp/r5frame01.png"
				},
				{
					"file": "attack_fp/r5frame02.png"
				},
				{
					"file": "attack_fp/r5frame03.png"
				},
				{
					"file": "attack_fp/r5frame04.png"
				},
				{
					"file": "attack_fp/r5frame05.png"
				}
			]
		],
		"td": [
			[
				{
					"file": "attack_td/r1frame01.png"
				},
				{
					"file": "attack_td/r1frame02.png"
				},
				{
					"file": "attack_td/r1frame03.png"
				},
				{
					"file": "attack_td/r1frame04.png"
				},
				{
					"file": "attack_td/r1frame05.png"
				}
			],
			[
				{
					"file": "attack_td/r2frame01.png"
				},
				{
					"file": "attack_td/r2frame02.png"
				},
				{
					"file": "attack_td/r2frame03.png"
				},
				{
					"file": "attack_td/r2frame04.png"
				},
				{
					"file": "attack_td/r2frame05.png"
				}
			],
			[
				{
					"file": "attack_td/r3frame01.png"
				},
				{
					"file": "attack_td/r3frame02.png"
				},
				{
					"file": "attack_td/r3frame03.png"
				},
				{
					"file": "attack_td/r3frame04.png"
				},
				{
					"file": "attack_td/r3frame05.png"
				}
			],
			[
				{
					"file": "attack_td/r4frame01.png"
				},
				{
					"file": "attack_td/r4frame02.png"
				},
				{
					"file": "attack_td/r4frame03.png"
				},
				{
					"file": "attack_td/r4frame04.png"
				},
				{
					"file": "attack_td/r4frame05.png"
				}
			],
			[
				{
					"file": "attack_td/r5frame01.png"
				},
				{
					"file": "attack_td/r5frame02.png"
				},
				{
					"file": "attack_td/r5frame03.png"
				},
				{
					"file": "attack_td/r5frame04.png"
				},
				{
					"file": "attack_td/r5frame05.png"
				}
			]
		]
	},
	{
		"name": "DWART_ELITE_HIT",
		"rotatable": true,
		"fp_offset_x": 51,
		"fp_offset_y": 65,
		"td_offset_x": 41,
		"td_offset_y": 58,
		"fp": [
			[
				{
					"file": "hit_fp/r1frame01.png"
				}
			],
			[
				{
					"file": "hit_fp/r2frame01.png"
				}
			],
			[
				{
					"file": "hit_fp/r3frame01.png"
				}
			],
			[
				{
					"file": "hit_fp/r4frame01.png"
				}
			],
			[
				{
					"file": "hit_fp/r5frame01.png"
				}
			]
		],
		"td": [
			[
				{
					"file": "hit_td/r1frame01.png"
				}
			],
			[
				{
					"file": "hit_td/r2frame01.png"
				}
			],
			[
				{
					"file": "hit_td/r3frame01.png"
				}
			],
			[
				{
					"file": "hit_td/r4frame01.png"
				}
			],
			[
				{
					"file": "hit_td/r5frame01.png"
				}
			]
		]
	},
	{
		"name": "DWART_ELITE_COMPLAIN",
		"rotatable": false,
		"fp_offset_x": 34,
		"fp_offset_y": 54,
		"td_offset_x": 27,
		"td_offset_y": 35,
		"fp": [
			[
				{
					"file": "complain_fp/r1frame01.png"
				},
				{
					"file": "complain_fp/r1frame02.png"
				},
				{
					"file": "complain_fp/r1frame03.png"
				},
				{
					"file": "complain_fp/r1frame04.png"
				}
			]
		],
		"td": [
			[
				{
					"file": "complain_td/r1frame01.png"
				},
				{
					"file": "complain_td/r1frame02.png"
				},
				{
					"file": "complain_td/r1frame03.png"
				},
				{
					"file": "complain_td/r1frame04.png"
				}
			]
		]
	},
	{
		"name": "DWART_ELITE_DYING",
		"rotatable": false,
		"fp_offset_x": 37,
		"fp_offset_y": 54,
		"td_offset_x": 28,
		"td_offset_y": 42,
		"fp": [
			[
				{
					"file": "dying_fp/r1frame01.png"
				},
				{
					"file": "dying_fp/r1frame02.png"
				}
			]
		],
		"td": [
			[
				{
					"file": "dying_td/r1frame01.png"
				},
				{
					"file": "dying_td/r1frame02.png"
				}
			]
		]
	},
	{
		"name": "DWART_ELITE_PICKEDUP",
		"rotatable": false,
		"fp_offset_x": 40,
		"fp_offset_y": 88,
		"td_offset_x": 30,
		"td_offset_y": 57,
		"fp": [
			[
				{
					"file": "pickedup_fp/r1frame01.png"
				},
				{
					"file": "pickedup_fp/r1frame02.png"
				},
				{
					"file": "pickedup_fp/r1frame03.png"
				},
				{
					"file": "pickedup_fp/r1frame04.png"
				}
			]
		],
		"td": [
			[
				{
					"file": "pickedup_td/r1frame01.png"
				},
				{
					"file": "pickedup_td/r1frame02.png"
				},
				{
					"file": "pickedup_td/r1frame03.png"
				},
				{
					"file": "pickedup_td/r1frame04.png"
				}
			]
		]
	},
	{
		"name": "DWART_ELITE_CELEBRATE",
		"rotatable": false,
		"fp_offset_x": 47,
		"fp_offset_y": 56,
		"td_offset_x": 22,
		"td_offset_y": 72,
		"fp": [
			[
				{
					"file": "celebrate_fp/r1frame01.png"
				},
				{
					"file": "celebrate_fp/r1frame02.png"
				},
				{
					"file": "celebrate_fp/r1frame03.png"
				},
				{
					"file": "celebrate_fp/r1frame04.png"
				},
				{
					"file": "celebrate_fp/r1frame05.png"
				}				
			]
		],
		"td": [
			[
				{
					"file": "celebrate_td/r1frame01.png"
				},
				{
					"file": "celebrate_td/r1frame02.png"
				},
				{
					"file": "celebrate_td/r1frame03.png"
				},
				{
					"file": "celebrate_td/r1frame04.png"
				},
				{
					"file": "celebrate_td/r1frame05.png"
				}				
			]
		]
	},
	{
		"name": "DWART_ELITE_LAIRSLEEP",
		"rotatable": false,
		"fp_offset_x": 29,
		"fp_offset_y": 52,
		"td_offset_x": 23,
		"td_offset_y": 42,
		"fp": [
			[
				{
					"file": "lairsleep_fp/r1frame01.png"
				},
				{
					"file": "lairsleep_fp/r1frame02.png"
				},
				{
					"file": "lairsleep_fp/r1frame03.png"
				}
			]
		],
		"td": [
			[
				{
					"file": "lairsleep_td/r1frame01.png"
				},
				{
					"file": "lairsleep_td/r1frame02.png"
				},
				{
					"file": "lairsleep_td/r1frame03.png"
				}
			]
		]
	},
	{
		"name": "DWART_ELITE_SLAPPED",
		"rotatable": true,
		"fp_offset_x": 44,
		"fp_offset_y": 61,
		"td_offset_x": 35,
		"td_offset_y": 52,
		"fp": [
			[
				{
					"file": "slapped_fp/r1frame01.png"
				}
			],
			[
				{
					"file": "slapped_fp/r2frame01.png"
				}
			],
			[
				{
					"file": "slapped_fp/r3frame01.png"
				}
			],
			[
				{
					"file": "slapped_fp/r4frame01.png"
				}
			],
			[
				{
					"file": "slapped_fp/r5frame01.png"
				}
			]
		],
		"td": [
			[
				{
					"file": "slapped_td/r1frame01.png"
				}
			],
			[
				{
					"file": "slapped_td/r2frame01.png"
				}
			],
			[
				{
					"file": "slapped_td/r3frame01.png"
				}
			],
			[
				{
					"file": "slapped_td/r4frame01.png"
				}
			],
			[
				{
					"file": "slapped_td/r5frame01.png"
				}
			]
		]
	},
	
	{
		"name": "DWART_ELITE_EATCHICKEN",
		"rotatable": false,
		"fp_offset_x": 48,
		"fp_offset_y": 70,
		"td_offset_x": 39,
		"td_offset_y": 60,
		"fp": [
			[
				{
					"file": "eatchicken_fp/r1frame01.png"
				},
				{
					"file": "eatchicken_fp/r1frame02.png"
				},
				{
					"file": "eatchicken_fp/r1frame03.png"
				},
				{
					"file": "eatchicken_fp/r1frame04.png"
				},
				{
					"file": "eatchicken_fp/r1frame05.png"
				},
				{
					"file": "eatchicken_fp/r1frame06.png"
				},
				{
					"file": "eatchicken_fp/r1frame07.png"
				},
				{
					"file": "eatchicken_fp/r1frame08.png"
				}
			]
		],
		"td": [
			[
				{
					"file": "eatchicken_td/r1frame01.png"
				},
				{
					"file": "eatchicken_td/r1frame02.png"
				},
				{
					"file": "eatchicken_td/r1frame03.png"
				},
				{
					"file": "eatchicken_td/r1frame04.png"
				},
				{
					"file": "eatchicken_td/r1frame05.png"
				},
				{
					"file": "eatchicken_td/r1frame06.png"
				},
				{
					"file": "eatchicken_td/r1frame07.png"
				},
				{
					"file": "eatchicken_td/r1frame08.png"
				}
			]
		]
	}

]