[

	{
	"name": "DMAIDEN_STAND",
	"rotatable": true,
	"fp_offset_x": 76,
	"fp_offset_y": 70,
	"td_offset_x": 77,
	"td_offset_y": 69,
	
		"fp":
		[
		[{"file": "STAND_FP/1A.png"}],
		[{"file": "STAND_FP/2A.png"}],
		[{"file": "STAND_FP/3A.png"}],
		[{"file": "STAND_FP/4A.png"}],
		[{"file": "STAND_FP/5A.png"}]
		],
			"td":
			[
			[{"file": "STAND_TD/1A.png"}],
			[{"file": "STAND_TD/2A.png"}],
			[{"file": "STAND_TD/3A.png"}],
			[{"file": "STAND_TD/4A.png"}],
			[{"file": "STAND_TD/5A.png"}]
			]
	},
	
	
	
	{
	"name": "DMAIDEN_HIT",
	"rotatable": true,
	"fp_offset_x": 56,
	"fp_offset_y": 81,
	"td_offset_x": 49,
	"td_offset_y": 54,
	
	"fp":
	[
	[{"file": "HIT_FP/1A.png"}],
	[{"file": "HIT_FP/2A.png"}],
	[{"file": "HIT_FP/3A.png"}],
	[{"file": "HIT_FP/4A.png"}],
	[{"file": "HIT_FP/5A.png"}]
	],
		"td":
		[
		[{"file": "HIT_TD/1A.png"}],
		[{"file": "HIT_TD/2A.png"}],
		[{"file": "HIT_TD/3A.png"}],
		[{"file": "HIT_TD/4A.png"}],
		[{"file": "HIT_TD/5A.png"}]
		]
	},
	
	
	{
	"name": "DMAIDEN_WALK",
	"rotatable": true,
	"fp_offset_x": 77,
	"fp_offset_y": 101,
	"td_offset_x": 62,
	"td_offset_y": 78,
	
		"fp":
		[
		[
		{"file": "WALK_FP/1A.png"},
		{"file": "WALK_FP/1B.png"},
		{"file": "WALK_FP/1C.png"},
		{"file": "WALK_FP/1D.png"},
		{"file": "WALK_FP/1E.png"},
		{"file": "WALK_FP/1F.png"}
		],
		[
		{"file": "WALK_FP/2A.png"},
		{"file": "WALK_FP/2B.png"},
		{"file": "WALK_FP/2C.png"},
		{"file": "WALK_FP/2D.png"},
		{"file": "WALK_FP/2E.png"},
		{"file": "WALK_FP/2F.png"}
		],
		[
		{"file": "WALK_FP/3A.png"},
		{"file": "WALK_FP/3B.png"},
		{"file": "WALK_FP/3C.png"},
		{"file": "WALK_FP/3D.png"},
		{"file": "WALK_FP/3E.png"},
		{"file": "WALK_FP/3F.png"}
		],
		[
		{"file": "WALK_FP/4A.png"},
		{"file": "WALK_FP/4B.png"},
		{"file": "WALK_FP/4C.png"},
		{"file": "WALK_FP/4D.png"},
		{"file": "WALK_FP/4E.png"},
		{"file": "WALK_FP/4F.png"}
		],
		[
		{"file": "WALK_FP/5A.png"},
		{"file": "WALK_FP/5B.png"},
		{"file": "WALK_FP/5C.png"},
		{"file": "WALK_FP/5D.png"},
		{"file": "WALK_FP/5E.png"},
		{"file": "WALK_FP/5F.png"}
		]
		],
	
			"td":
			[
			[
			{"file": "WALK_TD/1A.png"},
			{"file": "WALK_TD/1B.png"},
			{"file": "WALK_TD/1C.png"},
			{"file": "WALK_TD/1D.png"},
			{"file": "WALK_TD/1E.png"},
			{"file": "WALK_TD/1F.png"}
			],
			[
			{"file": "WALK_TD/2A.png"},
			{"file": "WALK_TD/2B.png"},
			{"file": "WALK_TD/2C.png"},
			{"file": "WALK_TD/2D.png"},
			{"file": "WALK_TD/2E.png"},
			{"file": "WALK_TD/2F.png"}
			],
			[
			{"file": "WALK_TD/3A.png"},
			{"file": "WALK_TD/3B.png"},
			{"file": "WALK_TD/3C.png"},
			{"file": "WALK_TD/3D.png"},
			{"file": "WALK_TD/3E.png"},
			{"file": "WALK_TD/3F.png"}
			],
			[
			{"file": "WALK_TD/4A.png"},
			{"file": "WALK_TD/4B.png"},
			{"file": "WALK_TD/4C.png"},
			{"file": "WALK_TD/4D.png"},
			{"file": "WALK_TD/4E.png"},
			{"file": "WALK_TD/4F.png"}
			],
			[
			{"file": "WALK_TD/5A.png"},
			{"file": "WALK_TD/5B.png"},
			{"file": "WALK_TD/5C.png"},
			{"file": "WALK_TD/5D.png"},
			{"file": "WALK_TD/5E.png"},
			{"file": "WALK_TD/5F.png"}
			]
			
			]
	},
			
	
	
	
	
	
	
	
	
	
	{
	"name": "DMAIDEN_ATTACK",
	"rotatable": true,
	"fp_offset_x": 73,
	"fp_offset_y": 101,
	"td_offset_x": 72,
	"td_offset_y": 75,
	
		"fp":
		[
		[
		{"file": "MELEE_FP/1A.png"},
		{"file": "MELEE_FP/1B.png"},
		{"file": "MELEE_FP/1C.png"},
		{"file": "MELEE_FP/1D.png"},
		{"file": "MELEE_FP/1E.png"},
		{"file": "MELEE_FP/1F.png"}
		],
		[
		{"file": "MELEE_FP/2A.png"},
		{"file": "MELEE_FP/2B.png"},
		{"file": "MELEE_FP/2C.png"},
		{"file": "MELEE_FP/2D.png"},
		{"file": "MELEE_FP/2E.png"},
		{"file": "MELEE_FP/2F.png"}
		],
		[
		{"file": "MELEE_FP/3A.png"},
		{"file": "MELEE_FP/3B.png"},
		{"file": "MELEE_FP/3C.png"},
		{"file": "MELEE_FP/3D.png"},
		{"file": "MELEE_FP/3E.png"},
		{"file": "MELEE_FP/3F.png"}
		],
		[
		{"file": "MELEE_FP/4A.png"},
		{"file": "MELEE_FP/4B.png"},
		{"file": "MELEE_FP/4C.png"},
		{"file": "MELEE_FP/4D.png"},
		{"file": "MELEE_FP/4E.png"},
		{"file": "MELEE_FP/4F.png"}
		],
		[
		{"file": "MELEE_FP/5A.png"},
		{"file": "MELEE_FP/5B.png"},
		{"file": "MELEE_FP/5C.png"},
		{"file": "MELEE_FP/5D.png"},
		{"file": "MELEE_FP/5E.png"},
		{"file": "MELEE_FP/5F.png"}
		]
		],
			"td":
			[
			[
			{"file": "MELEE_TD/1A.png"},
			{"file": "MELEE_TD/1B.png"},
			{"file": "MELEE_TD/1C.png"},
			{"file": "MELEE_TD/1D.png"},
			{"file": "MELEE_TD/1E.png"},
			{"file": "MELEE_TD/1F.png"}
			],
	
			[
			{"file": "MELEE_TD/2A.png"},
			{"file": "MELEE_TD/2B.png"},
			{"file": "MELEE_TD/2C.png"},
			{"file": "MELEE_TD/2D.png"},
			{"file": "MELEE_TD/2E.png"},
			{"file": "MELEE_TD/2F.png"}
			],
					
			[
			{"file": "MELEE_TD/3A.png"},
			{"file": "MELEE_TD/3B.png"},
			{"file": "MELEE_TD/3C.png"},
			{"file": "MELEE_TD/3D.png"},
			{"file": "MELEE_TD/3E.png"},
			{"file": "MELEE_TD/3F.png"}
			],
	
			[
			{"file": "MELEE_TD/4A.png"},
			{"file": "MELEE_TD/4B.png"},
			{"file": "MELEE_TD/4C.png"},
			{"file": "MELEE_TD/4D.png"},
			{"file": "MELEE_TD/4E.png"},
			{"file": "MELEE_TD/4F.png"}
			],
	
			[
			{"file": "MELEE_TD/5A.png"},
			{"file": "MELEE_TD/5B.png"},
			{"file": "MELEE_TD/5C.png"},
			{"file": "MELEE_TD/5D.png"},
			{"file": "MELEE_TD/5E.png"},
			{"file": "MELEE_TD/5F.png"}
			]
			]
	},
	
	{
	"name": "DMAIDEN_SPELL",
	"rotatable": true,
	"fp_offset_x": 78,
	"fp_offset_y": 87,
	"td_offset_x": 65,
	"td_offset_y": 68,
	
		"fp":
		[
		[
		{"file": "SPELL_FP/1A.png"},
		{"file": "SPELL_FP/1B.png"},
		{"file": "SPELL_FP/1C.png"},
		{"file": "SPELL_FP/1D.png"},
		{"file": "SPELL_FP/1E.png"},
		{"file": "SPELL_FP/1F.png"}
		],
		[
		{"file": "SPELL_FP/2A.png"},
		{"file": "SPELL_FP/2B.png"},
		{"file": "SPELL_FP/2C.png"},
		{"file": "SPELL_FP/2D.png"},
		{"file": "SPELL_FP/2E.png"},
		{"file": "SPELL_FP/2F.png"}
		],
		[
		{"file": "SPELL_FP/3A.png"},
		{"file": "SPELL_FP/3B.png"},
		{"file": "SPELL_FP/3C.png"},
		{"file": "SPELL_FP/3D.png"},
		{"file": "SPELL_FP/3E.png"},
		{"file": "SPELL_FP/3F.png"}
		],
		[
		{"file": "SPELL_FP/4A.png"},
		{"file": "SPELL_FP/4B.png"},
		{"file": "SPELL_FP/4C.png"},
		{"file": "SPELL_FP/4D.png"},
		{"file": "SPELL_FP/4E.png"},
		{"file": "SPELL_FP/4F.png"}
		],
		[
		{"file": "SPELL_FP/5A.png"},
		{"file": "SPELL_FP/5B.png"},
		{"file": "SPELL_FP/5C.png"},
		{"file": "SPELL_FP/5D.png"},
		{"file": "SPELL_FP/5E.png"},
		{"file": "SPELL_FP/5F.png"}
		]
		],
			"td":
			[
			[
			{"file": "SPELL_TD/1A.png"},
			{"file": "SPELL_TD/1B.png"},
			{"file": "SPELL_TD/1C.png"},
			{"file": "SPELL_TD/1D.png"},
			{"file": "SPELL_TD/1E.png"},
			{"file": "SPELL_TD/1F.png"}
			],
	
			[
			{"file": "SPELL_TD/2A.png"},
			{"file": "SPELL_TD/2B.png"},
			{"file": "SPELL_TD/2C.png"},
			{"file": "SPELL_TD/2D.png"},
			{"file": "SPELL_TD/2E.png"},
			{"file": "SPELL_TD/2F.png"}
			],
					
			[
			{"file": "SPELL_TD/3A.png"},
			{"file": "SPELL_TD/3B.png"},
			{"file": "SPELL_TD/3C.png"},
			{"file": "SPELL_TD/3D.png"},
			{"file": "SPELL_TD/3E.png"},
			{"file": "SPELL_TD/3F.png"}
			],
	
			[
			{"file": "SPELL_TD/4A.png"},
			{"file": "SPELL_TD/4B.png"},
			{"file": "SPELL_TD/4C.png"},
			{"file": "SPELL_TD/4D.png"},
			{"file": "SPELL_TD/4E.png"},
			{"file": "SPELL_TD/4F.png"}
			],
	
			[
			{"file": "SPELL_TD/5A.png"},
			{"file": "SPELL_TD/5B.png"},
			{"file": "SPELL_TD/5C.png"},
			{"file": "SPELL_TD/5D.png"},
			{"file": "SPELL_TD/5E.png"},
			{"file": "SPELL_TD/5F.png"}
			]
			]
	},
	
	
	
	
	{
	"name": "DMAIDEN_GRAB",
	"rotatable": false,
	"fp_offset_x": 52,
	"fp_offset_y": 30,
	"td_offset_x": 52,
	"td_offset_y": 30,
	
		"fp":
		[
		[
		{"file": "GRAB/1A.png"},
		{"file": "GRAB/1A.png"},
		{"file": "GRAB/1B.png"},
		{"file": "GRAB/1B.png"},
		{"file": "GRAB/1C.png"},
		{"file": "GRAB/1C.png"},
		{"file": "GRAB/1D.png"},
		{"file": "GRAB/1D.png"}
		]
		],
			"td":
			[
			[
			{"file": "GRAB/1A.png"},
			{"file": "GRAB/1A.png"},
			{"file": "GRAB/1B.png"},
			{"file": "GRAB/1B.png"},
			{"file": "GRAB/1C.png"},
			{"file": "GRAB/1C.png"},
			{"file": "GRAB/1D.png"},
			{"file": "GRAB/1D.png"}
			]
			]
	},
	
	
	
	
	
	
	{
	"name": "DMAIDEN_CHEER",
	"rotatable": false,
	"fp_offset_x": 64,
	"fp_offset_y": 99,
	"td_offset_x": 61,
	"td_offset_y": 69,
	
		"fp":
		[
		[
		{"file": "CHEER_FP/1A.png"},
		{"file": "CHEER_FP/1B.png"},
		{"file": "CHEER_FP/1C.png"}
		]],
			"td":
			[
			[
			{"file": "CHEER_TD/1A.png"},
			{"file": "CHEER_TD/1B.png"},
			{"file": "CHEER_TD/1C.png"}
			]]
	},
	
	
	
	
	
	
	{
	"name": "DMAIDEN_LAIR",
	"rotatable": false,
	"fp_offset_x": 48,"fp_offset_y": 64,
	"td_offset_x": 46,"td_offset_y": 49,
	"fp":[[{"file": "LAIR_FP/1A.png"}]],
	"td":[[{"file": "LAIR_TD/1A.png"}]]
	},
	
	
	{
	"name": "DMAIDEN_SLEEP",
	"rotatable": false,
	"fp_offset_x": 58,"fp_offset_y": 59,
	"td_offset_x": 52,"td_offset_y": 55,
	"fp":[[{"file": "SLEEP_FP/1A.png"}]],
	"td":[[{"file": "SLEEP_TD/1A.png"}]]
	},
	
	
	
	
	
	
	
	{
	"name": "DMAIDEN_MOAN",
	"rotatable": false,
	"fp_offset_x": 62,
	"fp_offset_y": 80,
	"td_offset_x": 57,
	"td_offset_y": 52,
	
		"fp":
		[[
		{"file": "MOAN_FP/1A.png"},
		{"file": "MOAN_FP/1B.png"},
		{"file": "MOAN_FP/1C.png"},
		{"file": "MOAN_FP/1B.png"}
		]],
			"td":
			[[
			{"file": "MOAN_TD/1A.png"},
			{"file": "MOAN_TD/1B.png"},
			{"file": "MOAN_TD/1C.png"},
			{"file": "MOAN_TD/1B.png"}
			]]
	},
	
	
	
	
	
	{
	"name": "DMAIDEN_DEAD",
	"rotatable": false,
	"fp_offset_x": 57,
	"fp_offset_y": 77,
	"td_offset_x": 57,
	"td_offset_y": 59,
	
		"fp":
		[
		[
		{"file": "DEAD_FP/1A.png"}
		]],
			"td":
			[
			[
			{"file": "DEAD_TD/1A.png"}
			]]
	},

	{
		"name": "CRYSTAL",
		"rotatable": false,
		"fp_offset_x": 33,
		"fp_offset_y": 80,
		"td_offset_x": 22,
		"td_offset_y": 72,
		"fp": [
			[
				{
					"file": "crystal_img/crystal_fp.png"
				}
			]
		],
		"td": [
			[
				{
					"file": "crystal_img/crystal_td.png"
				}
			]
		]
	}, 	{
		"name": "CRYSTALYELLOW",
		"rotatable": false,
		"fp_offset_x": 33,
		"fp_offset_y": 80,
		"td_offset_x": 22,
		"td_offset_y": 72,
		"fp": [
			[
				{
					"file": "crystal_img/crystal_yellow_fp.png"
				}
			]
		],
		"td": [
			[
				{
					"file": "crystal_img/crystal_yellow_td.png"
				}
			]
		]
	}, 	{
		"name": "CRYSTALWHITE",
		"rotatable": false,
		"fp_offset_x": 33,
		"fp_offset_y": 80,
		"td_offset_x": 22,
		"td_offset_y": 72,
		"fp": [
			[
				{
					"file": "crystal_img/crystal_white_fp.png"
				}
			]
		],
		"td": [
			[
				{
					"file": "crystal_img/crystal_white_td.png"
				}
			]
		]
	}, 	{
		"name": "CRYSTALBLACK",
		"rotatable": false,
		"fp_offset_x": 33,
		"fp_offset_y": 80,
		"td_offset_x": 22,
		"td_offset_y": 72,
		"fp": [
			[
				{
					"file": "crystal_img/crystal_black_fp.png"
				}
			]
		],
		"td": [
			[
				{
					"file": "crystal_img/crystal_black_td.png"
				}
			]
		]
	}, {
		"name": "CRYSTALPINK",
		"rotatable": false,
		"fp_offset_x": 33,
		"fp_offset_y": 80,
		"td_offset_x": 22,
		"td_offset_y": 72,
		"fp": [
			[
				{
					"file": "crystal_img/crystal_pink_fp.png"
				}
			]
		],
		"td": [
			[
				{
					"file": "crystal_img/crystal_pink_td.png"
				}
			]
		]
	},

	{
		"name": "HAND_HEART_GEM",
		"rotatable": false,

		"fp_offset_x": 126,
		"fp_offset_y": 158,
		"td_offset_x": 125,
		"td_offset_y": 145,
		"fp": [
			[
				{
					"file": "hand_heart/hand.png"
				},
				{
					"file": "hand_heart/hand.png"
				},
				{
					"file": "hand_heart/hand.png"
				},
				{
					"file": "hand_heart/hand.png"
				},
				{
					"file": "hand_heart/hand.png"
				},
				{
					"file": "hand_heart/hand.png"
				},
				{
					"file": "hand_heart/hand.png"
				},
				{
					"file": "hand_heart/hand.png"
				},
				{
					"file": "hand_heart/hand.png"
				},
				{
					"file": "hand_heart/hand.png"
				}
			]
		],
		"td": [
			[
				{
					"file": "hand_heart/hand_td.png"
				},
				{
					"file": "hand_heart/hand_td.png"
				},
				{
					"file": "hand_heart/hand_td.png"
				},
				{
					"file": "hand_heart/hand_td.png"
				},
				{
					"file": "hand_heart/hand_td.png"
				},
				{
					"file": "hand_heart/hand_td.png"
				},
				{
					"file": "hand_heart/hand_td.png"
				},
				{
					"file": "hand_heart/hand_td.png"
				},
				{
					"file": "hand_heart/hand_td.png"
				},
				{
					"file": "hand_heart/hand_td.png"
				}
			]
		]
	}
	
	
	
	
	
	
	
	]