[
	{
		"name": "TMAGE_LAIRSLEEP",
		"rotatable": false,
		"fp_offset_x": 40,
		"fp_offset_y": 100,
		"td_offset_x": 50,
		"td_offset_y": 80,
		"fp": [
			[
				{
					"file": "TMage/lairsleep_fp/r1frame01.png"
				},
				{
					"file": "TMage/lairsleep_fp/r1frame02.png"
				},
				{
					"file": "TMage/lairsleep_fp/r1frame03.png"
				},
				{
					"file": "TMage/lairsleep_fp/r1frame04.png"
				},
				{
					"file": "TMage/lairsleep_fp/r1frame05.png"
				},
				{
					"file": "TMage/lairsleep_fp/r1frame06.png"
				},
				{
					"file": "TMage/lairsleep_fp/r1frame07.png"
				},
				{
					"file": "TMage/lairsleep_fp/r1frame08.png"
				}
			]
		],
		"td": [
			[
				{
					"file": "TMage/lairsleep_tp/r1frame01.png"
				},
				{
					"file": "TMage/lairsleep_tp/r1frame02.png"
				},
				{
					"file": "TMage/lairsleep_tp/r1frame03.png"
				},
				{
					"file": "TMage/lairsleep_tp/r1frame04.png"
				},
				{
					"file": "TMage/lairsleep_tp/r1frame05.png"
				},
				{
					"file": "TMage/lairsleep_tp/r1frame06.png"
				},
				{
					"file": "TMage/lairsleep_tp/r1frame07.png"
				},
				{
					"file": "TMage/lairsleep_tp/r1frame08.png"
				}
			]
		]
	},
{
		"name": "TMAGE_LAIR",
		"rotatable": false,
		"fp_offset_x": 40,
		"fp_offset_y": 100,
		"td_offset_x": 50,
		"td_offset_y": 80,
		"fp": [
			[
				{
					"file": "TMage/animlair/lairfp.png"
				}
			]
		],
		"td": [
			[
				{
					"file": "TMage/animlair/lairtp.png"
				}
			]
		]
	},
    {
        "name": "HeroFairywisp",
        "rotatable": true,
        "fp_offset_x": 20,
        "fp_offset_y": 23,
        "td_offset_x": 20,
        "td_offset_y": 28,
        "fp": [
            [
                {
                    "file": "FairyWisp/Walk/FPfront_0000.png"
                },
                {
                    "file": "FairyWisp/Walk/FPfront_0001.png"
                },
                {
                    "file": "FairyWisp/Walk/FPfront_0002.png"
                },
                {
                    "file": "FairyWisp/Walk/FPfront_0003.png"
                },
                {
                    "file": "FairyWisp/Walk/FPfront_0004.png"
                },
                {
                    "file": "FairyWisp/Walk/FPfront_0005.png"
                },
                {
                    "file": "FairyWisp/Walk/FPfront_0006.png"
                },
                {
                    "file": "FairyWisp/Walk/FPfront_0007.png"
                }
            ],
            [
                {
                    "file": "FairyWisp/Walk/FPrf_0000.png"
                },
                {
                    "file": "FairyWisp/Walk/FPrf_0001.png"
                },
                {
                    "file": "FairyWisp/Walk/FPrf_0002.png"
                },
                {
                    "file": "FairyWisp/Walk/FPrf_0003.png"
                },
                {
                    "file": "FairyWisp/Walk/FPrf_0004.png"
                },
                {
                    "file": "FairyWisp/Walk/FPrf_0005.png"
                },
                {
                    "file": "FairyWisp/Walk/FPrf_0006.png"
                },
                {
                    "file": "FairyWisp/Walk/FPrf_0007.png"
                }
            ],
            [
                {
                    "file": "FairyWisp/Walk/FPright_0000.png"
                },
                {
                    "file": "FairyWisp/Walk/FPright_0001.png"
                },
                {
                    "file": "FairyWisp/Walk/FPright_0002.png"
                },
                {
                    "file": "FairyWisp/Walk/FPright_0003.png"
                },
                {
                    "file": "FairyWisp/Walk/FPright_0004.png"
                },
                {
                    "file": "FairyWisp/Walk/FPright_0005.png"
                },
                {
                    "file": "FairyWisp/Walk/FPright_0006.png"
                },
                {
                    "file": "FairyWisp/Walk/FPright_0007.png"
                }
            ],
            [
                {
                    "file": "FairyWisp/Walk/FPrb_0000.png"
                },
                {
                    "file": "FairyWisp/Walk/FPrb_0001.png"
                },
                {
                    "file": "FairyWisp/Walk/FPrb_0002.png"
                },
                {
                    "file": "FairyWisp/Walk/FPrb_0003.png"
                },
                {
                    "file": "FairyWisp/Walk/FPrb_0004.png"
                },
                {
                    "file": "FairyWisp/Walk/FPrb_0005.png"
                },
                {
                    "file": "FairyWisp/Walk/FPrb_0006.png"
                },
                {
                    "file": "FairyWisp/Walk/FPrb_0007.png"
                }
            ],
            [
                {
                    "file": "FairyWisp/Walk/FPback_0000.png"
                },
                {
                    "file": "FairyWisp/Walk/FPback_0001.png"
                },
                {
                    "file": "FairyWisp/Walk/FPback_0002.png"
                },
                {
                    "file": "FairyWisp/Walk/FPback_0003.png"
                },
                {
                    "file": "FairyWisp/Walk/FPback_0004.png"
                },
                {
                    "file": "FairyWisp/Walk/FPback_0005.png"
                },
                {
                    "file": "FairyWisp/Walk/FPback_0006.png"
                },
                {
                    "file": "FairyWisp/Walk/FPback_0007.png"
                }
            ]
        ],
        "td": [
            [
                {
                    "file": "FairyWisp/Walk/TDfront_0000.png"
                },
                {
                    "file": "FairyWisp/Walk/TDfront_0001.png"
                },
                {
                    "file": "FairyWisp/Walk/TDfront_0002.png"
                },
                {
                    "file": "FairyWisp/Walk/TDfront_0003.png"
                },
                {
                    "file": "FairyWisp/Walk/TDfront_0004.png"
                },
                {
                    "file": "FairyWisp/Walk/TDfront_0005.png"
                },
                {
                    "file": "FairyWisp/Walk/TDfront_0006.png"
                },
                {
                    "file": "FairyWisp/Walk/TDfront_0007.png"
                }
            ],
            [
                {
                    "file": "FairyWisp/Walk/TDrf_0000.png"
                },
                {
                    "file": "FairyWisp/Walk/TDrf_0001.png"
                },
                {
                    "file": "FairyWisp/Walk/TDrf_0002.png"
                },
                {
                    "file": "FairyWisp/Walk/TDrf_0003.png"
                },
                {
                    "file": "FairyWisp/Walk/TDrf_0004.png"
                },
                {
                    "file": "FairyWisp/Walk/TDrf_0005.png"
                },
                {
                    "file": "FairyWisp/Walk/TDrf_0006.png"
                },
                {
                    "file": "FairyWisp/Walk/TDrf_0007.png"
                }
            ],
            [
                {
                    "file": "FairyWisp/Walk/TDright_0000.png"
                },
                {
                    "file": "FairyWisp/Walk/TDright_0001.png"
                },
                {
                    "file": "FairyWisp/Walk/TDright_0002.png"
                },
                {
                    "file": "FairyWisp/Walk/TDright_0003.png"
                },
                {
                    "file": "FairyWisp/Walk/TDright_0004.png"
                },
                {
                    "file": "FairyWisp/Walk/TDright_0005.png"
                },
                {
                    "file": "FairyWisp/Walk/TDright_0006.png"
                },
                {
                    "file": "FairyWisp/Walk/TDright_0007.png"
                }
            ],
            [
                {
                    "file": "FairyWisp/Walk/TDrb_0000.png"
                },
                {
                    "file": "FairyWisp/Walk/TDrb_0001.png"
                },
                {
                    "file": "FairyWisp/Walk/TDrb_0002.png"
                },
                {
                    "file": "FairyWisp/Walk/TDrb_0003.png"
                },
                {
                    "file": "FairyWisp/Walk/TDrb_0004.png"
                },
                {
                    "file": "FairyWisp/Walk/TDrb_0005.png"
                },
                {
                    "file": "FairyWisp/Walk/TDrb_0006.png"
                },
                {
                    "file": "FairyWisp/Walk/TDrb_0007.png"
                }
            ],
            [
                {
                    "file": "FairyWisp/Walk/TDback_0000.png"
                },
                {
                    "file": "FairyWisp/Walk/TDback_0001.png"
                },
                {
                    "file": "FairyWisp/Walk/TDback_0002.png"
                },
                {
                    "file": "FairyWisp/Walk/TDback_0003.png"
                },
                {
                    "file": "FairyWisp/Walk/TDback_0004.png"
                },
                {
                    "file": "FairyWisp/Walk/TDback_0005.png"
                },
                {
                    "file": "FairyWisp/Walk/TDback_0006.png"
                },
                {
                    "file": "FairyWisp/Walk/TDback_0007.png"
                }
            ]
        ]
    },
    {
        "name": "HeroFairywispStand",
        "rotatable": true,
        "fp_offset_x": 20,
        "fp_offset_y": 23,
        "td_offset_x": 20,
        "td_offset_y": 28,
        "fp": [
            [
                {
                    "file": "FairyWisp/Stand/FPfront_0000.png"
                },
                {
                    "file": "FairyWisp/Stand/FPfront_0001.png"
                },
                {
                    "file": "FairyWisp/Stand/FPfront_0002.png"
                },
                {
                    "file": "FairyWisp/Stand/FPfront_0003.png"
                }
            ],
            [
                {
                    "file": "FairyWisp/Stand/FPrf_0000.png"
                },
                {
                    "file": "FairyWisp/Stand/FPrf_0001.png"
                },
                {
                    "file": "FairyWisp/Stand/FPrf_0002.png"
                },
                {
                    "file": "FairyWisp/Stand/FPrf_0003.png"
                }
            ],
            [
                {
                    "file": "FairyWisp/Stand/FPright_0000.png"
                },
                {
                    "file": "FairyWisp/Stand/FPright_0001.png"
                },
                {
                    "file": "FairyWisp/Stand/FPright_0002.png"
                },
                {
                    "file": "FairyWisp/Stand/FPright_0003.png"
                }
            ],
            [
                {
                    "file": "FairyWisp/Stand/FPrb_0000.png"
                },
                {
                    "file": "FairyWisp/Stand/FPrb_0001.png"
                },
                {
                    "file": "FairyWisp/Stand/FPrb_0002.png"
                },
                {
                    "file": "FairyWisp/Stand/FPrb_0003.png"
                }
            ],
            [
                {
                    "file": "FairyWisp/Stand/FPback_0000.png"
                },
                {
                    "file": "FairyWisp/Stand/FPback_0001.png"
                },
                {
                    "file": "FairyWisp/Stand/FPback_0002.png"
                },
                {
                    "file": "FairyWisp/Stand/FPback_0003.png"
                }
            ]
        ],
        "td": [
            [
                {
                    "file": "FairyWisp/Stand/TDfront_0000.png"
                },
                {
                    "file": "FairyWisp/Stand/TDfront_0001.png"
                },
                {
                    "file": "FairyWisp/Stand/TDfront_0002.png"
                },
                {
                    "file": "FairyWisp/Stand/TDfront_0003.png"
                }
            ],
            [
                {
                    "file": "FairyWisp/Stand/TDrf_0000.png"
                },
                {
                    "file": "FairyWisp/Stand/TDrf_0001.png"
                },
                {
                    "file": "FairyWisp/Stand/TDrf_0002.png"
                },
                {
                    "file": "FairyWisp/Stand/TDrf_0003.png"
                }
            ],
            [
                {
                    "file": "FairyWisp/Stand/TDright_0000.png"
                },
                {
                    "file": "FairyWisp/Stand/TDright_0001.png"
                },
                {
                    "file": "FairyWisp/Stand/TDright_0002.png"
                },
                {
                    "file": "FairyWisp/Stand/TDright_0003.png"
                }
            ],
            [
                {
                    "file": "FairyWisp/Stand/TDrb_0000.png"
                },
                {
                    "file": "FairyWisp/Stand/TDrb_0001.png"
                },
                {
                    "file": "FairyWisp/Stand/TDrb_0002.png"
                },
                {
                    "file": "FairyWisp/Stand/TDrb_0003.png"
                }
            ],
            [
                {
                    "file": "FairyWisp/Stand/TDback_0000.png"
                },
                {
                    "file": "FairyWisp/Stand/TDback_0001.png"
                },
                {
                    "file": "FairyWisp/Stand/TDback_0002.png"
                },
                {
                    "file": "FairyWisp/Stand/TDback_0003.png"
                }
            ]
        ]
    }	
]	
