[



{
"name": "TEST_LAIR",
"rotatable": true,
"fp_offset_x": 64,
"fp_offset_y": 124,
"td_offset_x": 64,
"td_offset_y": 94,

	"fp":
	[
	[{"file": "LAIRS/TESTMANNEQUIN_LAIR_FP/1A.png"}],
	[{"file": "LAIRS/TESTMANNEQUIN_LAIR_FP/1A.png"}],
	[{"file": "LAIRS/TESTMANNEQUIN_LAIR_FP/1A.png"}],
	[{"file": "LAIRS/TESTMANNEQUIN_LAIR_FP/1A.png"}],
	[{"file": "LAIRS/TESTMANNEQUIN_LAIR_FP/1A.png"}]
	],
		"td":
		[
		[{"file": "LAIRS/TESTMANNEQUIN_LAIR_TD/1A.png"}],
		[{"file": "LAIRS/TESTMANNEQUIN_LAIR_TD/1A.png"}],
		[{"file": "LAIRS/TESTMANNEQUIN_LAIR_TD/1A.png"}],
		[{"file": "LAIRS/TESTMANNEQUIN_LAIR_TD/1A.png"}],
		[{"file": "LAIRS/TESTMANNEQUIN_LAIR_TD/1A.png"}]
		]
},




{
"name": "CULTIST_LAIR",
"rotatable": true,
"fp_offset_x": 64,
"fp_offset_y": 118,
"td_offset_x": 64,
"td_offset_y": 96,

	"fp":
	[
	[{"file": "CULTIST/LAIR_FP/1A.png"}],
	[{"file": "CULTIST/LAIR_FP/2A.png"}],
	[{"file": "CULTIST/LAIR_FP/3A.png"}],
	[{"file": "CULTIST/LAIR_FP/4A.png"}],
	[{"file": "CULTIST/LAIR_FP/5A.png"}]
	],
		"td":
		[
		[{"file": "CULTIST/LAIR_TD/1A.png"}],
		[{"file": "CULTIST/LAIR_TD/2A.png"}],
		[{"file": "CULTIST/LAIR_TD/3A.png"}],
		[{"file": "CULTIST/LAIR_TD/4A.png"}],
		[{"file": "CULTIST/LAIR_TD/5A.png"}]
		]
},




{
"name": "CULTIST_LAIR_2",
"rotatable": true,
"fp_offset_x": 127,
"fp_offset_y": 184,
"td_offset_x": 127,
"td_offset_y": 154,

	"fp":
	[
	[{"file": "CULTIST/LAIR_2_FP/1A.png"}],
	[{"file": "CULTIST/LAIR_2_FP/2A.png"}],
	[{"file": "CULTIST/LAIR_2_FP/3A.png"}],
	[{"file": "CULTIST/LAIR_2_FP/4A.png"}],
	[{"file": "CULTIST/LAIR_2_FP/5A.png"}]
	],
		"td":
		[
		[{"file": "CULTIST/LAIR_2_TD/1A.png"}],
		[{"file": "CULTIST/LAIR_2_TD/2A.png"}],
		[{"file": "CULTIST/LAIR_2_TD/3A.png"}],
		[{"file": "CULTIST/LAIR_2_TD/4A.png"}],
		[{"file": "CULTIST/LAIR_2_TD/5A.png"}]
		]
}







]