[
    {
        "name": "Bite64",
        "file": ["Bite/Bite64_std.png", "Bite/Bite64_dis.png" ]
    },
    {
        "name": "Bite32",
        "file": ["Bite/Bite32_std.png", "Bite/Bite32_dis.png" ]
    },
{
        "name": "tiletr_trap_skullbox",
        "file": ["BonepileTrap/tiletr_trap_skullbox.png" ]
    },
    {
        "name": "trap_skullbox64",
        "file": ["BonepileTrap/trap_skullbox64_std.png", "BonepileTrap/trap_skullbox64_dis.png" ]
    },
    {
        "name": "trap_skullbox32",
        "file": ["BonepileTrap/trap_skullbox32_std.png", "BonepileTrap/trap_skullbox32_dis.png" ]
    },
    {
        "name": "tiletr_trap_slowveil",
        "file": ["Cannon/tiletr_trap_slowveil.png" ]
    },
    {
        "name": "tiletr_trap_cannon",
        "file": ["Cannon/tiletr_trap_cannon.png" ]
    },

    {
        "name": "trap_cannon",
        "file": ["Cannon/trap_cannon_std.png", "Cannon/trap_cannon_dis.png" ]
    },
    { 
        "name": "FIRESPHERE32_ICONS",
        "file": [ "FireSphere/FIRESPHERE_std.png", "FireSphere/FIRESPHERE_dis.png"] 
  },
    {
        "name": "FIRESPHERE64_ICONS",
      "file": [ "FireSphere/FIRESPHERE64_std.png", "FireSphere/FIRESPHERE64_dis.png"]  
    },
    {
        "name": "Flyswarm32",
        "file": ["FlySwarm/Flyswarm_std32.png", "FlySwarm/Flyswarm_dis32.png" ]
    },
    { 
        "name": "ENERGYBALL_GREEN_ICONS32",
        "file": [ "GreenEnergyBall/greenball32_stdy.png", "GreenEnergyBall/greenball32_dis.png"] 
    },
    { 
	"name": "ENERGYBALL_GREEN_ICONS64",
        "file": [ "GreenEnergyBall/greenball64_stdy.png", "GreenEnergyBall/greenball64_dis.png"]
    },
    { 
        "name": "Hammerblow32_icon",
        "file": [ "HammerBlow/Hammerblow32_icon_std2.png", "HammerBlow/Hammerblow32_icon_dis2.png"] 
  },
    {
        "name": "Hammerblow64_icon",
      "file": [ "HammerBlow/Hammerblow64_icon_std2.png", "HammerBlow/Hammerblow64_icon_dis2.png"]  
    },
    {
        "name": "tiletr_trap_lightningball",
        "file": ["Lightningball/tiletr_trap_lightningball.png" ]
    },
    {
        "name": "trap_lightningball64",
        "file": ["Lightningball/trap_lightningball64_std.png", "Lightningball/trap_lightningball64_dis.png" ]
    },
    {
        "name": "trap_lightningball32",
        "file": ["Lightningball/trap_lightningball32_std.png", "Lightningball/trap_lightningball32_dis.png" ]
    },
    { 
        "name": "PSwing_icon",
        "file": [ "Powerswing/PSwing32_icon_std.png", "Powerswing/PSwing32_icon_dis.png"] 
  },
    {
        "name": "PSwing64_icon",
      "file": [ "Powerswing/PSwing_icon_std.png", "Powerswing/PSwing_icon_dis.png"]  
    },
    { 
        "name": "ICICLE_ICONS",
        "file": [ "ProjectilIcicle/ICICLE_dis.png", "ProjectilIcicle/ICICLE_std.png"] 
    },
    {
        "name": "Wisper32",
        "file": ["Wisper/Wisper_std32.png", "Wisper/Wisper_dis32.png" ]
    },
 {
        "name": "Wisper232",
        "file": ["Wisper/Wisper2_std32.png", "Wisper/Wisper2_dis32.png" ]
    }
]