[
	{
		"name": "DARK_ELF_STAND",
		"rotatable": true,
		"fp_offset_x": 30,
		"fp_offset_y": 58,
		"td_offset_x": 30,
		"td_offset_y": 47,
		"fp": [
			[
				{
					"file": "stand_fp/rotation01_frame01.png"
				}
			],
			[
				{
					"file": "stand_fp/rotation02_frame01.png"
				}
			],
			[
				{
					"file": "stand_fp/rotation03_frame01.png"
				}
			],
			[
				{
					"file": "stand_fp/rotation04_frame01.png"
				}
			],
			[
				{
					"file": "stand_fp/rotation05_frame01.png"
				}
			]
		],
		"td": [
			[
				{
					"file": "stand_td/rotation01_frame01.png"
				}
			],
			[
				{
					"file": "stand_td/rotation02_frame01.png"
				}
			],
			[
				{
					"file": "stand_td/rotation03_frame01.png"
				}
			],
			[
				{
					"file": "stand_td/rotation04_frame01.png"
				}
			],
			[
				{
					"file": "stand_td/rotation05_frame01.png"
				}
			]
		]
	},
	{
		"name": "DARK_ELF_AMBULATE",
		"rotatable": true,
		"fp_offset_x": 30,
		"fp_offset_y": 58,
		"td_offset_x": 30,
		"td_offset_y": 48,
		"fp": [
			[
				{
					"file": "ambulate_fp/rotation01_frame01.png"
				},
				{
					"file": "ambulate_fp/rotation01_frame02.png"
				},
				{
					"file": "ambulate_fp/rotation01_frame03.png"
				},
				{
					"file": "ambulate_fp/rotation01_frame04.png"
				},
				{
					"file": "ambulate_fp/rotation01_frame05.png"
				},
				{
					"file": "ambulate_fp/rotation01_frame06.png"
				},
				{
					"file": "ambulate_fp/rotation01_frame07.png"
				},
				{
					"file": "ambulate_fp/rotation01_frame08.png"
				}
			],
			[
				{
					"file": "ambulate_fp/rotation02_frame01.png"
				},
				{
					"file": "ambulate_fp/rotation02_frame02.png"
				},
				{
					"file": "ambulate_fp/rotation02_frame03.png"
				},
				{
					"file": "ambulate_fp/rotation02_frame04.png"
				},
				{
					"file": "ambulate_fp/rotation02_frame05.png"
				},
				{
					"file": "ambulate_fp/rotation02_frame06.png"
				},
				{
					"file": "ambulate_fp/rotation02_frame07.png"
				},
				{
					"file": "ambulate_fp/rotation02_frame08.png"
				}
			],
			[
				{
					"file": "ambulate_fp/rotation03_frame01.png"
				},
				{
					"file": "ambulate_fp/rotation03_frame02.png"
				},
				{
					"file": "ambulate_fp/rotation03_frame03.png"
				},
				{
					"file": "ambulate_fp/rotation03_frame04.png"
				},
				{
					"file": "ambulate_fp/rotation03_frame05.png"
				},
				{
					"file": "ambulate_fp/rotation03_frame06.png"
				},
				{
					"file": "ambulate_fp/rotation03_frame07.png"
				},
				{
					"file": "ambulate_fp/rotation03_frame08.png"
				}
			],
			[
				{
					"file": "ambulate_fp/rotation04_frame01.png"
				},
				{
					"file": "ambulate_fp/rotation04_frame02.png"
				},
				{
					"file": "ambulate_fp/rotation04_frame03.png"
				},
				{
					"file": "ambulate_fp/rotation04_frame04.png"
				},
				{
					"file": "ambulate_fp/rotation04_frame05.png"
				},
				{
					"file": "ambulate_fp/rotation04_frame06.png"
				},
				{
					"file": "ambulate_fp/rotation04_frame07.png"
				},
				{
					"file": "ambulate_fp/rotation04_frame08.png"
				}
			],
			[
				{
					"file": "ambulate_fp/rotation05_frame01.png"
				},
				{
					"file": "ambulate_fp/rotation05_frame02.png"
				},
				{
					"file": "ambulate_fp/rotation05_frame03.png"
				},
				{
					"file": "ambulate_fp/rotation05_frame04.png"
				},
				{
					"file": "ambulate_fp/rotation05_frame05.png"
				},
				{
					"file": "ambulate_fp/rotation05_frame06.png"
				},
				{
					"file": "ambulate_fp/rotation05_frame07.png"
				},
				{
					"file": "ambulate_fp/rotation05_frame08.png"
				}
			]
		],
		"td": [
			[
				{
					"file": "ambulate_td/rotation01_frame01.png"
				},
				{
					"file": "ambulate_td/rotation01_frame02.png"
				},
				{
					"file": "ambulate_td/rotation01_frame03.png"
				},
				{
					"file": "ambulate_td/rotation01_frame04.png"
				},
				{
					"file": "ambulate_td/rotation01_frame05.png"
				},
				{
					"file": "ambulate_td/rotation01_frame06.png"
				},
				{
					"file": "ambulate_td/rotation01_frame07.png"
				},
				{
					"file": "ambulate_td/rotation01_frame08.png"
				}
			],
			[
				{
					"file": "ambulate_td/rotation02_frame01.png"
				},
				{
					"file": "ambulate_td/rotation02_frame02.png"
				},
				{
					"file": "ambulate_td/rotation02_frame03.png"
				},
				{
					"file": "ambulate_td/rotation02_frame04.png"
				},
				{
					"file": "ambulate_td/rotation02_frame05.png"
				},
				{
					"file": "ambulate_td/rotation02_frame06.png"
				},
				{
					"file": "ambulate_td/rotation02_frame07.png"
				},
				{
					"file": "ambulate_td/rotation02_frame08.png"
				}
			],
			[
				{
					"file": "ambulate_td/rotation03_frame01.png"
				},
				{
					"file": "ambulate_td/rotation03_frame02.png"
				},
				{
					"file": "ambulate_td/rotation03_frame03.png"
				},
				{
					"file": "ambulate_td/rotation03_frame04.png"
				},
				{
					"file": "ambulate_td/rotation03_frame05.png"
				},
				{
					"file": "ambulate_td/rotation03_frame06.png"
				},
				{
					"file": "ambulate_td/rotation03_frame07.png"
				},
				{
					"file": "ambulate_td/rotation03_frame08.png"
				}
			],
			[
				{
					"file": "ambulate_td/rotation04_frame01.png"
				},
				{
					"file": "ambulate_td/rotation04_frame02.png"
				},
				{
					"file": "ambulate_td/rotation04_frame03.png"
				},
				{
					"file": "ambulate_td/rotation04_frame04.png"
				},
				{
					"file": "ambulate_td/rotation04_frame05.png"
				},
				{
					"file": "ambulate_td/rotation04_frame06.png"
				},
				{
					"file": "ambulate_td/rotation04_frame07.png"
				},
				{
					"file": "ambulate_td/rotation04_frame08.png"
				}
			],
			[
				{
					"file": "ambulate_td/rotation05_frame01.png"
				},
				{
					"file": "ambulate_td/rotation05_frame02.png"
				},
				{
					"file": "ambulate_td/rotation05_frame03.png"
				},
				{
					"file": "ambulate_td/rotation05_frame04.png"
				},
				{
					"file": "ambulate_td/rotation05_frame05.png"
				},
				{
					"file": "ambulate_td/rotation05_frame06.png"
				},
				{
					"file": "ambulate_td/rotation05_frame07.png"
				},
				{
					"file": "ambulate_td/rotation05_frame08.png"
				}
			]
		]
	},
	{
		"name": "DARK_ELF_ATTACK",
		"rotatable": true,
		"fp_offset_x": 30,
		"fp_offset_y": 59,
		"td_offset_x": 30,
		"td_offset_y": 47,
		"fp": [
			[
				{
					"file": "attack_fp/rotation01_frame01.png"
				},
				{
					"file": "attack_fp/rotation01_frame02.png"
				},
				{
					"file": "attack_fp/rotation01_frame03.png"
				},
				{
					"file": "attack_fp/rotation01_frame04.png"
				},
				{
					"file": "attack_fp/rotation01_frame05.png"
				},
				{
					"file": "attack_fp/rotation01_frame06.png"
				},
				{
					"file": "attack_fp/rotation01_frame07.png"
				}
			],
			[
				{
					"file": "attack_fp/rotation02_frame01.png"
				},
				{
					"file": "attack_fp/rotation02_frame02.png"
				},
				{
					"file": "attack_fp/rotation02_frame03.png"
				},
				{
					"file": "attack_fp/rotation02_frame04.png"
				},
				{
					"file": "attack_fp/rotation02_frame05.png"
				},
				{
					"file": "attack_fp/rotation02_frame06.png"
				},
				{
					"file": "attack_fp/rotation02_frame07.png"
				}
			],
			[
				{
					"file": "attack_fp/rotation03_frame01.png"
				},
				{
					"file": "attack_fp/rotation03_frame02.png"
				},
				{
					"file": "attack_fp/rotation03_frame03.png"
				},
				{
					"file": "attack_fp/rotation03_frame04.png"
				},
				{
					"file": "attack_fp/rotation03_frame05.png"
				},
				{
					"file": "attack_fp/rotation03_frame06.png"
				},
				{
					"file": "attack_fp/rotation03_frame07.png"
				}
			],
			[
				{
					"file": "attack_fp/rotation04_frame01.png"
				},
				{
					"file": "attack_fp/rotation04_frame02.png"
				},
				{
					"file": "attack_fp/rotation04_frame03.png"
				},
				{
					"file": "attack_fp/rotation04_frame04.png"
				},
				{
					"file": "attack_fp/rotation04_frame05.png"
				},
				{
					"file": "attack_fp/rotation04_frame06.png"
				},
				{
					"file": "attack_fp/rotation04_frame07.png"
				}
			],
			[
				{
					"file": "attack_fp/rotation05_frame01.png"
				},
				{
					"file": "attack_fp/rotation05_frame02.png"
				},
				{
					"file": "attack_fp/rotation05_frame03.png"
				},
				{
					"file": "attack_fp/rotation05_frame04.png"
				},
				{
					"file": "attack_fp/rotation05_frame05.png"
				},
				{
					"file": "attack_fp/rotation05_frame06.png"
				},
				{
					"file": "attack_fp/rotation05_frame07.png"
				}
			]
		],
		"td": [
			[
				{
					"file": "attack_td/rotation01_frame01.png"
				},
				{
					"file": "attack_td/rotation01_frame02.png"
				},
				{
					"file": "attack_td/rotation01_frame03.png"
				},
				{
					"file": "attack_td/rotation01_frame04.png"
				},
				{
					"file": "attack_td/rotation01_frame05.png"
				},
				{
					"file": "attack_td/rotation01_frame06.png"
				},
				{
					"file": "attack_td/rotation01_frame07.png"
				}
			],
			[
				{
					"file": "attack_td/rotation02_frame01.png"
				},
				{
					"file": "attack_td/rotation02_frame02.png"
				},
				{
					"file": "attack_td/rotation02_frame03.png"
				},
				{
					"file": "attack_td/rotation02_frame04.png"
				},
				{
					"file": "attack_td/rotation02_frame05.png"
				},
				{
					"file": "attack_td/rotation02_frame06.png"
				},
				{
					"file": "attack_td/rotation02_frame07.png"
				}
			],
			[
				{
					"file": "attack_td/rotation03_frame01.png"
				},
				{
					"file": "attack_td/rotation03_frame02.png"
				},
				{
					"file": "attack_td/rotation03_frame03.png"
				},
				{
					"file": "attack_td/rotation03_frame04.png"
				},
				{
					"file": "attack_td/rotation03_frame05.png"
				},
				{
					"file": "attack_td/rotation03_frame06.png"
				},
				{
					"file": "attack_td/rotation03_frame07.png"
				}
			],
			[
				{
					"file": "attack_td/rotation04_frame01.png"
				},
				{
					"file": "attack_td/rotation04_frame02.png"
				},
				{
					"file": "attack_td/rotation04_frame03.png"
				},
				{
					"file": "attack_td/rotation04_frame04.png"
				},
				{
					"file": "attack_td/rotation04_frame05.png"
				},
				{
					"file": "attack_td/rotation04_frame06.png"
				},
				{
					"file": "attack_td/rotation04_frame07.png"
				}
			],
			[
				{
					"file": "attack_td/rotation05_frame01.png"
				},
				{
					"file": "attack_td/rotation05_frame02.png"
				},
				{
					"file": "attack_td/rotation05_frame03.png"
				},
				{
					"file": "attack_td/rotation05_frame04.png"
				},
				{
					"file": "attack_td/rotation05_frame05.png"
				},
				{
					"file": "attack_td/rotation05_frame06.png"
				},
				{
					"file": "attack_td/rotation05_frame07.png"
				}
			]
		]
	},
	{
		"name": "DARK_ELF_GOTHIT",
		"rotatable": true,
		"fp_offset_x": 30,
		"fp_offset_y": 58,
		"td_offset_x": 28,
		"td_offset_y": 45,
		"fp": [
			[
				{
					"file": "gothit_fp/rotation01_frame01.png"
				}
			],
			[
				{
					"file": "gothit_fp/rotation02_frame01.png"
				}
			],
			[
				{
					"file": "gothit_fp/rotation03_frame01.png"
				}
			],
			[
				{
					"file": "gothit_fp/rotation04_frame01.png"
				}
			],
			[
				{
					"file": "gothit_fp/rotation05_frame01.png"
				}
			]
		],
		"td": [
			[
				{
					"file": "gothit_td/rotation01_frame01.png"
				}
			],
			[
				{
					"file": "gothit_td/rotation02_frame01.png"
				}
			],
			[
				{
					"file": "gothit_td/rotation03_frame01.png"
				}
			],
			[
				{
					"file": "gothit_td/rotation04_frame01.png"
				}
			],
			[
				{
					"file": "gothit_td/rotation05_frame01.png"
				}
			]
		]
	},
	{
		"name": "DARK_ELF_POWERGRAB",
		"rotatable": false,
		"fp_offset_x": 30,
		"fp_offset_y": 59,
		"td_offset_x": 30,
		"td_offset_y": 48,
		"fp": [
			[
				{
					"file": "powergrab_fp/rotation01_frame01.png"
				},
				{
					"file": "powergrab_fp/rotation01_frame02.png"
				},
				{
					"file": "powergrab_fp/rotation01_frame03.png"
				},
				{
					"file": "powergrab_fp/rotation01_frame04.png"
				},
				{
					"file": "powergrab_fp/rotation01_frame05.png"
				},
				{
					"file": "powergrab_fp/rotation01_frame06.png"
				},
				{
					"file": "powergrab_fp/rotation01_frame07.png"
				},
				{
					"file": "powergrab_fp/rotation01_frame08.png"
				}
			]
		],
		"td": [
			[
				{
					"file": "powergrab_td/rotation02_frame01.png"
				},
				{
					"file": "powergrab_td/rotation02_frame02.png"
				},
				{
					"file": "powergrab_td/rotation02_frame03.png"
				},
				{
					"file": "powergrab_td/rotation02_frame04.png"
				},
				{
					"file": "powergrab_td/rotation02_frame05.png"
				},
				{
					"file": "powergrab_td/rotation02_frame06.png"
				},
				{
					"file": "powergrab_td/rotation02_frame07.png"
				},
				{
					"file": "powergrab_td/rotation02_frame08.png"
				}
			]
		]
	},
	{
		"name": "DARK_ELF_GOTSLAPPED",
		"rotatable": true,
		"fp_offset_x": 30,
		"fp_offset_y": 59,
		"td_offset_x": 27,
		"td_offset_y": 45,
		"fp": [
			[
				{
					"file": "gotslapped_fp/rotation01_frame01.png"
				}
			],
			[
				{
					"file": "gotslapped_fp/rotation02_frame01.png"
				}
			],
			[
				{
					"file": "gotslapped_fp/rotation03_frame01.png"
				}
			],
			[
				{
					"file": "gotslapped_fp/rotation04_frame01.png"
				}
			],
			[
				{
					"file": "gotslapped_fp/rotation05_frame01.png"
				}
			]
		],
		"td": [
			[
				{
					"file": "gotslapped_td/rotation01_frame01.png"
				}
			],
			[
				{
					"file": "gotslapped_td/rotation02_frame01.png"
				}
			],
			[
				{
					"file": "gotslapped_td/rotation03_frame01.png"
				}
			],
			[
				{
					"file": "gotslapped_td/rotation04_frame01.png"
				}
			],
			[
				{
					"file": "gotslapped_td/rotation05_frame01.png"
				}
			]
		]
	},
	{
		"name": "DARK_ELF_CELEBRATE",
		"rotatable": false,
		"fp_offset_x": 30,
		"fp_offset_y": 59,
		"td_offset_x": 29,
		"td_offset_y": 45,
		"fp": [
			[
				{
					"file": "celebrate_fp/rotation01_frame01.png"
				},
				{
					"file": "celebrate_fp/rotation01_frame02.png"
				},
				{
					"file": "celebrate_fp/rotation01_frame03.png"
				},
				{
					"file": "celebrate_fp/rotation01_frame04.png"
				},
				{
					"file": "celebrate_fp/rotation01_frame05.png"
				},
				{
					"file": "celebrate_fp/rotation01_frame06.png"
				}
			]
		],
		"td": [
			[
				{
					"file": "celebrate_td/rotation01_frame01.png"
				},
				{
					"file": "celebrate_td/rotation01_frame02.png"
				},
				{
					"file": "celebrate_td/rotation01_frame03.png"
				},
				{
					"file": "celebrate_td/rotation01_frame04.png"
				},
				{
					"file": "celebrate_td/rotation01_frame05.png"
				},
				{
					"file": "celebrate_td/rotation01_frame06.png"
				}
			]
		]
	},
	{
		"name": "DARK_ELF_SLEEP",
		"rotatable": false,
		"fp_offset_x": 32,
		"fp_offset_y": 37,
		"td_offset_x": 26,
		"td_offset_y": 34,
		"fp": [
			[
				{
					"file": "sleep_fp/rotation01_frame01.png"
				},
				{
					"file": "sleep_fp/rotation01_frame02.png"
				},
				{
					"file": "sleep_fp/rotation01_frame03.png"
				},
				{
					"file": "sleep_fp/rotation01_frame04.png"
				}
			]
		],
		"td": [
			[
				{
					"file": "sleep_td/rotation01_frame01.png"
				},
				{
					"file": "sleep_td/rotation01_frame02.png"
				},
				{
					"file": "sleep_td/rotation01_frame03.png"
				},
				{
					"file": "sleep_td/rotation01_frame04.png"
				}
			]
		]
	},
	{
		"name": "DARK_ELF_EATCHICKEN",
		"rotatable": false,
		"fp_offset_x": 30,
		"fp_offset_y": 59,
		"td_offset_x": 28,
		"td_offset_y": 48,
		"fp": [
			[
				{
					"file": "eatchicken_fp/rotation01_frame01.png"
				},
				{
					"file": "eatchicken_fp/rotation01_frame02.png"
				},
				{
					"file": "eatchicken_fp/rotation01_frame03.png"
				},
				{
					"file": "eatchicken_fp/rotation01_frame04.png"
				},
				{
					"file": "eatchicken_fp/rotation01_frame05.png"
				}
			]
		],
		"td": [
			[
				{
					"file": "eatchicken_td/rotation01_frame01.png"
				},
				{
					"file": "eatchicken_td/rotation01_frame02.png"
				},
				{
					"file": "eatchicken_td/rotation01_frame03.png"
				},
				{
					"file": "eatchicken_td/rotation01_frame04.png"
				},
				{
					"file": "eatchicken_td/rotation01_frame05.png"
				}
			]
		]
	},
	{
		"name": "DARK_ELF_SCREAM",
		"rotatable": false,
		"fp_offset_x": 25,
		"fp_offset_y": 58,
		"td_offset_x": 26,
		"td_offset_y": 47,
		"fp": [
			[
				{
					"file": "scream_fp/rotation01_frame01.png"
				},
				{
					"file": "scream_fp/rotation01_frame02.png"
				},
				{
					"file": "scream_fp/rotation01_frame03.png"
				},
				{
					"file": "scream_fp/rotation01_frame04.png"
				},
				{
					"file": "scream_fp/rotation01_frame05.png"
				},
				{
					"file": "scream_fp/rotation01_frame06.png"
				}
			]
		],
		"td": [
			[
				{
					"file": "scream_td/rotation01_frame01.png"
				},
				{
					"file": "scream_td/rotation01_frame02.png"
				},
				{
					"file": "scream_td/rotation01_frame03.png"
				},
				{
					"file": "scream_td/rotation01_frame04.png"
				},
				{
					"file": "scream_td/rotation01_frame05.png"
				},
				{
					"file": "scream_td/rotation01_frame06.png"
				}
			]
		]
	},
	{
		"name": "DARK_ELF_LAIR",
		"rotatable": false,
		"fp_offset_x": 50,
		"fp_offset_y": 33,
		"td_offset_x": 35,
		"td_offset_y": 31,
		"fp": [
			[
				{
					"file": "lair_fp/r1frame01.png"
				}
			]
		],
		"td": [
			[
				{
					"file": "lair_td/r1frame01.png"
				}
			]
		]
	},
	{
		"name": "DARK_ELF_DROPDEAD",
		"rotatable": false,
		"fp_offset_x": 37,
		"fp_offset_y": 52,
		"td_offset_x": 43,
		"td_offset_y": 54,
		"fp": [
			[
				{
					"file": "dropdead_fp/rotation01_frame01.png"
				},
				{
					"file": "dropdead_fp/rotation01_frame02.png"
				}
			]
		],
		"td": [
			[
				{
					"file": "dropdead_td/rotation01_frame01.png"
				},
				{
					"file": "dropdead_td/rotation01_frame02.png"
				}
			]
		]
	}
]