[
	{
		"name": "BERSERKER_TORTURE",
		"rotatable": false,
		"fp_offset_x": 47,
		"fp_offset_y": 84,
		"td_offset_x": 38,
		"td_offset_y": 59,
		"fp": [
			[
				{
					"file": "torture_fp/r1frame01.png"
				},
				{
					"file": "torture_fp/r1frame02.png"
				},
				{
					"file": "torture_fp/r1frame03.png"
				},
				{
					"file": "torture_fp/r1frame04.png"
				},
				{
					"file": "torture_fp/r1frame05.png"
				},
				{
					"file": "torture_fp/r1frame06.png"
				},
				{
					"file": "torture_fp/r1frame07.png"
				},
				{
					"file": "torture_fp/r1frame08.png"
				}
			]
		],
		"td": [
			[
				{
					"file": "torture_td/r1frame01.png"
				},
				{
					"file": "torture_td/r1frame02.png"
				},
				{
					"file": "torture_td/r1frame03.png"
				},
				{
					"file": "torture_td/r1frame04.png"
				},
				{
					"file": "torture_td/r1frame05.png"
				},
				{
					"file": "torture_td/r1frame06.png"
				},
				{
					"file": "torture_td/r1frame07.png"
				},
				{
					"file": "torture_td/r1frame08.png"
				}
			]
		]
	},
	{
		"name": "BERSERKER_COMPLAIN",
		"rotatable": false,
		"fp_offset_x": 35,
		"fp_offset_y": 56,
		"td_offset_x": 26,
		"td_offset_y": 43,
		"fp": [
			[
				{
					"file": "complain_fp/r1frame01.png"
				},
				{
					"file": "complain_fp/r1frame02.png"
				},
				{
					"file": "complain_fp/r1frame03.png"
				},
				{
					"file": "complain_fp/r1frame04.png"
				}
			]
		],
		"td": [
			[
				{
					"file": "complain_td/r1frame01.png"
				},
				{
					"file": "complain_td/r1frame02.png"
				},
				{
					"file": "complain_td/r1frame03.png"
				},
				{
					"file": "complain_td/r1frame04.png"
				}
			]
		]
	},
	{
		"name": "BERSERKER_AMBULATE",
		"rotatable": true,
		"fp_offset_x": 36,
		"fp_offset_y": 75,
		"td_offset_x": 28,
		"td_offset_y": 53,
		"fp": [
			[
				{
					"file": "ambulate_fp/r1frame01.png"
				},
				{
					"file": "ambulate_fp/r1frame02.png"
				},
				{
					"file": "ambulate_fp/r1frame03.png"
				},
				{
					"file": "ambulate_fp/r1frame04.png"
				},
				{
					"file": "ambulate_fp/r1frame05.png"
				},
				{
					"file": "ambulate_fp/r1frame06.png"
				}
			],
			[
				{
					"file": "ambulate_fp/r2frame01.png"
				},
				{
					"file": "ambulate_fp/r2frame02.png"
				},
				{
					"file": "ambulate_fp/r2frame03.png"
				},
				{
					"file": "ambulate_fp/r2frame04.png"
				},
				{
					"file": "ambulate_fp/r2frame05.png"
				},
				{
					"file": "ambulate_fp/r2frame06.png"
				}
			],
			[
				{
					"file": "ambulate_fp/r3frame01.png"
				},
				{
					"file": "ambulate_fp/r3frame02.png"
				},
				{
					"file": "ambulate_fp/r3frame03.png"
				},
				{
					"file": "ambulate_fp/r3frame04.png"
				},
				{
					"file": "ambulate_fp/r3frame05.png"
				},
				{
					"file": "ambulate_fp/r3frame06.png"
				}
			],
			[
				{
					"file": "ambulate_fp/r4frame01.png"
				},
				{
					"file": "ambulate_fp/r4frame02.png"
				},
				{
					"file": "ambulate_fp/r4frame03.png"
				},
				{
					"file": "ambulate_fp/r4frame04.png"
				},
				{
					"file": "ambulate_fp/r4frame05.png"
				},
				{
					"file": "ambulate_fp/r4frame06.png"
				}
			],
			[
				{
					"file": "ambulate_fp/r5frame01.png"
				},
				{
					"file": "ambulate_fp/r5frame02.png"
				},
				{
					"file": "ambulate_fp/r5frame03.png"
				},
				{
					"file": "ambulate_fp/r5frame04.png"
				},
				{
					"file": "ambulate_fp/r5frame05.png"
				},
				{
					"file": "ambulate_fp/r5frame06.png"
				}
			]
		],
		"td": [
			[
				{
					"file": "ambulate_td/r1frame01.png"
				},
				{
					"file": "ambulate_td/r1frame02.png"
				},
				{
					"file": "ambulate_td/r1frame03.png"
				},
				{
					"file": "ambulate_td/r1frame04.png"
				},
				{
					"file": "ambulate_td/r1frame05.png"
				},
				{
					"file": "ambulate_td/r1frame06.png"
				}
			],
			[
				{
					"file": "ambulate_td/r2frame01.png"
				},
				{
					"file": "ambulate_td/r2frame02.png"
				},
				{
					"file": "ambulate_td/r2frame03.png"
				},
				{
					"file": "ambulate_td/r2frame04.png"
				},
				{
					"file": "ambulate_td/r2frame05.png"
				},
				{
					"file": "ambulate_td/r2frame06.png"
				}
			],
			[
				{
					"file": "ambulate_td/r3frame01.png"
				},
				{
					"file": "ambulate_td/r3frame02.png"
				},
				{
					"file": "ambulate_td/r3frame03.png"
				},
				{
					"file": "ambulate_td/r3frame04.png"
				},
				{
					"file": "ambulate_td/r3frame05.png"
				},
				{
					"file": "ambulate_td/r3frame06.png"
				}
			],
			[
				{
					"file": "ambulate_td/r4frame01.png"
				},
				{
					"file": "ambulate_td/r4frame02.png"
				},
				{
					"file": "ambulate_td/r4frame03.png"
				},
				{
					"file": "ambulate_td/r4frame04.png"
				},
				{
					"file": "ambulate_td/r4frame05.png"
				},
				{
					"file": "ambulate_td/r4frame06.png"
				}
			],
			[
				{
					"file": "ambulate_td/r5frame01.png"
				},
				{
					"file": "ambulate_td/r5frame02.png"
				},
				{
					"file": "ambulate_td/r5frame03.png"
				},
				{
					"file": "ambulate_td/r5frame04.png"
				},
				{
					"file": "ambulate_td/r5frame05.png"
				},
				{
					"file": "ambulate_td/r5frame06.png"
				}
			]
		]
	},
	{
		"name": "BERSERKER_STAND",
		"rotatable": true,
		"fp_offset_x": 38,
		"fp_offset_y": 76,
		"td_offset_x": 29,
		"td_offset_y": 49,
		"fp": [
			[
				{
					"file": "stand_fp/r1frame01.png"
				}
			],
			[
				{
					"file": "stand_fp/r2frame01.png"
				}
			],
			[
				{
					"file": "stand_fp/r3frame01.png"
				}
			],
			[
				{
					"file": "stand_fp/r4frame01.png"
				}
			],
			[
				{
					"file": "stand_fp/r5frame01.png"
				}
			]
		],
		"td": [
					[
				{
					"file": "stand_td/r1frame01.png"
				}
			],
			[
				{
					"file": "stand_td/r2frame01.png"
				}
			],
			[
				{
					"file": "stand_td/r3frame01.png"
				}
			],
			[
				{
					"file": "stand_td/r4frame01.png"
				}
			],
			[
				{
					"file": "stand_td/r5frame01.png"
				}
			]
		]
	},
	{
		"name": "BERSERKER_ATTACK",
		"rotatable": true,
		"fp_offset_x": 55,
		"fp_offset_y": 73,
		"td_offset_x": 44,
		"td_offset_y": 58,
		"fp": [
			[
				{
					"file": "attack_fp/r1frame01.png"
				},
				{
					"file": "attack_fp/r1frame02.png"
				},
				{
					"file": "attack_fp/r1frame03.png"
				},
				{
					"file": "attack_fp/r1frame04.png"
				},
				{
					"file": "attack_fp/r1frame05.png"
				}
			],
			[
				{
					"file": "attack_fp/r2frame01.png"
				},
				{
					"file": "attack_fp/r2frame02.png"
				},
				{
					"file": "attack_fp/r2frame03.png"
				},
				{
					"file": "attack_fp/r2frame04.png"
				},
				{
					"file": "attack_fp/r2frame05.png"
				}
			],
			[
				{
					"file": "attack_fp/r3frame01.png"
				},
				{
					"file": "attack_fp/r3frame02.png"
				},
				{
					"file": "attack_fp/r3frame03.png"
				},
				{
					"file": "attack_fp/r3frame04.png"
				},
				{
					"file": "attack_fp/r3frame05.png"
				}
			],
			[
				{
					"file": "attack_fp/r4frame01.png"
				},
				{
					"file": "attack_fp/r4frame02.png"
				},
				{
					"file": "attack_fp/r4frame03.png"
				},
				{
					"file": "attack_fp/r4frame04.png"
				},
				{
					"file": "attack_fp/r4frame05.png"
				}
			],
			[
				{
					"file": "attack_fp/r5frame01.png"
				},
				{
					"file": "attack_fp/r5frame02.png"
				},
				{
					"file": "attack_fp/r5frame03.png"
				},
				{
					"file": "attack_fp/r5frame04.png"
				},
				{
					"file": "attack_fp/r5frame05.png"
				}
			]
		],
		"td": [
			[
				{
					"file": "attack_td/r1frame01.png"
				},
				{
					"file": "attack_td/r1frame02.png"
				},
				{
					"file": "attack_td/r1frame03.png"
				},
				{
					"file": "attack_td/r1frame04.png"
				},
				{
					"file": "attack_td/r1frame05.png"
				}
			],
			[
				{
					"file": "attack_td/r2frame01.png"
				},
				{
					"file": "attack_td/r2frame02.png"
				},
				{
					"file": "attack_td/r2frame03.png"
				},
				{
					"file": "attack_td/r2frame04.png"
				},
				{
					"file": "attack_td/r2frame05.png"
				}
			],
			[
				{
					"file": "attack_td/r3frame01.png"
				},
				{
					"file": "attack_td/r3frame02.png"
				},
				{
					"file": "attack_td/r3frame03.png"
				},
				{
					"file": "attack_td/r3frame04.png"
				},
				{
					"file": "attack_td/r3frame05.png"
				}
			],
			[
				{
					"file": "attack_td/r4frame01.png"
				},
				{
					"file": "attack_td/r4frame02.png"
				},
				{
					"file": "attack_td/r4frame03.png"
				},
				{
					"file": "attack_td/r4frame04.png"
				},
				{
					"file": "attack_td/r4frame05.png"
				}
			],
			[
				{
					"file": "attack_td/r5frame01.png"
				},
				{
					"file": "attack_td/r5frame02.png"
				},
				{
					"file": "attack_td/r5frame03.png"
				},
				{
					"file": "attack_td/r5frame04.png"
				},
				{
					"file": "attack_td/r5frame05.png"
				}
			]
		]
	},
	{
		"name": "BERSERKER_GOTHIT",
		"rotatable": true,
		"fp_offset_x": 49,
		"fp_offset_y": 72,
		"td_offset_x": 37,
		"td_offset_y": 50,
		"fp": [
			[
				{
					"file": "gothit_fp/r1frame01.png"
				}
			],
			[
				{
					"file": "gothit_fp/r2frame01.png"
				}
			],
			[
				{
					"file": "gothit_fp/r3frame01.png"
				}
			],
			[
				{
					"file": "gothit_fp/r4frame01.png"
				}
			],
			[
				{
					"file": "gothit_fp/r5frame01.png"
				}
			]
		],
		"td": [
			[
				{
					"file": "gothit_td/r1frame01.png"
				}
			],
			[
				{
					"file": "gothit_td/r2frame01.png"
				}
			],
			[
				{
					"file": "gothit_td/r3frame01.png"
				}
			],
			[
				{
					"file": "gothit_td/r4frame01.png"
				}
			],
			[
				{
					"file": "gothit_td/r5frame01.png"
				}
			]
		]
	},
	{
		"name": "BERSERKER_DROPDEAD",
		"rotatable": false,
		"fp_offset_x": 49,
		"fp_offset_y": 52,
		"td_offset_x": 36,
		"td_offset_y": 24,
		"fp": [
			[
				{
					"file": "dropdead_fp/r1frame01.png"
				},
				{
					"file": "dropdead_fp/r1frame02.png"
				}
			]
		],
		"td": [
			[
				{
					"file": "dropdead_td/r1frame01.png"
				},
				{
					"file": "dropdead_td/r1frame02.png"
				}
			]
		]
	},
	{
		"name": "BERSERKER_POWERGRAB",
		"rotatable": false,
		"fp_offset_x": 37,
		"fp_offset_y": 104,
		"td_offset_x": 28,
		"td_offset_y": 65,
		"fp": [
			[
				{
					"file": "powergrab_fp/r1frame01.png"
				},
				{
					"file": "powergrab_fp/r1frame02.png"
				},
				{
					"file": "powergrab_fp/r1frame03.png"
				},
				{
					"file": "powergrab_fp/r1frame04.png"
				},
				{
					"file": "powergrab_fp/r1frame05.png"
				},
				{
					"file": "powergrab_fp/r1frame06.png"
				}
			]
		],
		"td": [
			[
				{
					"file": "powergrab_td/r1frame01.png"
				},
				{
					"file": "powergrab_td/r1frame02.png"
				},
				{
					"file": "powergrab_td/r1frame03.png"
				},
				{
					"file": "powergrab_td/r1frame04.png"
				},
				{
					"file": "powergrab_td/r1frame05.png"
				},
				{
					"file": "powergrab_td/r1frame06.png"
				}
			]
		]
	},
	{
		"name": "BERSERKER_CELEBRATE",
		"rotatable": false,
		"fp_offset_x": 32,
		"fp_offset_y": 98,
		"td_offset_x": 35,
		"td_offset_y": 64,
		"fp": [
			[
				{
					"file": "celebrate_fp/r1frame01.png"
				},
				{
					"file": "celebrate_fp/r1frame02.png"
				},
				{
					"file": "celebrate_fp/r1frame03.png"
				},
				{
					"file": "celebrate_fp/r1frame04.png"
				}
			]
		],
		"td": [
			[
				{
					"file": "celebrate_td/r1frame01.png"
				},
				{
					"file": "celebrate_td/r1frame02.png"
				},
				{
					"file": "celebrate_td/r1frame03.png"
				},
				{
					"file": "celebrate_td/r1frame04.png"
				}
			]
		]
	},
	{
		"name": "BERSERKER_SLEEP",
		"rotatable": false,
		"fp_offset_x": 20,
		"fp_offset_y": 75,
		"td_offset_x": 15,
		"td_offset_y": 48,
		"fp": [
			[
				{
					"file": "sleep_fp/r1frame01.png"
				},
				{
					"file": "sleep_fp/r1frame02.png"
				},
				{
					"file": "sleep_fp/r1frame03.png"
				},
				{
					"file": "sleep_fp/r1frame04.png"
				},
				{
					"file": "sleep_fp/r1frame05.png"
				},
				{
					"file": "sleep_fp/r1frame06.png"
				},
				{
					"file": "sleep_fp/r1frame07.png"
				},
				{
					"file": "sleep_fp/r1frame08.png"
				}
			]
		],
		"td": [
			[
				{
					"file": "sleep_td/r1frame01.png"
				},
				{
					"file": "sleep_td/r1frame02.png"
				},
				{
					"file": "sleep_td/r1frame03.png"
				},
				{
					"file": "sleep_td/r1frame04.png"
				},
				{
					"file": "sleep_td/r1frame05.png"
				},
				{
					"file": "sleep_td/r1frame06.png"
				},
				{
					"file": "sleep_td/r1frame07.png"
				},
				{
					"file": "sleep_td/r1frame08.png"
				}
			]
		]
	},
	{
		"name": "BERSERKER_GOTSLAPPED",
		"rotatable": true,
		"fp_offset_x": 40,
		"fp_offset_y": 76,
		"td_offset_x": 31,
		"td_offset_y": 54,
		"fp": [
			[
				{
					"file": "gotslapped_fp/r1frame01.png"
				}
			],
			[
				{
					"file": "gotslapped_fp/r2frame01.png"
				}
			],
			[
				{
					"file": "gotslapped_fp/r3frame01.png"
				}
			],
			[
				{
					"file": "gotslapped_fp/r4frame01.png"
				}
			],
			[
				{
					"file": "gotslapped_fp/r5frame01.png"
				}
			]
		],
		"td": [
			[
				{
					"file": "gotslapped_td/r1frame01.png"
				}
			],
			[
				{
					"file": "gotslapped_td/r2frame01.png"
				}
			],
			[
				{
					"file": "gotslapped_td/r3frame01.png"
				}
			],
			[
				{
					"file": "gotslapped_td/r4frame01.png"
				}
			],
			[
				{
					"file": "gotslapped_td/r5frame01.png"
				}
			]
		]
	},
	{
		"name": "BERSERKER_EATCHICKEN",
		"rotatable": false,
		"fp_offset_x": 38,
		"fp_offset_y": 84,
		"td_offset_x": 30,
		"td_offset_y": 61,
		"fp": [
			[
				{
					"file": "eatchicken_fp/r1frame01.png"
				},
				{
					"file": "eatchicken_fp/r1frame02.png"
				},
				{
					"file": "eatchicken_fp/r1frame03.png"
				},
				{
					"file": "eatchicken_fp/r1frame04.png"
				},
				{
					"file": "eatchicken_fp/r1frame05.png"
				},
				{
					"file": "eatchicken_fp/r1frame06.png"
				},
				{
					"file": "eatchicken_fp/r1frame07.png"
				},
				{
					"file": "eatchicken_fp/r1frame08.png"
				}
			]
		],
		"td": [
			[
				{
					"file": "eatchicken_td/r1frame01.png"
				},
				{
					"file": "eatchicken_td/r1frame02.png"
				},
				{
					"file": "eatchicken_td/r1frame03.png"
				},
				{
					"file": "eatchicken_td/r1frame04.png"
				},
				{
					"file": "eatchicken_td/r1frame05.png"
				},
				{
					"file": "eatchicken_td/r1frame06.png"
				},
				{
					"file": "eatchicken_td/r1frame07.png"
				},
				{
					"file": "eatchicken_td/r1frame08.png"
				}
			]
		]
	}

]