[

{"name":"SELF_HEALING_POTION_SMALL",		"file": [ "ICONS/SELF_HEALING_POTION_SMALL.png","ICONS/SELF_HEALING_POTION_SMALL.png" ]},
{"name":"SELF_HEALING_POTION_MID",			"file": [ "ICONS/SELF_HEALING_POTION_MID.png","ICONS/SELF_HEALING_POTION_MID.png" ]},
{"name":"SELF_HEALING_POTION_LARGE",		"file": [ "ICONS/SELF_HEALING_POTION_LARGE.png","ICONS/SELF_HEALING_POTION_LARGE.png" ]},
{"name":"SELF_INVISIBLITY",					"file": [ "ICONS/SELF_INVISIBLITY.png","ICONS/SELF_INVISIBLITY.png" ]},
{"name":"SELF_INVISIBLITY_PARTIAL",			"file": [ "ICONS/SELF_INVISIBLITY_PARTIAL.png","ICONS/SELF_INVISIBLITY_PARTIAL.png" ]},
{"name":"SELF_STRENGTH_POTION_SMALL",		"file": [ "ICONS/SELF_STRENGTH_POTION_SMALL.png","ICONS/SELF_STRENGTH_POTION_SMALL.png" ]},
{"name":"SELF_STRENGTH_POTION_MID",			"file": [ "ICONS/SELF_STRENGTH_POTION_MID.png","ICONS/SELF_STRENGTH_POTION_MID.png" ]},
{"name":"SELF_STRENGTH_POTION_LARGE",		"file": [ "ICONS/SELF_STRENGTH_POTION_LARGE.png","ICONS/SELF_STRENGTH_POTION_LARGE.png" ]},
{"name":"SELF_ARMOUR_POTION_SMALL",			"file": [ "ICONS/SELF_ARMOUR_POTION_SMALL.png","ICONS/SELF_ARMOUR_POTION_SMALL.png" ]},
{"name":"SELF_ARMOUR_POTION_MID",			"file": [ "ICONS/SELF_ARMOUR_POTION_MID.png","ICONS/SELF_ARMOUR_POTION_MID.png" ]},
{"name":"SELF_ARMOUR_POTION_LARGE",			"file": [ "ICONS/SELF_ARMOUR_POTION_LARGE.png","ICONS/SELF_ARMOUR_POTION_LARGE.png" ]},
{"name":"SELF_ATTRACT",						"file": [ "ICONS/SELF_ATTRACT.png","ICONS/SELF_ATTRACT.png" ]},
{"name":"SELF_REPEL",						"file": [ "ICONS/SELF_REPEL.png","ICONS/SELF_REPEL.png" ]},
{"name":"SELF_FLY",							"file": [ "ICONS/SELF_FLY.png","ICONS/SELF_FLY.png" ]},

{"name":"SELF_SUMMON_GREY",					"file": [ "ICONS/SELF_SUMMON_GREY.png","ICONS/SELF_SUMMON_GREY.png" ]},
{"name":"SELF_SUMMON_BLUE",					"file": [ "ICONS/SELF_SUMMON_BLUE.png","ICONS/SELF_SUMMON_BLUE.png" ]},
{"name":"SELF_SUMMON_GREEN",				"file": [ "ICONS/SELF_SUMMON_GREEN.png","ICONS/SELF_SUMMON_GREEN.png" ]},
{"name":"SELF_SUMMON_RED",					"file": [ "ICONS/SELF_SUMMON_RED.png","ICONS/SELF_SUMMON_RED.png" ]},
{"name":"SELF_SUMMON_ORANGE",				"file": [ "ICONS/SELF_SUMMON_ORANGE.png","ICONS/SELF_SUMMON_ORANGE.png" ]},
{"name":"SELF_SUMMON_PURPLE",				"file": [ "ICONS/SELF_SUMMON_PURPLE.png","ICONS/SELF_SUMMON_PURPLE.png" ]},
{"name":"SELF_SUMMON_YELLOW",				"file": [ "ICONS/SELF_SUMMON_YELLOW.png","ICONS/SELF_SUMMON_YELLOW.png" ]},

{"name":"SELF_CLOUD_GREEN",					"file": [ "ICONS/SELF_CLOUD_GREEN.png","ICONS/SELF_CLOUD_GREEN.png" ]},
{"name":"SELF_CLOUD_PURPLE",				"file": [ "ICONS/SELF_CLOUD_PURPLE.png","ICONS/SELF_CLOUD_PURPLE.png" ]},
{"name":"SELF_CLOUD_RED",					"file": [ "ICONS/SELF_CLOUD_RED.png","ICONS/SELF_CLOUD_RED.png" ]},
{"name":"SELF_CLOUD_GREY",					"file": [ "ICONS/SELF_CLOUD_GREY.png","ICONS/SELF_CLOUD_GREY.png" ]},

{"name":"MELEE_DIG",						"file": [ "ICONS/MELEE_DIG.png","ICONS/MELEE_DIG.png" ]},
{"name":"MELEE_PUSH",						"file": [ "ICONS/MELEE_PUSH.png","ICONS/MELEE_PUSH.png" ]},
{"name":"MELEE_SLAM",						"file": [ "ICONS/MELEE_SLAM.png","ICONS/MELEE_SLAM.png" ]},

{"name":"MELEE_WEAK",						"file": [ "ICONS/MELEE_WEAK.png","ICONS/MELEE_WEAK.png" ]},
{"name":"MELEE_NORMAL",						"file": [ "ICONS/MELEE_NORMAL.png","ICONS/MELEE_NORMAL.png" ]},
{"name":"MELEE_HEAVY",						"file": [ "ICONS/MELEE_HEAVY.png","ICONS/MELEE_HEAVY.png" ]},
{"name":"MELEE_SUPER_HEAVY",				"file": [ "ICONS/MELEE_SUPER_HEAVY.png","ICONS/MELEE_SUPER_HEAVY.png" ]},
{"name":"MELEE_WEAK_STEALTH",				"file": [ "ICONS/MELEE_WEAK_STEALTH.png","ICONS/MELEE_WEAK_STEALTH.png" ]},
{"name":"MELEE_NORMAL_STEALTH",				"file": [ "ICONS/MELEE_NORMAL_STEALTH.png","ICONS/MELEE_NORMAL_STEALTH.png" ]},
{"name":"MELEE_HEAVY_STEALTH",				"file": [ "ICONS/MELEE_HEAVY_STEALTH.png","ICONS/MELEE_HEAVY_STEALTH.png" ]},
{"name":"MELEE_SUPER_HEAVY_STEALTH",		"file": [ "ICONS/MELEE_SUPER_HEAVY_STEALTH.png","ICONS/MELEE_SUPER_HEAVY_STEALTH.png" ]},

{"name":"MELEE_CRITICAL",					"file": [ "ICONS/MELEE_CRITICAL.png","ICONS/MELEE_CRITICAL.png" ]},
{"name":"MELEE_CRITICAL_STEALTH",			"file": [ "ICONS/MELEE_CRITICAL_STEALTH.png","ICONS/MELEE_CRITICAL_STEALTH.png" ]},
{"name":"MELEE_PILFER",						"file": [ "ICONS/MELEE_PILFER.png","ICONS/MELEE_PILFER.png" ]},
{"name":"MELEE_PILFER_STEALTH",				"file": [ "ICONS/MELEE_PILFER_STEALTH.png","ICONS/MELEE_PILFER_STEALTH.png" ]},
{"name":"MELEE_POISON",						"file": [ "ICONS/MELEE_POISON.png","ICONS/MELEE_POISON.png" ]},
{"name":"MELEE_POISON_STEALTH",				"file": [ "ICONS/MELEE_POISON_STEALTH.png","ICONS/MELEE_POISON_STEALTH.png" ]},
{"name":"MELEE_BLEED",						"file": [ "ICONS/MELEE_BLEED.png","ICONS/MELEE_BLEED.png" ]},
{"name":"MELEE_BLEED_STEALTH",				"file": [ "ICONS/MELEE_BLEED_STEALTH.png","ICONS/MELEE_BLEED_STEALTH.png" ]},
{"name":"MELEE_LEECH",						"file": [ "ICONS/MELEE_LEECH.png","ICONS/MELEE_LEECH.png" ]},
{"name":"MELEE_LEECH_STEALTH",				"file": [ "ICONS/MELEE_LEECH_STEALTH.png","ICONS/MELEE_LEECH_STEALTH.png" ]},
{"name":"MELEE_BITE",						"file": [ "ICONS/MELEE_BITE.png","ICONS/MELEE_BITE.png" ]},
{"name":"MELEE_CLAWS",						"file": [ "ICONS/MELEE_CLAWS.png","ICONS/MELEE_CLAWS.png" ]},

{"name":"THROW_COINS",						"file": [ "ICONS/THROW_COINS.png","ICONS/THROW_COINS.png" ]},
{"name":"THROW_ROCKS",						"file": [ "ICONS/THROW_ROCKS.png","ICONS/THROW_ROCKS.png" ]},
{"name":"THROW_GOLD_ROCKS",					"file": [ "ICONS/THROW_GOLD_ROCKS.png","ICONS/THROW_GOLD_ROCKS.png" ]},
{"name":"THROW_BOULDER",					"file": [ "ICONS/THROW_BOULDER.png","ICONS/THROW_BOULDER.png" ]},
{"name":"THROW_MOLOTOV",					"file": [ "ICONS/THROW_MOLOTOV.png","ICONS/THROW_MOLOTOV.png" ]},
{"name":"THROW_GAS_BOMB",					"file": [ "ICONS/THROW_GAS_BOMB.png","ICONS/THROW_GAS_BOMB.png" ]},
{"name":"THROW_BOMB",						"file": [ "ICONS/THROW_BOMB.png","ICONS/THROW_BOMB.png" ]},
{"name":"THROW_SMALL_BOMB",					"file": [ "ICONS/THROW_SMALL_BOMB.png","ICONS/THROW_SMALL_BOMB.png" ]},
{"name":"THROW_SCATTER_BOMB",				"file": [ "ICONS/THROW_SCATTER_BOMB.png","ICONS/THROW_SCATTER_BOMB.png" ]},
{"name":"THROW_CLUSTER_BOMB",				"file": [ "ICONS/THROW_CLUSTER_BOMB.png","ICONS/THROW_CLUSTER_BOMB.png" ]},
{"name":"THROW_TNT",						"file": [ "ICONS/THROW_TNT.png","ICONS/THROW_TNT.png" ]},
{"name":"THROW_TNT_BUNDLE",					"file": [ "ICONS/THROW_TNT_BUNDLE.png","ICONS/THROW_TNT_BUNDLE.png" ]},
{"name":"THROW_TNT_KEG",					"file": [ "ICONS/THROW_TNT_KEG.png","ICONS/THROW_TNT_KEG.png" ]},
{"name":"THROW_TIMEBOMB",					"file": [ "ICONS/THROW_TIMEBOMB.png","ICONS/THROW_TIMEBOMB.png" ]},
{"name":"THROW_RED_DROPLETS",				"file": [ "ICONS/THROW_RED_DROPLETS.png","ICONS/THROW_RED_DROPLETS.png" ]},
{"name":"THROW_GREEN_DROPLETS",				"file": [ "ICONS/THROW_GREEN_DROPLETS.png","ICONS/THROW_GREEN_DROPLETS.png" ]},
{"name":"THROW_PURPLE_DROPLETS",			"file": [ "ICONS/THROW_PURPLE_DROPLETS.png","ICONS/THROW_PURPLE_DROPLETS.png" ]},
{"name":"THROW_GREEN_POOL",					"file": [ "ICONS/THROW_GREEN_POOL.png","ICONS/THROW_GREEN_POOL.png" ]},
{"name":"THROW_PURPLE_POOL",				"file": [ "ICONS/THROW_PURPLE_POOL.png","ICONS/THROW_PURPLE_POOL.png" ]},
{"name":"THROW_RED_POOL",					"file": [ "ICONS/THROW_RED_POOL.png","ICONS/THROW_RED_POOL.png" ]},

{"name":"RANGED_RESURRECT",					"file": [ "ICONS/RANGED_RESURRECT.png","ICONS/RANGED_RESURRECT.png" ]},
{"name":"RANGED_SLOW",						"file": [ "ICONS/RANGED_SLOW.png","ICONS/RANGED_SLOW.png" ]},

{"name":"RANGED_SMOKE_STREAM_PURPLE",		"file": [ "ICONS/RANGED_SMOKE_STREAM_PURPLE.png","ICONS/RANGED_SMOKE_STREAM_PURPLE.png" ]},
{"name":"RANGED_SMOKE_STREAM_RED",			"file": [ "ICONS/RANGED_SMOKE_STREAM_RED.png","ICONS/RANGED_SMOKE_STREAM_RED.png" ]},
{"name":"RANGED_SMOKE_STREAM_GREY",			"file": [ "ICONS/RANGED_SMOKE_STREAM_GREY.png","ICONS/RANGED_SMOKE_STREAM_GREY.png" ]},
{"name":"RANGED_SMOKE_STREAM_GREEN",		"file": [ "ICONS/RANGED_SMOKE_STREAM_GREEN.png","ICONS/RANGED_SMOKE_STREAM_GREEN.png" ]},

{"name":"RANGED_ARROW",						"file": [ "ICONS/RANGED_ARROW.png","ICONS/RANGED_ARROW.png" ]},
{"name":"RANGED_ARROW_VOLLEY",				"file": [ "ICONS/RANGED_ARROW_VOLLEY.png","ICONS/RANGED_ARROW_VOLLEY.png" ]},
{"name":"RANGED_ARROW_MAGIC",				"file": [ "ICONS/RANGED_ARROW_MAGIC.png","ICONS/RANGED_ARROW_MAGIC.png" ]},
{"name":"RANGED_ARROW_SNIPER",				"file": [ "ICONS/RANGED_ARROW_SNIPER.png","ICONS/RANGED_ARROW_SNIPER.png" ]},
{"name":"RANGED_ARROW_POISON",				"file": [ "ICONS/RANGED_ARROW_POISON.png","ICONS/RANGED_ARROW_POISON.png" ]},

{"name":"RANGED_GRAPPLEHOOK",				"file": [ "ICONS/RANGED_GRAPPLEHOOK.png","ICONS/RANGED_GRAPPLEHOOK.png" ]},
{"name":"RANGED_CROW",						"file": [ "ICONS/RANGED_CROW.png","ICONS/RANGED_CROW.png" ]},
{"name":"RANGED_CROW_VOLLEY",				"file": [ "ICONS/RANGED_CROW_VOLLEY.png","ICONS/RANGED_CROW_VOLLEY.png" ]},

{"name":"RANGED_BOUNCING_BEAM_GREY",		"file": [ "ICONS/RANGED_BOUNCING_BEAM_GREY.png","ICONS/RANGED_BOUNCING_BEAM_GREY.png" ]},
{"name":"RANGED_BOUNCING_BEAM_BLUE",		"file": [ "ICONS/RANGED_BOUNCING_BEAM_BLUE.png","ICONS/RANGED_BOUNCING_BEAM_BLUE.png" ]},
{"name":"RANGED_BOUNCING_BEAM_GREEN",		"file": [ "ICONS/RANGED_BOUNCING_BEAM_GREEN.png","ICONS/RANGED_BOUNCING_BEAM_GREEN.png" ]},
{"name":"RANGED_BOUNCING_BEAM_YELLOW",		"file": [ "ICONS/RANGED_BOUNCING_BEAM_YELLOW.png","ICONS/RANGED_BOUNCING_BEAM_YELLOW.png" ]},
{"name":"RANGED_BOUNCING_BEAM_ORANGE",		"file": [ "ICONS/RANGED_BOUNCING_BEAM_ORANGE.png","ICONS/RANGED_BOUNCING_BEAM_ORANGE.png" ]},
{"name":"RANGED_BOUNCING_BEAM_PURPLE",		"file": [ "ICONS/RANGED_BOUNCING_BEAM_PURPLE.png","ICONS/RANGED_BOUNCING_BEAM_PURPLE.png" ]},
{"name":"RANGED_BOUNCING_BEAM_RED",			"file": [ "ICONS/RANGED_BOUNCING_BEAM_RED.png","ICONS/RANGED_BOUNCING_BEAM_RED.png" ]},

{"name":"RANGED_UNSTABLE_ORB_PURPLE",		"file": [ "ICONS/RANGED_UNSTABLE_ORB_PURPLE.png","ICONS/RANGED_UNSTABLE_ORB_PURPLE.png" ]},
{"name":"RANGED_UNSTABLE_ORB_YELLOW",		"file": [ "ICONS/RANGED_UNSTABLE_ORB_YELLOW.png","ICONS/RANGED_UNSTABLE_ORB_YELLOW.png" ]},
{"name":"RANGED_UNSTABLE_ORB_ORANGE",		"file": [ "ICONS/RANGED_UNSTABLE_ORB_ORANGE.png","ICONS/RANGED_UNSTABLE_ORB_ORANGE.png" ]},
{"name":"RANGED_UNSTABLE_ORB_BLUE",			"file": [ "ICONS/RANGED_UNSTABLE_ORB_BLUE.png","ICONS/RANGED_UNSTABLE_ORB_BLUE.png" ]},
{"name":"RANGED_UNSTABLE_ORB_GREEN",		"file": [ "ICONS/RANGED_UNSTABLE_ORB_GREEN.png","ICONS/RANGED_UNSTABLE_ORB_GREEN.png" ]},
{"name":"RANGED_UNSTABLE_ORB_GREY",			"file": [ "ICONS/RANGED_UNSTABLE_ORB_GREY.png","ICONS/RANGED_UNSTABLE_ORB_GREY.png" ]},
{"name":"RANGED_UNSTABLE_ORB_RED",			"file": [ "ICONS/RANGED_UNSTABLE_ORB_RED.png","ICONS/RANGED_UNSTABLE_ORB_RED.png" ]},

{"name":"RANGED_ORB_PURPLE",				"file": [ "ICONS/RANGED_ORB_PURPLE.png","ICONS/RANGED_ORB_PURPLE.png" ]},
{"name":"RANGED_ORB_GREEN",					"file": [ "ICONS/RANGED_ORB_GREEN.png","ICONS/RANGED_ORB_GREEN.png" ]},
{"name":"RANGED_ORB_GREY",					"file": [ "ICONS/RANGED_ORB_GREY.png","ICONS/RANGED_ORB_GREY.png" ]},
{"name":"RANGED_ORB_ORANGE",				"file": [ "ICONS/RANGED_ORB_ORANGE.png","ICONS/RANGED_ORB_ORANGE.png" ]},
{"name":"RANGED_ORB_YELLOW",				"file": [ "ICONS/RANGED_ORB_YELLOW.png","ICONS/RANGED_ORB_YELLOW.png" ]},
{"name":"RANGED_ORB_BLUE",					"file": [ "ICONS/RANGED_ORB_BLUE.png","ICONS/RANGED_ORB_BLUE.png" ]},
{"name":"RANGED_ORB_RED",					"file": [ "ICONS/RANGED_ORB_RED.png","ICONS/RANGED_ORB_RED.png" ]},

{"name":"RANGED_MULTI_ORBS_PURPLE",			"file": [ "ICONS/RANGED_MULTI_ORBS_PURPLE.png","ICONS/RANGED_MULTI_ORBS_PURPLE.png" ]},
{"name":"RANGED_MULTI_ORBS_GREEN",			"file": [ "ICONS/RANGED_MULTI_ORBS_GREEN.png","ICONS/RANGED_MULTI_ORBS_GREEN.png" ]},
{"name":"RANGED_MULTI_ORBS_GREY",			"file": [ "ICONS/RANGED_MULTI_ORBS_GREY.png","ICONS/RANGED_MULTI_ORBS_GREY.png" ]},
{"name":"RANGED_MULTI_ORBS_ORANGE",			"file": [ "ICONS/RANGED_MULTI_ORBS_ORANGE.png","ICONS/RANGED_MULTI_ORBS_ORANGE.png" ]},
{"name":"RANGED_MULTI_ORBS_YELLOW",			"file": [ "ICONS/RANGED_MULTI_ORBS_YELLOW.png","ICONS/RANGED_MULTI_ORBS_YELLOW.png" ]},
{"name":"RANGED_MULTI_ORBS_BLUE",			"file": [ "ICONS/RANGED_MULTI_ORBS_BLUE.png","ICONS/RANGED_MULTI_ORBS_BLUE.png" ]},
{"name":"RANGED_MULTI_ORBS_RED",			"file": [ "ICONS/RANGED_MULTI_ORBS_RED.png","ICONS/RANGED_MULTI_ORBS_RED.png" ]},

{"name":"RANGED_MAGIC_RING_PURPLE",			"file": [ "ICONS/RANGED_MAGIC_RING_PURPLE.png","ICONS/RANGED_MAGIC_RING_PURPLE.png" ]},
{"name":"RANGED_MAGIC_RING_GREY",			"file": [ "ICONS/RANGED_MAGIC_RING_GREY.png","ICONS/RANGED_MAGIC_RING_GREY.png" ]},
{"name":"RANGED_MAGIC_RING_BLUE",			"file": [ "ICONS/RANGED_MAGIC_RING_BLUE.png","ICONS/RANGED_MAGIC_RING_BLUE.png" ]},
{"name":"RANGED_MAGIC_RING_GREEN",			"file": [ "ICONS/RANGED_MAGIC_RING_GREEN.png","ICONS/RANGED_MAGIC_RING_GREEN.png" ]},
{"name":"RANGED_MAGIC_RING_YELLOW",			"file": [ "ICONS/RANGED_MAGIC_RING_YELLOW.png","ICONS/RANGED_MAGIC_RING_YELLOW.png" ]},
{"name":"RANGED_MAGIC_RING_ORANGE",			"file": [ "ICONS/RANGED_MAGIC_RING_ORANGE.png","ICONS/RANGED_MAGIC_RING_ORANGE.png" ]},
{"name":"RANGED_MAGIC_RING_RED",			"file": [ "ICONS/RANGED_MAGIC_RING_RED.png","ICONS/RANGED_MAGIC_RING_RED.png" ]},

{"name":"RANGED_LASER_PURPLE",				"file": [ "ICONS/RANGED_LASER_PURPLE.png","ICONS/RANGED_LASER_PURPLE.png" ]},
{"name":"RANGED_LASER_GREY",				"file": [ "ICONS/RANGED_LASER_GREY.png","ICONS/RANGED_LASER_GREY.png" ]},
{"name":"RANGED_LASER_BLUE",				"file": [ "ICONS/RANGED_LASER_BLUE.png","ICONS/RANGED_LASER_BLUE.png" ]},
{"name":"RANGED_LASER_YELLOW",				"file": [ "ICONS/RANGED_LASER_YELLOW.png","ICONS/RANGED_LASER_YELLOW.png" ]},
{"name":"RANGED_LASER_GREEN",				"file": [ "ICONS/RANGED_LASER_GREEN.png","ICONS/RANGED_LASER_GREEN.png" ]},
{"name":"RANGED_LASER_ORANGE",				"file": [ "ICONS/RANGED_LASER_ORANGE.png","ICONS/RANGED_LASER_ORANGE.png" ]},
{"name":"RANGED_LASER_RED",					"file": [ "ICONS/RANGED_LASER_RED.png","ICONS/RANGED_LASER_RED.png" ]},

{"name":"RANGED_BOLT_PURPLE",				"file": [ "ICONS/RANGED_BOLT_PURPLE.png","ICONS/RANGED_BOLT_PURPLE.png" ]},
{"name":"RANGED_BOLT_GREY",					"file": [ "ICONS/RANGED_BOLT_GREY.png","ICONS/RANGED_BOLT_GREY.png" ]},
{"name":"RANGED_BOLT_GREEN",				"file": [ "ICONS/RANGED_BOLT_GREEN.png","ICONS/RANGED_BOLT_GREEN.png" ]},
{"name":"RANGED_BOLT_ORANGE",				"file": [ "ICONS/RANGED_BOLT_ORANGE.png","ICONS/RANGED_BOLT_ORANGE.png" ]},
{"name":"RANGED_BOLT_BLUE",					"file": [ "ICONS/RANGED_BOLT_BLUE.png","ICONS/RANGED_BOLT_BLUE.png" ]},
{"name":"RANGED_BOLT_YELLOW",				"file": [ "ICONS/RANGED_BOLT_YELLOW.png","ICONS/RANGED_BOLT_YELLOW.png" ]},
{"name":"RANGED_BOLT_RED",					"file": [ "ICONS/RANGED_BOLT_RED.png","ICONS/RANGED_BOLT_RED.png" ]},

{"name":"RANGED_BEAM_VOLLEY_PURPLE",		"file": [ "ICONS/RANGED_BEAM_VOLLEY_PURPLE.png","ICONS/RANGED_BEAM_VOLLEY_PURPLE.png" ]},
{"name":"RANGED_BEAM_VOLLEY_BLUE",			"file": [ "ICONS/RANGED_BEAM_VOLLEY_BLUE.png","ICONS/RANGED_BEAM_VOLLEY_BLUE.png" ]},
{"name":"RANGED_BEAM_VOLLEY_GREEN",			"file": [ "ICONS/RANGED_BEAM_VOLLEY_GREEN.png","ICONS/RANGED_BEAM_VOLLEY_GREEN.png" ]},
{"name":"RANGED_BEAM_VOLLEY_YELLOW",		"file": [ "ICONS/RANGED_BEAM_VOLLEY_YELLOW.png","ICONS/RANGED_BEAM_VOLLEY_YELLOW.png" ]},
{"name":"RANGED_BEAM_VOLLEY_ORANGE",		"file": [ "ICONS/RANGED_BEAM_VOLLEY_ORANGE.png","ICONS/RANGED_BEAM_VOLLEY_ORANGE.png" ]},
{"name":"RANGED_BEAM_VOLLEY_GREY",			"file": [ "ICONS/RANGED_BEAM_VOLLEY_GREY.png","ICONS/RANGED_BEAM_VOLLEY_GREY.png" ]},
{"name":"RANGED_BEAM_VOLLEY_RED",			"file": [ "ICONS/RANGED_BEAM_VOLLEY_RED.png","ICONS/RANGED_BEAM_VOLLEY_RED.png" ]},

{"name":"RANGED_BEAM_PURPLE",				"file": [ "ICONS/RANGED_BEAM_PURPLE.png","ICONS/RANGED_BEAM_PURPLE.png" ]},
{"name":"RANGED_BEAM_YELLOW",				"file": [ "ICONS/RANGED_BEAM_YELLOW.png","ICONS/RANGED_BEAM_YELLOW.png" ]},
{"name":"RANGED_BEAM_BLUE",					"file": [ "ICONS/RANGED_BEAM_BLUE.png","ICONS/RANGED_BEAM_BLUE.png" ]},
{"name":"RANGED_BEAM_GREEN",				"file": [ "ICONS/RANGED_BEAM_GREEN.png","ICONS/RANGED_BEAM_GREEN.png" ]},
{"name":"RANGED_BEAM_GREY",					"file": [ "ICONS/RANGED_BEAM_GREY.png","ICONS/RANGED_BEAM_GREY.png" ]},
{"name":"RANGED_BEAM_ORANGE",				"file": [ "ICONS/RANGED_BEAM_ORANGE.png","ICONS/RANGED_BEAM_ORANGE.png" ]},
{"name":"RANGED_BEAM_RED",					"file": [ "ICONS/RANGED_BEAM_RED.png","ICONS/RANGED_BEAM_RED.png" ]},

{"name":"RANGED_HOMING_BEAM_VOLLEY_BLUE",	"file": [ "ICONS/RANGED_HOMING_BEAM_VOLLEY_BLUE.png","ICONS/RANGED_HOMING_BEAM_VOLLEY_BLUE.png" ]},
{"name":"RANGED_HOMING_BEAM_VOLLEY_GREY",	"file": [ "ICONS/RANGED_HOMING_BEAM_VOLLEY_GREY.png","ICONS/RANGED_HOMING_BEAM_VOLLEY_GREY.png" ]},
{"name":"RANGED_HOMING_BEAM_VOLLEY_PURPLE",	"file": [ "ICONS/RANGED_HOMING_BEAM_VOLLEY_PURPLE.png","ICONS/RANGED_HOMING_BEAM_VOLLEY_PURPLE.png" ]},
{"name":"RANGED_HOMING_BEAM_VOLLEY_GREEN",	"file": [ "ICONS/RANGED_HOMING_BEAM_VOLLEY_GREEN.png","ICONS/RANGED_HOMING_BEAM_VOLLEY_GREEN.png" ]},
{"name":"RANGED_HOMING_BEAM_VOLLEY_ORANGE",	"file": [ "ICONS/RANGED_HOMING_BEAM_VOLLEY_ORANGE.png","ICONS/RANGED_HOMING_BEAM_VOLLEY_ORANGE.png" ]},
{"name":"RANGED_HOMING_BEAM_VOLLEY_YELLOW",	"file": [ "ICONS/RANGED_HOMING_BEAM_VOLLEY_YELLOW.png","ICONS/RANGED_HOMING_BEAM_VOLLEY_YELLOW.png" ]},
{"name":"RANGED_HOMING_BEAM_VOLLEY_RED",	"file": [ "ICONS/RANGED_HOMING_BEAM_VOLLEY_RED.png","ICONS/RANGED_HOMING_BEAM_VOLLEY_RED.png" ]},

{"name":"RANGED_HOMING_BEAM_PURPLE",		"file": [ "ICONS/RANGED_HOMING_BEAM_PURPLE.png","ICONS/RANGED_HOMING_BEAM_PURPLE.png" ]},
{"name":"RANGED_HOMING_BEAM_BLUE",			"file": [ "ICONS/RANGED_HOMING_BEAM_BLUE.png","ICONS/RANGED_HOMING_BEAM_BLUE.png" ]},
{"name":"RANGED_HOMING_BEAM_ORANGE",		"file": [ "ICONS/RANGED_HOMING_BEAM_ORANGE.png","ICONS/RANGED_HOMING_BEAM_ORANGE.png" ]},
{"name":"RANGED_HOMING_BEAM_YELLOW",		"file": [ "ICONS/RANGED_HOMING_BEAM_YELLOW.png","ICONS/RANGED_HOMING_BEAM_YELLOW.png" ]},
{"name":"RANGED_HOMING_BEAM_GREEN",			"file": [ "ICONS/RANGED_HOMING_BEAM_GREEN.png","ICONS/RANGED_HOMING_BEAM_GREEN.png" ]},
{"name":"RANGED_HOMING_BEAM_GREY",			"file": [ "ICONS/RANGED_HOMING_BEAM_GREY.png","ICONS/RANGED_HOMING_BEAM_GREY.png" ]},
{"name":"RANGED_HOMING_BEAM_RED",			"file": [ "ICONS/RANGED_HOMING_BEAM_RED.png","ICONS/RANGED_HOMING_BEAM_RED.png" ]},

{"name":"RANGED_FIREWALL",					"file": [ "ICONS/RANGED_FIREWALL.png","ICONS/RANGED_FIREWALL.png" ]},
{"name":"RANGED_ERUPT",						"file": [ "ICONS/RANGED_ERUPT.png","ICONS/RANGED_ERUPT.png" ]},
{"name":"RANGED_FIREWORK",					"file": [ "ICONS/RANGED_FIREWORK.png","ICONS/RANGED_FIREWORK.png" ]},
{"name":"RANGED_FLAMETHROWER",				"file": [ "ICONS/RANGED_FLAMETHROWER.png","ICONS/RANGED_FLAMETHROWER.png" ]},
{"name":"RANGED_FIREBALL",					"file": [ "ICONS/RANGED_FIREBALL.png","ICONS/RANGED_FIREBALL.png" ]},
{"name":"RANGED_FIREBALL_VOLLEY",			"file": [ "ICONS/RANGED_FIREBALL_VOLLEY.png","ICONS/RANGED_FIREBALL_VOLLEY.png" ]},
{"name":"RANGED_METEOR",					"file": [ "ICONS/RANGED_METEOR.png","ICONS/RANGED_METEOR.png" ]},
{"name":"RANGED_METEOR_VOLLEY",				"file": [ "ICONS/RANGED_METEOR_VOLLEY.png","ICONS/RANGED_METEOR_VOLLEY.png" ]},
{"name":"RANGED_FIRE_SNAKE",				"file": [ "ICONS/RANGED_FIRE_SNAKE.png","ICONS/RANGED_FIRE_SNAKE.png" ]},
{"name":"RANGED_BOMBARDMENT",				"file": [ "ICONS/RANGED_BOMBARDMENT.png","ICONS/RANGED_BOMBARDMENT.png" ]},
{"name":"RANGED_NUKE",						"file": [ "ICONS/RANGED_NUKE.png","ICONS/RANGED_NUKE.png" ]},

{"name":"RANGED_ICE_SPIKE",					"file": [ "ICONS/RANGED_ICE_SPIKE.png","ICONS/RANGED_ICE_SPIKE.png" ]},
{"name":"RANGED_ICE_VOLLEY",				"file": [ "ICONS/RANGED_ICE_VOLLEY.png","ICONS/RANGED_ICE_VOLLEY.png" ]},
{"name":"RANGED_ICE_SHARD",					"file": [ "ICONS/RANGED_ICE_SHARD.png","ICONS/RANGED_ICE_SHARD.png" ]},
{"name":"RANGED_HAIL",						"file": [ "ICONS/RANGED_HAIL.png","ICONS/RANGED_HAIL.png" ]}


]