[
	{
		"name": "STAKE",
		"rotatable": true,
		"fp_offset_x": 89,
		"fp_offset_y": 38,
		"td_offset_x": 84,
		"td_offset_y": 24,
		"fp": [
			[
				{
					"file": "FirstPerson/front_01.png"
				}
			],
			[
				{
					"file": "FirstPerson/rf_01.png"
				}
			],
			[
				{
					"file": "FirstPerson/right_01.png"
				}
			],
			[
				{
					"file": "FirstPerson/rb_01.png"
				}
			],
			[
				{
					"file": "FirstPerson/back_01.png"
				}
			]
		],
		"td": [
			[
				{
					"file": "TopDown/front_01.png"
				}
			],
			[
				{
					"file": "TopDown/rf_01.png"
				}
			],
			[
				{
					"file": "TopDown/right_01.png"
				}
			],
			[
				{
					"file": "TopDown/rb_01.png"
				}
			],
			[
				{
					"file": "TopDown/back_01.png"
				}
			]
		]
	}
]