[

{
"name": "AACOLYTE_STAND",
"rotatable": true,
"fp_offset_x": 64,
"fp_offset_y": 118,
"td_offset_x": 64,
"td_offset_y": 96,

	"fp":
	[
	[{"file": "WALK_FP/1A.png"}],
	[{"file": "WALK_FP/2A.png"}],
	[{"file": "WALK_FP/3A.png"}],
	[{"file": "WALK_FP/4A.png"}],
	[{"file": "WALK_FP/5A.png"}]
	],
		"td":
		[
		[{"file": "WALK_TD/1A.png"}],
		[{"file": "WALK_TD/2A.png"}],
		[{"file": "WALK_TD/3A.png"}],
		[{"file": "WALK_TD/4A.png"}],
		[{"file": "WALK_TD/5A.png"}]
		]
},














{
"name": "AACOLYTE_HIT",
"rotatable": true,
"fp_offset_x": 64,
"fp_offset_y": 118,
"td_offset_x": 64,
"td_offset_y": 96,

	"fp":
	[
	[{"file": "MOAN_FP/1A.png"}],
	[{"file": "MOAN_FP/2A.png"}],
	[{"file": "MOAN_FP/3A.png"}],
	[{"file": "MOAN_FP/4A.png"}],
	[{"file": "MOAN_FP/5A.png"}]
	],
		"td":
		[
		[{"file": "MOAN_TD/1A.png"}],
		[{"file": "MOAN_TD/2A.png"}],
		[{"file": "MOAN_TD/3A.png"}],
		[{"file": "MOAN_TD/4A.png"}],
		[{"file": "MOAN_TD/5A.png"}]
		]
},







{
"name": "AACOLYTE_WALK",
"rotatable": true,
"fp_offset_x": 64,
"fp_offset_y": 118,
"td_offset_x": 64,
"td_offset_y": 96,

	"fp":
	[
	[
	{"file": "WALK_FP/1A.png"},
	{"file": "WALK_FP/1B.png"},
	{"file": "WALK_FP/1C.png"},
	{"file": "WALK_FP/1D.png"},
	{"file": "WALK_FP/1E.png"},
	{"file": "WALK_FP/1F.png"}
	],
	[
	{"file": "WALK_FP/2A.png"},
	{"file": "WALK_FP/2B.png"},
	{"file": "WALK_FP/2C.png"},
	{"file": "WALK_FP/2D.png"},
	{"file": "WALK_FP/2E.png"},
	{"file": "WALK_FP/2F.png"}
	],
	[
	{"file": "WALK_FP/3A.png"},
	{"file": "WALK_FP/3B.png"},
	{"file": "WALK_FP/3C.png"},
	{"file": "WALK_FP/3D.png"},
	{"file": "WALK_FP/3E.png"},
	{"file": "WALK_FP/3F.png"}
	],
	[
	{"file": "WALK_FP/4A.png"},
	{"file": "WALK_FP/4B.png"},
	{"file": "WALK_FP/4C.png"},
	{"file": "WALK_FP/4D.png"},
	{"file": "WALK_FP/4E.png"},
	{"file": "WALK_FP/4F.png"}
	],
	[
	{"file": "WALK_FP/5A.png"},
	{"file": "WALK_FP/5B.png"},
	{"file": "WALK_FP/5C.png"},
	{"file": "WALK_FP/5D.png"},
	{"file": "WALK_FP/5E.png"},
	{"file": "WALK_FP/5F.png"}
	]
	],

		"td":
		[
		[
		{"file": "WALK_TD/1A.png"},
		{"file": "WALK_TD/1B.png"},
		{"file": "WALK_TD/1C.png"},
		{"file": "WALK_TD/1D.png"},
		{"file": "WALK_TD/1E.png"},
		{"file": "WALK_TD/1F.png"}
		],
		[
		{"file": "WALK_TD/2A.png"},
		{"file": "WALK_TD/2B.png"},
		{"file": "WALK_TD/2C.png"},
		{"file": "WALK_TD/2D.png"},
		{"file": "WALK_TD/2E.png"},
		{"file": "WALK_TD/2F.png"}
		],
		[
		{"file": "WALK_TD/3A.png"},
		{"file": "WALK_TD/3B.png"},
		{"file": "WALK_TD/3C.png"},
		{"file": "WALK_TD/3D.png"},
		{"file": "WALK_TD/3E.png"},
		{"file": "WALK_TD/3F.png"}
		],
		[
		{"file": "WALK_TD/4A.png"},
		{"file": "WALK_TD/4B.png"},
		{"file": "WALK_TD/4C.png"},
		{"file": "WALK_TD/4D.png"},
		{"file": "WALK_TD/4E.png"},
		{"file": "WALK_TD/4F.png"}
		],
		[
		{"file": "WALK_TD/5A.png"},
		{"file": "WALK_TD/5B.png"},
		{"file": "WALK_TD/5C.png"},
		{"file": "WALK_TD/5D.png"},
		{"file": "WALK_TD/5E.png"},
		{"file": "WALK_TD/5F.png"}
		]
		
		]
},
		









{
"name": "AACOLYTE_ATTACK",
"rotatable": true,
"fp_offset_x": 64,
"fp_offset_y": 118,
"td_offset_x": 64,
"td_offset_y": 96,

	"fp":
	[
	[
	{"file": "MELEE_FP/1A.png"},
	{"file": "MELEE_FP/1B.png"},
	{"file": "MELEE_FP/1C.png"},
	{"file": "MELEE_FP/1D.png"},
	{"file": "MELEE_FP/1E.png"},
	{"file": "MELEE_FP/1F.png"}
	],
	[
	{"file": "MELEE_FP/2A.png"},
	{"file": "MELEE_FP/2B.png"},
	{"file": "MELEE_FP/2C.png"},
	{"file": "MELEE_FP/2D.png"},
	{"file": "MELEE_FP/2E.png"},
	{"file": "MELEE_FP/2F.png"}
	],
	[
	{"file": "MELEE_FP/3A.png"},
	{"file": "MELEE_FP/3B.png"},
	{"file": "MELEE_FP/3C.png"},
	{"file": "MELEE_FP/3D.png"},
	{"file": "MELEE_FP/3E.png"},
	{"file": "MELEE_FP/3F.png"}
	],
	[
	{"file": "MELEE_FP/4A.png"},
	{"file": "MELEE_FP/4B.png"},
	{"file": "MELEE_FP/4C.png"},
	{"file": "MELEE_FP/4D.png"},
	{"file": "MELEE_FP/4E.png"},
	{"file": "MELEE_FP/4F.png"}
	],
	[
	{"file": "MELEE_FP/5A.png"},
	{"file": "MELEE_FP/5B.png"},
	{"file": "MELEE_FP/5C.png"},
	{"file": "MELEE_FP/5D.png"},
	{"file": "MELEE_FP/5E.png"},
	{"file": "MELEE_FP/5F.png"}
	]
	],
		"td":
		[
		[
		{"file": "MELEE_TD/1A.png"},
		{"file": "MELEE_TD/1B.png"},
		{"file": "MELEE_TD/1C.png"},
		{"file": "MELEE_TD/1D.png"},
		{"file": "MELEE_TD/1E.png"},
		{"file": "MELEE_TD/1F.png"}
		],

		[
		{"file": "MELEE_TD/2A.png"},
		{"file": "MELEE_TD/2B.png"},
		{"file": "MELEE_TD/2C.png"},
		{"file": "MELEE_TD/2D.png"},
		{"file": "MELEE_TD/2E.png"},
		{"file": "MELEE_TD/2F.png"}
		],
				
		[
		{"file": "MELEE_TD/3A.png"},
		{"file": "MELEE_TD/3B.png"},
		{"file": "MELEE_TD/3C.png"},
		{"file": "MELEE_TD/3D.png"},
		{"file": "MELEE_TD/3E.png"},
		{"file": "MELEE_TD/3F.png"}
		],

		[
		{"file": "MELEE_TD/4A.png"},
		{"file": "MELEE_TD/4B.png"},
		{"file": "MELEE_TD/4C.png"},
		{"file": "MELEE_TD/4D.png"},
		{"file": "MELEE_TD/4E.png"},
		{"file": "MELEE_TD/4F.png"}
		],

		[
		{"file": "MELEE_TD/5A.png"},
		{"file": "MELEE_TD/5B.png"},
		{"file": "MELEE_TD/5C.png"},
		{"file": "MELEE_TD/5D.png"},
		{"file": "MELEE_TD/5E.png"},
		{"file": "MELEE_TD/5F.png"}
		]
		]
},














{
"name": "AACOLYTE_GRAB",
"rotatable": false,
"fp_offset_x": 62,
"fp_offset_y": 60,
"td_offset_x": 62,
"td_offset_y": 60,

	"fp":
	[
	[
	{"file": "GRAB/1A.png"},
	{"file": "GRAB/1A.png"},
	{"file": "GRAB/1B.png"},
	{"file": "GRAB/1B.png"},
	{"file": "GRAB/1C.png"},
	{"file": "GRAB/1C.png"},
	{"file": "GRAB/1D.png"},
	{"file": "GRAB/1D.png"}
	]
	],
		"td":
		[
		[
		{"file": "GRAB/1A.png"},
		{"file": "GRAB/1A.png"},
		{"file": "GRAB/1B.png"},
		{"file": "GRAB/1B.png"},
		{"file": "GRAB/1C.png"},
		{"file": "GRAB/1C.png"},
		{"file": "GRAB/1D.png"},
		{"file": "GRAB/1D.png"}
		]
		]
},








{
"name": "AACOLYTE_CHEER",
"rotatable": true,
"fp_offset_x": 64,
"fp_offset_y": 118,
"td_offset_x": 64,
"td_offset_y": 96,

	"fp":
	[
	[
	{"file": "CHEER_FP/1A.png"},
	{"file": "CHEER_FP/1B.png"},
	{"file": "CHEER_FP/1C.png"}
	],
	[
	{"file": "CHEER_FP/2A.png"},
	{"file": "CHEER_FP/2B.png"},
	{"file": "CHEER_FP/2C.png"}
	],
	[
	{"file": "CHEER_FP/3A.png"},
	{"file": "CHEER_FP/3B.png"},
	{"file": "CHEER_FP/3C.png"}
	],
	[
	{"file": "CHEER_FP/4A.png"},
	{"file": "CHEER_FP/4B.png"},
	{"file": "CHEER_FP/4C.png"}
	],
	[
	{"file": "CHEER_FP/5A.png"},
	{"file": "CHEER_FP/5B.png"},
	{"file": "CHEER_FP/5C.png"}
	]
	],
		"td":
		[
		[
		{"file": "CHEER_TD/1A.png"},
		{"file": "CHEER_TD/1B.png"},
		{"file": "CHEER_TD/1C.png"}
		],

		[
		{"file": "CHEER_TD/2A.png"},
		{"file": "CHEER_TD/2B.png"},
		{"file": "CHEER_TD/2C.png"}
		],
				
		[
		{"file": "CHEER_TD/3A.png"},
		{"file": "CHEER_TD/3B.png"},
		{"file": "CHEER_TD/3C.png"}
		],

		[
		{"file": "CHEER_TD/4A.png"},
		{"file": "CHEER_TD/4B.png"},
		{"file": "CHEER_TD/4C.png"}
		],

		[
		{"file": "CHEER_TD/5A.png"},
		{"file": "CHEER_TD/5B.png"},
		{"file": "CHEER_TD/5C.png"}
		]
		]
},














{
"name": "AACOLYTE_SLEEP",
"rotatable": true,
"fp_offset_x": 64,
"fp_offset_y": 118,
"td_offset_x": 64,
"td_offset_y": 96,

	"fp":
	[
	[{"file": "SLEEP_FP/1A.png"}],
	[{"file": "SLEEP_FP/2A.png"}],
	[{"file": "SLEEP_FP/3A.png"}],
	[{"file": "SLEEP_FP/4A.png"}],
	[{"file": "SLEEP_FP/5A.png"}]
	],
		"td":
		[
		[{"file": "SLEEP_TD/1A.png"}],
		[{"file": "SLEEP_TD/2A.png"}],		
		[{"file": "SLEEP_TD/3A.png"}],
		[{"file": "SLEEP_TD/4A.png"}],
		[{"file": "SLEEP_TD/5A.png"}]
		]
},














{
"name": "AACOLYTE_MOAN",
"rotatable": true,
"fp_offset_x": 64,
"fp_offset_y": 118,
"td_offset_x": 64,
"td_offset_y": 96,

	"fp":
	[
	[
	{"file": "MOAN_FP/1A.png"},
	{"file": "MOAN_FP/1B.png"},
	{"file": "MOAN_FP/1C.png"},
	{"file": "MOAN_FP/1B.png"}
	],
	[
	{"file": "MOAN_FP/2A.png"},
	{"file": "MOAN_FP/2B.png"},
	{"file": "MOAN_FP/2C.png"},
	{"file": "MOAN_FP/2B.png"}
	],
	[
	{"file": "MOAN_FP/3A.png"},
	{"file": "MOAN_FP/3B.png"},
	{"file": "MOAN_FP/3C.png"},
	{"file": "MOAN_FP/3B.png"}
	],
	[
	{"file": "MOAN_FP/4A.png"},
	{"file": "MOAN_FP/4B.png"},
	{"file": "MOAN_FP/4C.png"},
	{"file": "MOAN_FP/4B.png"}
	],
	[
	{"file": "MOAN_FP/5A.png"},
	{"file": "MOAN_FP/5B.png"},
	{"file": "MOAN_FP/5C.png"},
	{"file": "MOAN_FP/5B.png"}
	]
	],
		"td":
		[
		[
		{"file": "MOAN_TD/1A.png"},
		{"file": "MOAN_TD/1B.png"},
		{"file": "MOAN_TD/1C.png"},
		{"file": "MOAN_TD/1B.png"}
		],

		[
		{"file": "MOAN_TD/2A.png"},
		{"file": "MOAN_TD/2B.png"},
		{"file": "MOAN_TD/2C.png"},
		{"file": "MOAN_TD/2B.png"}
		],
				
		[
		{"file": "MOAN_TD/3A.png"},
		{"file": "MOAN_TD/3B.png"},
		{"file": "MOAN_TD/3C.png"},
		{"file": "MOAN_TD/3B.png"}
		],

		[
		{"file": "MOAN_TD/4A.png"},
		{"file": "MOAN_TD/4B.png"},
		{"file": "MOAN_TD/4C.png"},
		{"file": "MOAN_TD/4B.png"}
		],

		[
		{"file": "MOAN_TD/5A.png"},
		{"file": "MOAN_TD/5B.png"},
		{"file": "MOAN_TD/5C.png"},
		{"file": "MOAN_TD/5B.png"}
		]
		]

},






{
"name": "AACOLYTE_DEAD",
"rotatable": true,
"fp_offset_x": 64,
"fp_offset_y": 118,
"td_offset_x": 64,
"td_offset_y": 96,

	"fp":
	[
	[{"file": "DEAD_FP/1A.png"}],
	[{"file": "DEAD_FP/2A.png"}],
	[{"file": "DEAD_FP/3A.png"}],
	[{"file": "DEAD_FP/4A.png"}],
	[{"file": "DEAD_FP/5A.png"}]
	],
		"td":
		[
		[{"file": "DEAD_TD/1A.png"}],
		[{"file": "DEAD_TD/2A.png"}],
		[{"file": "DEAD_TD/3A.png"}],
		[{"file": "DEAD_TD/4A.png"}],
		[{"file": "DEAD_TD/5A.png"}]
		]
}



]