[
    {
        "name": "CTA_BLUE_64",
        "file": ["CTA_BLUE_64_std.png", "CTA_BLUE_64_dis.png" ]
    },
    {
        "name": "CTA_BLUE_32",
        "file": ["CTA_BLUE_32_std.png", "CTA_BLUE_32_dis.png" ]
    },
    {
        "name": "CTA_BLUE_16",
        "file": ["CTA_BLUE_16_std.png", "CTA_BLUE_16_dis.png" ]
    },
    {
        "name": "CTA_BLUE_CASTING",
        "file": ["quadptr_power_cta_fr1.png", "quadptr_power_cta_fr2.png", "quadptr_power_cta_fr3.png", "quadptr_power_cta_fr4.png", "quadptr_power_cta_fr5.png", "quadptr_power_cta_fr6.png", "quadptr_power_cta_fr7.png", "quadptr_power_cta_fr8.png" ]
    }
]