[
	{
		"name": "WARBANNER_STAND",
		"rotatable": true,
		"fp_offset_x": 70,
		"fp_offset_y": 138,
		"td_offset_x": 70,
		"td_offset_y": 115,
		"fp": [
			[
				{
					"file": "stand_fp/rotation01_frame01.png"
				},
				{
					"file": "stand_fp/rotation01_frame02.png"
				},
				{
					"file": "stand_fp/rotation01_frame03.png"
				},
				{
					"file": "stand_fp/rotation01_frame04.png"
				},
				{
					"file": "stand_fp/rotation01_frame05.png"
				},
				{
					"file": "stand_fp/rotation01_frame06.png"
				},
				{
					"file": "stand_fp/rotation01_frame07.png"
				},
				{
					"file": "stand_fp/rotation01_frame08.png"
				},
				{
					"file": "stand_fp/rotation01_frame09.png"
				},
				{
					"file": "stand_fp/rotation01_frame10.png"
				},
				{
					"file": "stand_fp/rotation01_frame11.png"
				},
				{
					"file": "stand_fp/rotation01_frame12.png"
				},
				{
					"file": "stand_fp/rotation01_frame13.png"
				},
				{
					"file": "stand_fp/rotation01_frame14.png"
				},
				{
					"file": "stand_fp/rotation01_frame15.png"
				},
				{
					"file": "stand_fp/rotation01_frame16.png"
				},
				{
					"file": "stand_fp/rotation01_frame17.png"
				},
				{
					"file": "stand_fp/rotation01_frame18.png"
				},
				{
					"file": "stand_fp/rotation01_frame19.png"
				},
				{
					"file": "stand_fp/rotation01_frame20.png"
				},
				{
					"file": "stand_fp/rotation01_frame21.png"
				},
				{
					"file": "stand_fp/rotation01_frame22.png"
				},
				{
					"file": "stand_fp/rotation01_frame23.png"
				},
				{
					"file": "stand_fp/rotation01_frame24.png"
				},
				{
					"file": "stand_fp/rotation01_frame25.png"
				},
				{
					"file": "stand_fp/rotation01_frame26.png"
				},
				{
					"file": "stand_fp/rotation01_frame27.png"
				},
				{
					"file": "stand_fp/rotation01_frame28.png"
				},
				{
					"file": "stand_fp/rotation01_frame29.png"
				}
			],
			[
				{
					"file": "stand_fp/rotation02_frame01.png"
				},
				{
					"file": "stand_fp/rotation02_frame02.png"
				},
				{
					"file": "stand_fp/rotation02_frame03.png"
				},
				{
					"file": "stand_fp/rotation02_frame04.png"
				},
				{
					"file": "stand_fp/rotation02_frame05.png"
				},
				{
					"file": "stand_fp/rotation02_frame06.png"
				},
				{
					"file": "stand_fp/rotation02_frame07.png"
				},
				{
					"file": "stand_fp/rotation02_frame08.png"
				},
				{
					"file": "stand_fp/rotation02_frame09.png"
				},
				{
					"file": "stand_fp/rotation02_frame10.png"
				},
				{
					"file": "stand_fp/rotation02_frame11.png"
				},
				{
					"file": "stand_fp/rotation02_frame12.png"
				},
				{
					"file": "stand_fp/rotation02_frame13.png"
				},
				{
					"file": "stand_fp/rotation02_frame14.png"
				},
				{
					"file": "stand_fp/rotation02_frame15.png"
				},
				{
					"file": "stand_fp/rotation02_frame16.png"
				},
				{
					"file": "stand_fp/rotation02_frame17.png"
				},
				{
					"file": "stand_fp/rotation02_frame18.png"
				},
				{
					"file": "stand_fp/rotation02_frame19.png"
				},
				{
					"file": "stand_fp/rotation02_frame20.png"
				},
				{
					"file": "stand_fp/rotation02_frame21.png"
				},
				{
					"file": "stand_fp/rotation02_frame22.png"
				},
				{
					"file": "stand_fp/rotation02_frame23.png"
				},
				{
					"file": "stand_fp/rotation02_frame24.png"
				},
				{
					"file": "stand_fp/rotation02_frame25.png"
				},
				{
					"file": "stand_fp/rotation02_frame26.png"
				},
				{
					"file": "stand_fp/rotation02_frame27.png"
				},
				{
					"file": "stand_fp/rotation02_frame28.png"
				},
				{
					"file": "stand_fp/rotation02_frame29.png"
				}
			],
			[
				{
					"file": "stand_fp/rotation03_frame01.png"
				},
				{
					"file": "stand_fp/rotation03_frame02.png"
				},
				{
					"file": "stand_fp/rotation03_frame03.png"
				},
				{
					"file": "stand_fp/rotation03_frame04.png"
				},
				{
					"file": "stand_fp/rotation03_frame05.png"
				},
				{
					"file": "stand_fp/rotation03_frame06.png"
				},
				{
					"file": "stand_fp/rotation03_frame07.png"
				},
				{
					"file": "stand_fp/rotation03_frame08.png"
				},
				{
					"file": "stand_fp/rotation03_frame09.png"
				},
				{
					"file": "stand_fp/rotation03_frame10.png"
				},
				{
					"file": "stand_fp/rotation03_frame11.png"
				},
				{
					"file": "stand_fp/rotation03_frame12.png"
				},
				{
					"file": "stand_fp/rotation03_frame13.png"
				},
				{
					"file": "stand_fp/rotation03_frame14.png"
				},
				{
					"file": "stand_fp/rotation03_frame15.png"
				},
				{
					"file": "stand_fp/rotation03_frame16.png"
				},
				{
					"file": "stand_fp/rotation03_frame17.png"
				},
				{
					"file": "stand_fp/rotation03_frame18.png"
				},
				{
					"file": "stand_fp/rotation03_frame19.png"
				},
				{
					"file": "stand_fp/rotation03_frame20.png"
				},
				{
					"file": "stand_fp/rotation03_frame21.png"
				},
				{
					"file": "stand_fp/rotation03_frame22.png"
				},
				{
					"file": "stand_fp/rotation03_frame23.png"
				},
				{
					"file": "stand_fp/rotation03_frame24.png"
				},
				{
					"file": "stand_fp/rotation03_frame25.png"
				},
				{
					"file": "stand_fp/rotation03_frame26.png"
				},
				{
					"file": "stand_fp/rotation03_frame27.png"
				},
				{
					"file": "stand_fp/rotation03_frame28.png"
				},
				{
					"file": "stand_fp/rotation03_frame29.png"
				}
			],
			[
				{
					"file": "stand_fp/rotation04_frame01.png"
				},
				{
					"file": "stand_fp/rotation04_frame02.png"
				},
				{
					"file": "stand_fp/rotation04_frame03.png"
				},
				{
					"file": "stand_fp/rotation04_frame04.png"
				},
				{
					"file": "stand_fp/rotation04_frame05.png"
				},
				{
					"file": "stand_fp/rotation04_frame06.png"
				},
				{
					"file": "stand_fp/rotation04_frame07.png"
				},
				{
					"file": "stand_fp/rotation04_frame08.png"
				},
				{
					"file": "stand_fp/rotation04_frame09.png"
				},
				{
					"file": "stand_fp/rotation04_frame10.png"
				},
				{
					"file": "stand_fp/rotation04_frame11.png"
				},
				{
					"file": "stand_fp/rotation04_frame12.png"
				},
				{
					"file": "stand_fp/rotation04_frame13.png"
				},
				{
					"file": "stand_fp/rotation04_frame14.png"
				},
				{
					"file": "stand_fp/rotation04_frame15.png"
				},
				{
					"file": "stand_fp/rotation04_frame16.png"
				},
				{
					"file": "stand_fp/rotation04_frame17.png"
				},
				{
					"file": "stand_fp/rotation04_frame18.png"
				},
				{
					"file": "stand_fp/rotation04_frame19.png"
				},
				{
					"file": "stand_fp/rotation04_frame20.png"
				},
				{
					"file": "stand_fp/rotation04_frame21.png"
				},
				{
					"file": "stand_fp/rotation04_frame22.png"
				},
				{
					"file": "stand_fp/rotation04_frame23.png"
				},
				{
					"file": "stand_fp/rotation04_frame24.png"
				},
				{
					"file": "stand_fp/rotation04_frame25.png"
				},
				{
					"file": "stand_fp/rotation04_frame26.png"
				},
				{
					"file": "stand_fp/rotation04_frame27.png"
				},
				{
					"file": "stand_fp/rotation04_frame28.png"
				},
				{
					"file": "stand_fp/rotation04_frame29.png"
				}
			],
			[
				{
					"file": "stand_fp/rotation05_frame01.png"
				},
				{
					"file": "stand_fp/rotation05_frame02.png"
				},
				{
					"file": "stand_fp/rotation05_frame03.png"
				},
				{
					"file": "stand_fp/rotation05_frame04.png"
				},
				{
					"file": "stand_fp/rotation05_frame05.png"
				},
				{
					"file": "stand_fp/rotation05_frame06.png"
				},
				{
					"file": "stand_fp/rotation05_frame07.png"
				},
				{
					"file": "stand_fp/rotation05_frame08.png"
				},
				{
					"file": "stand_fp/rotation05_frame09.png"
				},
				{
					"file": "stand_fp/rotation05_frame10.png"
				},
				{
					"file": "stand_fp/rotation05_frame11.png"
				},
				{
					"file": "stand_fp/rotation05_frame12.png"
				},
				{
					"file": "stand_fp/rotation05_frame13.png"
				},
				{
					"file": "stand_fp/rotation05_frame14.png"
				},
				{
					"file": "stand_fp/rotation05_frame15.png"
				},
				{
					"file": "stand_fp/rotation05_frame16.png"
				},
				{
					"file": "stand_fp/rotation05_frame17.png"
				},
				{
					"file": "stand_fp/rotation05_frame18.png"
				},
				{
					"file": "stand_fp/rotation05_frame19.png"
				},
				{
					"file": "stand_fp/rotation05_frame20.png"
				},
				{
					"file": "stand_fp/rotation05_frame21.png"
				},
				{
					"file": "stand_fp/rotation05_frame22.png"
				},
				{
					"file": "stand_fp/rotation05_frame23.png"
				},
				{
					"file": "stand_fp/rotation05_frame24.png"
				},
				{
					"file": "stand_fp/rotation05_frame25.png"
				},
				{
					"file": "stand_fp/rotation05_frame26.png"
				},
				{
					"file": "stand_fp/rotation05_frame27.png"
				},
				{
					"file": "stand_fp/rotation05_frame28.png"
				},
				{
					"file": "stand_fp/rotation05_frame29.png"
				}
			]
		],
		"td": [
			[
				{
					"file": "stand_td/rotation01_frame01.png"
				},
				{
					"file": "stand_td/rotation01_frame02.png"
				},
				{
					"file": "stand_td/rotation01_frame03.png"
				},
				{
					"file": "stand_td/rotation01_frame04.png"
				},
				{
					"file": "stand_td/rotation01_frame05.png"
				},
				{
					"file": "stand_td/rotation01_frame06.png"
				},
				{
					"file": "stand_td/rotation01_frame07.png"
				},
				{
					"file": "stand_td/rotation01_frame08.png"
				},
				{
					"file": "stand_td/rotation01_frame09.png"
				},
				{
					"file": "stand_td/rotation01_frame10.png"
				},
				{
					"file": "stand_td/rotation01_frame11.png"
				},
				{
					"file": "stand_td/rotation01_frame12.png"
				},
				{
					"file": "stand_td/rotation01_frame13.png"
				},
				{
					"file": "stand_td/rotation01_frame14.png"
				},
				{
					"file": "stand_td/rotation01_frame15.png"
				},
				{
					"file": "stand_td/rotation01_frame16.png"
				},
				{
					"file": "stand_td/rotation01_frame17.png"
				},
				{
					"file": "stand_td/rotation01_frame18.png"
				},
				{
					"file": "stand_td/rotation01_frame19.png"
				},
				{
					"file": "stand_td/rotation01_frame20.png"
				},
				{
					"file": "stand_td/rotation01_frame21.png"
				},
				{
					"file": "stand_td/rotation01_frame22.png"
				},
				{
					"file": "stand_td/rotation01_frame23.png"
				},
				{
					"file": "stand_td/rotation01_frame24.png"
				},
				{
					"file": "stand_td/rotation01_frame25.png"
				},
				{
					"file": "stand_td/rotation01_frame26.png"
				},
				{
					"file": "stand_td/rotation01_frame27.png"
				},
				{
					"file": "stand_td/rotation01_frame28.png"
				},
				{
					"file": "stand_td/rotation01_frame29.png"
				}
			],
			[
				{
					"file": "stand_td/rotation02_frame01.png"
				},
				{
					"file": "stand_td/rotation02_frame02.png"
				},
				{
					"file": "stand_td/rotation02_frame03.png"
				},
				{
					"file": "stand_td/rotation02_frame04.png"
				},
				{
					"file": "stand_td/rotation02_frame05.png"
				},
				{
					"file": "stand_td/rotation02_frame06.png"
				},
				{
					"file": "stand_td/rotation02_frame07.png"
				},
				{
					"file": "stand_td/rotation02_frame08.png"
				},
				{
					"file": "stand_td/rotation02_frame09.png"
				},
				{
					"file": "stand_td/rotation02_frame10.png"
				},
				{
					"file": "stand_td/rotation02_frame11.png"
				},
				{
					"file": "stand_td/rotation02_frame12.png"
				},
				{
					"file": "stand_td/rotation02_frame13.png"
				},
				{
					"file": "stand_td/rotation02_frame14.png"
				},
				{
					"file": "stand_td/rotation02_frame15.png"
				},
				{
					"file": "stand_td/rotation02_frame16.png"
				},
				{
					"file": "stand_td/rotation02_frame17.png"
				},
				{
					"file": "stand_td/rotation02_frame18.png"
				},
				{
					"file": "stand_td/rotation02_frame19.png"
				},
				{
					"file": "stand_td/rotation02_frame20.png"
				},
				{
					"file": "stand_td/rotation02_frame21.png"
				},
				{
					"file": "stand_td/rotation02_frame22.png"
				},
				{
					"file": "stand_td/rotation02_frame23.png"
				},
				{
					"file": "stand_td/rotation02_frame24.png"
				},
				{
					"file": "stand_td/rotation02_frame25.png"
				},
				{
					"file": "stand_td/rotation02_frame26.png"
				},
				{
					"file": "stand_td/rotation02_frame27.png"
				},
				{
					"file": "stand_td/rotation02_frame28.png"
				},
				{
					"file": "stand_td/rotation02_frame29.png"
				}
			],
			[
				{
					"file": "stand_td/rotation03_frame01.png"
				},
				{
					"file": "stand_td/rotation03_frame02.png"
				},
				{
					"file": "stand_td/rotation03_frame03.png"
				},
				{
					"file": "stand_td/rotation03_frame04.png"
				},
				{
					"file": "stand_td/rotation03_frame05.png"
				},
				{
					"file": "stand_td/rotation03_frame06.png"
				},
				{
					"file": "stand_td/rotation03_frame07.png"
				},
				{
					"file": "stand_td/rotation03_frame08.png"
				},
				{
					"file": "stand_td/rotation03_frame09.png"
				},
				{
					"file": "stand_td/rotation03_frame10.png"
				},
				{
					"file": "stand_td/rotation03_frame11.png"
				},
				{
					"file": "stand_td/rotation03_frame12.png"
				},
				{
					"file": "stand_td/rotation03_frame13.png"
				},
				{
					"file": "stand_td/rotation03_frame14.png"
				},
				{
					"file": "stand_td/rotation03_frame15.png"
				},
				{
					"file": "stand_td/rotation03_frame16.png"
				},
				{
					"file": "stand_td/rotation03_frame17.png"
				},
				{
					"file": "stand_td/rotation03_frame18.png"
				},
				{
					"file": "stand_td/rotation03_frame19.png"
				},
				{
					"file": "stand_td/rotation03_frame20.png"
				},
				{
					"file": "stand_td/rotation03_frame21.png"
				},
				{
					"file": "stand_td/rotation03_frame22.png"
				},
				{
					"file": "stand_td/rotation03_frame23.png"
				},
				{
					"file": "stand_td/rotation03_frame24.png"
				},
				{
					"file": "stand_td/rotation03_frame25.png"
				},
				{
					"file": "stand_td/rotation03_frame26.png"
				},
				{
					"file": "stand_td/rotation03_frame27.png"
				},
				{
					"file": "stand_td/rotation03_frame28.png"
				},
				{
					"file": "stand_td/rotation03_frame29.png"
				}
			],
			[
				{
					"file": "stand_td/rotation04_frame01.png"
				},
				{
					"file": "stand_td/rotation04_frame02.png"
				},
				{
					"file": "stand_td/rotation04_frame03.png"
				},
				{
					"file": "stand_td/rotation04_frame04.png"
				},
				{
					"file": "stand_td/rotation04_frame05.png"
				},
				{
					"file": "stand_td/rotation04_frame06.png"
				},
				{
					"file": "stand_td/rotation04_frame07.png"
				},
				{
					"file": "stand_td/rotation04_frame08.png"
				},
				{
					"file": "stand_td/rotation04_frame09.png"
				},
				{
					"file": "stand_td/rotation04_frame10.png"
				},
				{
					"file": "stand_td/rotation04_frame11.png"
				},
				{
					"file": "stand_td/rotation04_frame12.png"
				},
				{
					"file": "stand_td/rotation04_frame13.png"
				},
				{
					"file": "stand_td/rotation04_frame14.png"
				},
				{
					"file": "stand_td/rotation04_frame15.png"
				},
				{
					"file": "stand_td/rotation04_frame16.png"
				},
				{
					"file": "stand_td/rotation04_frame17.png"
				},
				{
					"file": "stand_td/rotation04_frame18.png"
				},
				{
					"file": "stand_td/rotation04_frame19.png"
				},
				{
					"file": "stand_td/rotation04_frame20.png"
				},
				{
					"file": "stand_td/rotation04_frame21.png"
				},
				{
					"file": "stand_td/rotation04_frame22.png"
				},
				{
					"file": "stand_td/rotation04_frame23.png"
				},
				{
					"file": "stand_td/rotation04_frame24.png"
				},
				{
					"file": "stand_td/rotation04_frame25.png"
				},
				{
					"file": "stand_td/rotation04_frame26.png"
				},
				{
					"file": "stand_td/rotation04_frame27.png"
				},
				{
					"file": "stand_td/rotation04_frame28.png"
				},
				{
					"file": "stand_td/rotation04_frame29.png"
				}
			],
			[
				{
					"file": "stand_td/rotation05_frame01.png"
				},
				{
					"file": "stand_td/rotation05_frame02.png"
				},
				{
					"file": "stand_td/rotation05_frame03.png"
				},
				{
					"file": "stand_td/rotation05_frame04.png"
				},
				{
					"file": "stand_td/rotation05_frame05.png"
				},
				{
					"file": "stand_td/rotation05_frame06.png"
				},
				{
					"file": "stand_td/rotation05_frame07.png"
				},
				{
					"file": "stand_td/rotation05_frame08.png"
				},
				{
					"file": "stand_td/rotation05_frame09.png"
				},
				{
					"file": "stand_td/rotation05_frame10.png"
				},
				{
					"file": "stand_td/rotation05_frame11.png"
				},
				{
					"file": "stand_td/rotation05_frame12.png"
				},
				{
					"file": "stand_td/rotation05_frame13.png"
				},
				{
					"file": "stand_td/rotation05_frame14.png"
				},
				{
					"file": "stand_td/rotation05_frame15.png"
				},
				{
					"file": "stand_td/rotation05_frame16.png"
				},
				{
					"file": "stand_td/rotation05_frame17.png"
				},
				{
					"file": "stand_td/rotation05_frame18.png"
				},
				{
					"file": "stand_td/rotation05_frame19.png"
				},
				{
					"file": "stand_td/rotation05_frame20.png"
				},
				{
					"file": "stand_td/rotation05_frame21.png"
				},
				{
					"file": "stand_td/rotation05_frame22.png"
				},
				{
					"file": "stand_td/rotation05_frame23.png"
				},
				{
					"file": "stand_td/rotation05_frame24.png"
				},
				{
					"file": "stand_td/rotation05_frame25.png"
				},
				{
					"file": "stand_td/rotation05_frame26.png"
				},
				{
					"file": "stand_td/rotation05_frame27.png"
				},
				{
					"file": "stand_td/rotation05_frame28.png"
				},
				{
					"file": "stand_td/rotation05_frame29.png"
				}
			]
		]
	}
]