[
	{
		"name": "LAVA_SPAWN_STAND",
		"rotatable": true,
		"fp_offset_x": 70,
		"fp_offset_y": 84,
		"td_offset_x": 70,
		"td_offset_y": 82,
		"fp": [
			[
				{
					"file": "stand_fp/rotation01_frame01.png"
				}
			],
			[
				{
					"file": "stand_fp/rotation02_frame01.png"
				}
			],
			[
				{
					"file": "stand_fp/rotation03_frame01.png"
				}
			],
			[
				{
					"file": "stand_fp/rotation04_frame01.png"
				}
			],
			[
				{
					"file": "stand_fp/rotation05_frame01.png"
				}
			]
		],
		"td": [
			[
				{
					"file": "stand_td/rotation01_frame01.png"
				}
			],
			[
				{
					"file": "stand_td/rotation02_frame01.png"
				}
			],
			[
				{
					"file": "stand_td/rotation03_frame01.png"
				}
			],
			[
				{
					"file": "stand_td/rotation04_frame01.png"
				}
			],
			[
				{
					"file": "stand_td/rotation05_frame01.png"
				}
			]
		]
	},
	{
		"name": "LAVA_SPAWN_AMBULATE",
		"rotatable": true,
		"fp_offset_x": 70,
		"fp_offset_y": 84,
		"td_offset_x": 70,
		"td_offset_y": 82,
		"fp": [
			[
				{
					"file": "ambulate_fp/rotation01_frame01.png"
				},
				{
					"file": "ambulate_fp/rotation01_frame02.png"
				},
				{
					"file": "ambulate_fp/rotation01_frame03.png"
				},
				{
					"file": "ambulate_fp/rotation01_frame04.png"
				},
				{
					"file": "ambulate_fp/rotation01_frame05.png"
				},
				{
					"file": "ambulate_fp/rotation01_frame06.png"
				},
				{
					"file": "ambulate_fp/rotation01_frame07.png"
				},
				{
					"file": "ambulate_fp/rotation01_frame08.png"
				},
				{
					"file": "ambulate_fp/rotation01_frame09.png"
				},
				{
					"file": "ambulate_fp/rotation01_frame10.png"
				}
			],
			[
				{
					"file": "ambulate_fp/rotation02_frame01.png"
				},
				{
					"file": "ambulate_fp/rotation02_frame02.png"
				},
				{
					"file": "ambulate_fp/rotation02_frame03.png"
				},
				{
					"file": "ambulate_fp/rotation02_frame04.png"
				},
				{
					"file": "ambulate_fp/rotation02_frame05.png"
				},
				{
					"file": "ambulate_fp/rotation02_frame06.png"
				},
				{
					"file": "ambulate_fp/rotation02_frame07.png"
				},
				{
					"file": "ambulate_fp/rotation02_frame08.png"
				},
				{
					"file": "ambulate_fp/rotation02_frame09.png"
				},
				{
					"file": "ambulate_fp/rotation02_frame10.png"
				}
			],
			[
				{
					"file": "ambulate_fp/rotation03_frame01.png"
				},
				{
					"file": "ambulate_fp/rotation03_frame02.png"
				},
				{
					"file": "ambulate_fp/rotation03_frame03.png"
				},
				{
					"file": "ambulate_fp/rotation03_frame04.png"
				},
				{
					"file": "ambulate_fp/rotation03_frame05.png"
				},
				{
					"file": "ambulate_fp/rotation03_frame06.png"
				},
				{
					"file": "ambulate_fp/rotation03_frame07.png"
				},
				{
					"file": "ambulate_fp/rotation03_frame08.png"
				},
				{
					"file": "ambulate_fp/rotation03_frame09.png"
				},
				{
					"file": "ambulate_fp/rotation03_frame10.png"
				}
			],
			[
				{
					"file": "ambulate_fp/rotation04_frame01.png"
				},
				{
					"file": "ambulate_fp/rotation04_frame02.png"
				},
				{
					"file": "ambulate_fp/rotation04_frame03.png"
				},
				{
					"file": "ambulate_fp/rotation04_frame04.png"
				},
				{
					"file": "ambulate_fp/rotation04_frame05.png"
				},
				{
					"file": "ambulate_fp/rotation04_frame06.png"
				},
				{
					"file": "ambulate_fp/rotation04_frame07.png"
				},
				{
					"file": "ambulate_fp/rotation04_frame08.png"
				},
				{
					"file": "ambulate_fp/rotation04_frame09.png"
				},
				{
					"file": "ambulate_fp/rotation04_frame10.png"
				}
			],
			[
				{
					"file": "ambulate_fp/rotation05_frame01.png"
				},
				{
					"file": "ambulate_fp/rotation05_frame02.png"
				},
				{
					"file": "ambulate_fp/rotation05_frame03.png"
				},
				{
					"file": "ambulate_fp/rotation05_frame04.png"
				},
				{
					"file": "ambulate_fp/rotation05_frame05.png"
				},
				{
					"file": "ambulate_fp/rotation05_frame06.png"
				},
				{
					"file": "ambulate_fp/rotation05_frame07.png"
				},
				{
					"file": "ambulate_fp/rotation05_frame08.png"
				},
				{
					"file": "ambulate_fp/rotation05_frame09.png"
				},
				{
					"file": "ambulate_fp/rotation05_frame10.png"
				}
			]
		],
		"td": [
			[
				{
					"file": "ambulate_td/rotation01_frame01.png"
				},
				{
					"file": "ambulate_td/rotation01_frame02.png"
				},
				{
					"file": "ambulate_td/rotation01_frame03.png"
				},
				{
					"file": "ambulate_td/rotation01_frame04.png"
				},
				{
					"file": "ambulate_td/rotation01_frame05.png"
				},
				{
					"file": "ambulate_td/rotation01_frame06.png"
				},
				{
					"file": "ambulate_td/rotation01_frame07.png"
				},
				{
					"file": "ambulate_td/rotation01_frame08.png"
				},
				{
					"file": "ambulate_td/rotation01_frame09.png"
				},
				{
					"file": "ambulate_td/rotation01_frame10.png"
				}
			],
			[
				{
					"file": "ambulate_td/rotation02_frame01.png"
				},
				{
					"file": "ambulate_td/rotation02_frame02.png"
				},
				{
					"file": "ambulate_td/rotation02_frame03.png"
				},
				{
					"file": "ambulate_td/rotation02_frame04.png"
				},
				{
					"file": "ambulate_td/rotation02_frame05.png"
				},
				{
					"file": "ambulate_td/rotation02_frame06.png"
				},
				{
					"file": "ambulate_td/rotation02_frame07.png"
				},
				{
					"file": "ambulate_td/rotation02_frame08.png"
				},
				{
					"file": "ambulate_td/rotation02_frame09.png"
				},
				{
					"file": "ambulate_td/rotation02_frame10.png"
				}
			],
			[
				{
					"file": "ambulate_td/rotation03_frame01.png"
				},
				{
					"file": "ambulate_td/rotation03_frame02.png"
				},
				{
					"file": "ambulate_td/rotation03_frame03.png"
				},
				{
					"file": "ambulate_td/rotation03_frame04.png"
				},
				{
					"file": "ambulate_td/rotation03_frame05.png"
				},
				{
					"file": "ambulate_td/rotation03_frame06.png"
				},
				{
					"file": "ambulate_td/rotation03_frame07.png"
				},
				{
					"file": "ambulate_td/rotation03_frame08.png"
				},
				{
					"file": "ambulate_td/rotation03_frame09.png"
				},
				{
					"file": "ambulate_td/rotation03_frame10.png"
				}
			],
			[
				{
					"file": "ambulate_td/rotation04_frame01.png"
				},
				{
					"file": "ambulate_td/rotation04_frame02.png"
				},
				{
					"file": "ambulate_td/rotation04_frame03.png"
				},
				{
					"file": "ambulate_td/rotation04_frame04.png"
				},
				{
					"file": "ambulate_td/rotation04_frame05.png"
				},
				{
					"file": "ambulate_td/rotation04_frame06.png"
				},
				{
					"file": "ambulate_td/rotation04_frame07.png"
				},
				{
					"file": "ambulate_td/rotation04_frame08.png"
				},
				{
					"file": "ambulate_td/rotation04_frame09.png"
				},
				{
					"file": "ambulate_td/rotation04_frame10.png"
				}
			],
			[
				{
					"file": "ambulate_td/rotation05_frame01.png"
				},
				{
					"file": "ambulate_td/rotation05_frame02.png"
				},
				{
					"file": "ambulate_td/rotation05_frame03.png"
				},
				{
					"file": "ambulate_td/rotation05_frame04.png"
				},
				{
					"file": "ambulate_td/rotation05_frame05.png"
				},
				{
					"file": "ambulate_td/rotation05_frame06.png"
				},
				{
					"file": "ambulate_td/rotation05_frame07.png"
				},
				{
					"file": "ambulate_td/rotation05_frame08.png"
				},
				{
					"file": "ambulate_td/rotation05_frame09.png"
				},
				{
					"file": "ambulate_td/rotation05_frame10.png"
				}
			]
		]
	},
	{
		"name": "LAVA_SPAWN_ATTACK",
		"rotatable": true,
		"fp_offset_x": 70,
		"fp_offset_y": 85,
		"td_offset_x": 70,
		"td_offset_y": 78,
		"fp": [
			[
				{
					"file": "attack_fp/rotation01_frame01.png"
				},
				{
					"file": "attack_fp/rotation01_frame02.png"
				},
				{
					"file": "attack_fp/rotation01_frame03.png"
				},
				{
					"file": "attack_fp/rotation01_frame04.png"
				},
				{
					"file": "attack_fp/rotation01_frame05.png"
				},
				{
					"file": "attack_fp/rotation01_frame06.png"
				},
				{
					"file": "attack_fp/rotation01_frame07.png"
				},
				{
					"file": "attack_fp/rotation01_frame08.png"
				},
				{
					"file": "attack_fp/rotation01_frame09.png"
				},
				{
					"file": "attack_fp/rotation01_frame10.png"
				}
			],
			[
				{
					"file": "attack_fp/rotation02_frame01.png"
				},
				{
					"file": "attack_fp/rotation02_frame02.png"
				},
				{
					"file": "attack_fp/rotation02_frame03.png"
				},
				{
					"file": "attack_fp/rotation02_frame04.png"
				},
				{
					"file": "attack_fp/rotation02_frame05.png"
				},
				{
					"file": "attack_fp/rotation02_frame06.png"
				},
				{
					"file": "attack_fp/rotation02_frame07.png"
				},
				{
					"file": "attack_fp/rotation02_frame08.png"
				},
				{
					"file": "attack_fp/rotation02_frame09.png"
				},
				{
					"file": "attack_fp/rotation02_frame10.png"
				}
			],
			[
				{
					"file": "attack_fp/rotation03_frame01.png"
				},
				{
					"file": "attack_fp/rotation03_frame02.png"
				},
				{
					"file": "attack_fp/rotation03_frame03.png"
				},
				{
					"file": "attack_fp/rotation03_frame04.png"
				},
				{
					"file": "attack_fp/rotation03_frame05.png"
				},
				{
					"file": "attack_fp/rotation03_frame06.png"
				},
				{
					"file": "attack_fp/rotation03_frame07.png"
				},
				{
					"file": "attack_fp/rotation03_frame08.png"
				},
				{
					"file": "attack_fp/rotation03_frame09.png"
				},
				{
					"file": "attack_fp/rotation03_frame10.png"
				}
			],
			[
				{
					"file": "attack_fp/rotation04_frame01.png"
				},
				{
					"file": "attack_fp/rotation04_frame02.png"
				},
				{
					"file": "attack_fp/rotation04_frame03.png"
				},
				{
					"file": "attack_fp/rotation04_frame04.png"
				},
				{
					"file": "attack_fp/rotation04_frame05.png"
				},
				{
					"file": "attack_fp/rotation04_frame06.png"
				},
				{
					"file": "attack_fp/rotation04_frame07.png"
				},
				{
					"file": "attack_fp/rotation04_frame08.png"
				},
				{
					"file": "attack_fp/rotation04_frame09.png"
				},
				{
					"file": "attack_fp/rotation04_frame10.png"
				}
			],
			[
				{
					"file": "attack_fp/rotation05_frame01.png"
				},
				{
					"file": "attack_fp/rotation05_frame02.png"
				},
				{
					"file": "attack_fp/rotation05_frame03.png"
				},
				{
					"file": "attack_fp/rotation05_frame04.png"
				},
				{
					"file": "attack_fp/rotation05_frame05.png"
				},
				{
					"file": "attack_fp/rotation05_frame06.png"
				},
				{
					"file": "attack_fp/rotation05_frame07.png"
				},
				{
					"file": "attack_fp/rotation05_frame08.png"
				},
				{
					"file": "attack_fp/rotation05_frame09.png"
				},
				{
					"file": "attack_fp/rotation05_frame10.png"
				}
			]
		],
		"td": [
			[
				{
					"file": "attack_td/rotation01_frame01.png"
				},
				{
					"file": "attack_td/rotation01_frame02.png"
				},
				{
					"file": "attack_td/rotation01_frame03.png"
				},
				{
					"file": "attack_td/rotation01_frame04.png"
				},
				{
					"file": "attack_td/rotation01_frame05.png"
				},
				{
					"file": "attack_td/rotation01_frame06.png"
				},
				{
					"file": "attack_td/rotation01_frame07.png"
				},
				{
					"file": "attack_td/rotation01_frame08.png"
				},
				{
					"file": "attack_td/rotation01_frame09.png"
				},
				{
					"file": "attack_td/rotation01_frame10.png"
				}
			],
			[
				{
					"file": "attack_td/rotation02_frame01.png"
				},
				{
					"file": "attack_td/rotation02_frame02.png"
				},
				{
					"file": "attack_td/rotation02_frame03.png"
				},
				{
					"file": "attack_td/rotation02_frame04.png"
				},
				{
					"file": "attack_td/rotation02_frame05.png"
				},
				{
					"file": "attack_td/rotation02_frame06.png"
				},
				{
					"file": "attack_td/rotation02_frame07.png"
				},
				{
					"file": "attack_td/rotation02_frame08.png"
				},
				{
					"file": "attack_td/rotation02_frame09.png"
				},
				{
					"file": "attack_td/rotation02_frame10.png"
				}
			],
			[
				{
					"file": "attack_td/rotation03_frame01.png"
				},
				{
					"file": "attack_td/rotation03_frame02.png"
				},
				{
					"file": "attack_td/rotation03_frame03.png"
				},
				{
					"file": "attack_td/rotation03_frame04.png"
				},
				{
					"file": "attack_td/rotation03_frame05.png"
				},
				{
					"file": "attack_td/rotation03_frame06.png"
				},
				{
					"file": "attack_td/rotation03_frame07.png"
				},
				{
					"file": "attack_td/rotation03_frame08.png"
				},
				{
					"file": "attack_td/rotation03_frame09.png"
				},
				{
					"file": "attack_td/rotation03_frame10.png"
				}
			],
			[
				{
					"file": "attack_td/rotation04_frame01.png"
				},
				{
					"file": "attack_td/rotation04_frame02.png"
				},
				{
					"file": "attack_td/rotation04_frame03.png"
				},
				{
					"file": "attack_td/rotation04_frame04.png"
				},
				{
					"file": "attack_td/rotation04_frame05.png"
				},
				{
					"file": "attack_td/rotation04_frame06.png"
				},
				{
					"file": "attack_td/rotation04_frame07.png"
				},
				{
					"file": "attack_td/rotation04_frame08.png"
				},
				{
					"file": "attack_td/rotation04_frame09.png"
				},
				{
					"file": "attack_td/rotation04_frame10.png"
				}
			],
			[
				{
					"file": "attack_td/rotation05_frame01.png"
				},
				{
					"file": "attack_td/rotation05_frame02.png"
				},
				{
					"file": "attack_td/rotation05_frame03.png"
				},
				{
					"file": "attack_td/rotation05_frame04.png"
				},
				{
					"file": "attack_td/rotation05_frame05.png"
				},
				{
					"file": "attack_td/rotation05_frame06.png"
				},
				{
					"file": "attack_td/rotation05_frame07.png"
				},
				{
					"file": "attack_td/rotation05_frame08.png"
				},
				{
					"file": "attack_td/rotation05_frame09.png"
				},
				{
					"file": "attack_td/rotation05_frame10.png"
				}
			]
		]
	},
	{
		"name": "LAVA_SPAWN_GOTHIT",
		"rotatable": true,
		"fp_offset_x": 70,
		"fp_offset_y": 85,
		"td_offset_x": 70,
		"td_offset_y": 72,
		"fp": [
			[
				{
					"file": "gothit_fp/rotation01_frame01.png"
				},
				{
					"file": "gothit_fp/rotation01_frame02.png"
				},
				{
					"file": "gothit_fp/rotation01_frame03.png"
				},
				{
					"file": "gothit_fp/rotation01_frame04.png"
				}
			],
			[
				{
					"file": "gothit_fp/rotation02_frame01.png"
				},
				{
					"file": "gothit_fp/rotation02_frame02.png"
				},
				{
					"file": "gothit_fp/rotation02_frame03.png"
				},
				{
					"file": "gothit_fp/rotation02_frame04.png"
				}
			],
			[
				{
					"file": "gothit_fp/rotation03_frame01.png"
				},
				{
					"file": "gothit_fp/rotation03_frame02.png"
				},
				{
					"file": "gothit_fp/rotation03_frame03.png"
				},
				{
					"file": "gothit_fp/rotation03_frame04.png"
				}
			],
			[
				{
					"file": "gothit_fp/rotation04_frame01.png"
				},
				{
					"file": "gothit_fp/rotation04_frame02.png"
				},
				{
					"file": "gothit_fp/rotation04_frame03.png"
				},
				{
					"file": "gothit_fp/rotation04_frame04.png"
				}
			],
			[
				{
					"file": "gothit_fp/rotation05_frame01.png"
				},
				{
					"file": "gothit_fp/rotation05_frame02.png"
				},
				{
					"file": "gothit_fp/rotation05_frame03.png"
				},
				{
					"file": "gothit_fp/rotation05_frame04.png"
				}
			]
		],
		"td": [
			[
				{
					"file": "gothit_td/rotation01_frame01.png"
				},
				{
					"file": "gothit_td/rotation01_frame02.png"
				},
				{
					"file": "gothit_td/rotation01_frame03.png"
				},
				{
					"file": "gothit_td/rotation01_frame04.png"
				}
			],
			[
				{
					"file": "gothit_td/rotation02_frame01.png"
				},
				{
					"file": "gothit_td/rotation02_frame02.png"
				},
				{
					"file": "gothit_td/rotation02_frame03.png"
				},
				{
					"file": "gothit_td/rotation02_frame04.png"
				}
			],
			[
				{
					"file": "gothit_td/rotation03_frame01.png"
				},
				{
					"file": "gothit_td/rotation03_frame02.png"
				},
				{
					"file": "gothit_td/rotation03_frame03.png"
				},
				{
					"file": "gothit_td/rotation03_frame04.png"
				}
			],
			[
				{
					"file": "gothit_td/rotation04_frame01.png"
				},
				{
					"file": "gothit_td/rotation04_frame02.png"
				},
				{
					"file": "gothit_td/rotation04_frame03.png"
				},
				{
					"file": "gothit_td/rotation04_frame04.png"
				}
			],
			[
				{
					"file": "gothit_td/rotation05_frame01.png"
				},
				{
					"file": "gothit_td/rotation05_frame02.png"
				},
				{
					"file": "gothit_td/rotation05_frame03.png"
				},
				{
					"file": "gothit_td/rotation05_frame04.png"
				}
			]
		]
	},
	{
		"name": "LAVA_SPAWN_POWERGRAB",
		"rotatable": false,
		"fp_offset_x": 70,
		"fp_offset_y": 84,
		"td_offset_x": 70,
		"td_offset_y": 70,
		"fp": [
			[
				{
					"file": "powergrab_fp/rotation01_frame01.png"
				},
				{
					"file": "powergrab_fp/rotation01_frame02.png"
				},
				{
					"file": "powergrab_fp/rotation01_frame03.png"
				},
				{
					"file": "powergrab_fp/rotation01_frame04.png"
				},
				{
					"file": "powergrab_fp/rotation01_frame05.png"
				},
				{
					"file": "powergrab_fp/rotation01_frame06.png"
				},
				{
					"file": "powergrab_fp/rotation01_frame07.png"
				},
				{
					"file": "powergrab_fp/rotation01_frame08.png"
				},
				{
					"file": "powergrab_fp/rotation01_frame09.png"
				},
				{
					"file": "powergrab_fp/rotation01_frame10.png"
				}
			]
		],
		"td": [
			[
				{
					"file": "powergrab_td/rotation01_frame01.png"
				},
				{
					"file": "powergrab_td/rotation01_frame02.png"
				},
				{
					"file": "powergrab_td/rotation01_frame03.png"
				},
				{
					"file": "powergrab_td/rotation01_frame04.png"
				},
				{
					"file": "powergrab_td/rotation01_frame05.png"
				},
				{
					"file": "powergrab_td/rotation01_frame06.png"
				},
				{
					"file": "powergrab_td/rotation01_frame07.png"
				},
				{
					"file": "powergrab_td/rotation01_frame08.png"
				},
				{
					"file": "powergrab_td/rotation01_frame09.png"
				},
				{
					"file": "powergrab_td/rotation01_frame10.png"
				}
			]
		]
	},
	{
		"name": "LAVA_SPAWN_LAIR",
		"rotatable": false,
		"fp_offset_x": 60,
		"fp_offset_y": 36,
		"td_offset_x": 45,
		"td_offset_y": 24,
		"fp": [
			[
				{
					"file": "lair_fp/r1frame01.png"
				},
				{
					"file": "lair_fp/r1frame02.png"
				},
				{
					"file": "lair_fp/r1frame03.png"
				},
				{
					"file": "lair_fp/r1frame04.png"
				},
				{
					"file": "lair_fp/r1frame05.png"
				},
				{
					"file": "lair_fp/r1frame06.png"
				},
				{
					"file": "lair_fp/r1frame07.png"
				},
				{
					"file": "lair_fp/r1frame08.png"
				}
			]
		],
		"td": [
			[
				{
					"file": "lair_td/r1frame01.png"
				},
				{
					"file": "lair_td/r1frame02.png"
				},
				{
					"file": "lair_td/r1frame03.png"
				},
				{
					"file": "lair_td/r1frame04.png"
				},
				{
					"file": "lair_td/r1frame05.png"
				},
				{
					"file": "lair_td/r1frame06.png"
				},
				{
					"file": "lair_td/r1frame07.png"
				},
				{
					"file": "lair_td/r1frame08.png"
				}
			]
		]
	},
	{
		"name": "LAVA_SPAWN_GOTSLAPPED",
		"rotatable": true,
		"fp_offset_x": 70,
		"fp_offset_y": 85,
		"td_offset_x": 70,
		"td_offset_y": 73,
		"fp": [
			[
				{
					"file": "gotslapped_fp/rotation01_frame01.png"
				}
			],
			[
				{
					"file": "gotslapped_fp/rotation02_frame01.png"
				}
			],
			[
				{
					"file": "gotslapped_fp/rotation03_frame01.png"
				}
			],
			[
				{
					"file": "gotslapped_fp/rotation04_frame01.png"
				}
			],
			[
				{
					"file": "gotslapped_fp/rotation05_frame01.png"
				}
			]
		],
		"td": [
			[
				{
					"file": "gotslapped_td/rotation01_frame01.png"
				}
			],
			[
				{
					"file": "gotslapped_td/rotation02_frame01.png"
				}
			],
			[
				{
					"file": "gotslapped_td/rotation03_frame01.png"
				}
			],
			[
				{
					"file": "gotslapped_td/rotation04_frame01.png"
				}
			],
			[
				{
					"file": "gotslapped_td/rotation05_frame01.png"
				}
			]
		]
	},
	{
		"name": "LAVA_SPAWN_CELEBRATE",
		"rotatable": false,
		"fp_offset_x": 70,
		"fp_offset_y": 84,
		"td_offset_x": 70,
		"td_offset_y": 75,
		"fp": [
			[
				{
					"file": "celebrate_fp/rotation01_frame01.png"
				},
				{
					"file": "celebrate_fp/rotation01_frame02.png"
				},
				{
					"file": "celebrate_fp/rotation01_frame03.png"
				},
				{
					"file": "celebrate_fp/rotation01_frame04.png"
				}
			]
		],
		"td": [
			[
				{
					"file": "celebrate_td/rotation01_frame01.png"
				},
				{
					"file": "celebrate_td/rotation01_frame02.png"
				},
				{
					"file": "celebrate_td/rotation01_frame03.png"
				},
				{
					"file": "celebrate_td/rotation01_frame04.png"
				}
			]
		]
	},
	{
		"name": "LAVA_SPAWN_SLEEP",
		"rotatable": false,
		"fp_offset_x": 72,
		"fp_offset_y": 96,
		"td_offset_x": 70,
		"td_offset_y": 75,
		"fp": [
			[
				{
					"file": "sleep_fp/rotation01_frame01.png"
				},
				{
					"file": "sleep_fp/rotation01_frame02.png"
				},
				{
					"file": "sleep_fp/rotation01_frame03.png"
				},
				{
					"file": "sleep_fp/rotation01_frame04.png"
				}
			]
		],
		"td": [
			[
				{
					"file": "sleep_td/rotation01_frame01.png"
				},
				{
					"file": "sleep_td/rotation01_frame02.png"
				},
				{
					"file": "sleep_td/rotation01_frame03.png"
				},
				{
					"file": "sleep_td/rotation01_frame04.png"
				}
			]
		]
	},
	{
		"name": "LAVA_SPAWN_EATCHICKEN",
		"rotatable": false,
		"fp_offset_x": 70,
		"fp_offset_y": 84,
		"td_offset_x": 70,
		"td_offset_y": 75,
		"fp": [
			[
				{
					"file": "eatchicken_fp/rotation01_frame01.png"
				},
				{
					"file": "eatchicken_fp/rotation01_frame02.png"
				},
				{
					"file": "eatchicken_fp/rotation01_frame03.png"
				},
				{
					"file": "eatchicken_fp/rotation01_frame04.png"
				},
				{
					"file": "eatchicken_fp/rotation01_frame05.png"
				},
				{
					"file": "eatchicken_fp/rotation01_frame06.png"
				}
			]
		],
		"td": [
			[
				{
					"file": "eatchicken_td/rotation01_frame01.png"
				},
				{
					"file": "eatchicken_td/rotation01_frame02.png"
				},
				{
					"file": "eatchicken_td/rotation01_frame03.png"
				},
				{
					"file": "eatchicken_td/rotation01_frame04.png"
				},
				{
					"file": "eatchicken_td/rotation01_frame05.png"
				},
				{
					"file": "eatchicken_td/rotation01_frame06.png"
				}
			]
		]
	},
	{
		"name": "LAVA_SPAWN_SCREAM",
		"rotatable": false,
		"fp_offset_x": 70,
		"fp_offset_y": 126,
		"td_offset_x": 70,
		"td_offset_y": 101,
		"fp": [
			[
				{
					"file": "scream_fp/rotation01_frame01.png"
				},
				{
					"file": "scream_fp/rotation01_frame02.png"
				},
				{
					"file": "scream_fp/rotation01_frame03.png"
				},
				{
					"file": "scream_fp/rotation01_frame04.png"
				},
				{
					"file": "scream_fp/rotation01_frame05.png"
				},
				{
					"file": "scream_fp/rotation01_frame06.png"
				}
			]
		],
		"td": [
			[
				{
					"file": "scream_td/rotation01_frame01.png"
				},
				{
					"file": "scream_td/rotation01_frame02.png"
				},
				{
					"file": "scream_td/rotation01_frame03.png"
				},
				{
					"file": "scream_td/rotation01_frame04.png"
				},
				{
					"file": "scream_td/rotation01_frame05.png"
				},
				{
					"file": "scream_td/rotation01_frame06.png"
				}
			]
		]
	},
	{
		"name": "LAVA_SPAWN_DROPDEAD",
		"rotatable": false,
		"fp_offset_x": 78,
		"fp_offset_y": 84,
		"td_offset_x": 76,
		"td_offset_y": 76,
		"fp": [
			[
				{
					"file": "dropdead_fp/rotation01_frame01.png"
				},
				{
					"file": "dropdead_fp/rotation01_frame02.png"
				},
				{
					"file": "dropdead_fp/rotation01_frame03.png"
				},
				{
					"file": "dropdead_fp/rotation01_frame04.png"
				}
			]
		],
		"td": [
			[
				{
					"file": "dropdead_td/rotation01_frame01.png"
				},
				{
					"file": "dropdead_td/rotation01_frame02.png"
				},
				{
					"file": "dropdead_td/rotation01_frame03.png"
				},
				{
					"file": "dropdead_td/rotation01_frame04.png"
				}
			]
		]
	}
]