[
	{
		"name": "OCCHIO",
		"rotatable": false,
		"fp_offset_x": 125,
		"fp_offset_y": 150,
		"td_offset_x": 125,
		"td_offset_y": 150,
		"fp": [
			
			[
				{
					"file": "eye-of-sauron_01.png"
	            },
				{
					"file": "eye-of-sauron_02.png"
	            },
				{
					"file": "eye-of-sauron_03.png"
	            },
				{
					"file": "eye-of-sauron_04.png"
				},	
				{
					"file": "eye-of-sauron_05.png"
	            },
				{
					"file": "eye-of-sauron_06.png"
	            },
				{
					"file": "eye-of-sauron_07.png"
	            },
				{
					"file": "eye-of-sauron_08.png"
	            },
				{
					"file": "eye-of-sauron_09.png"
	            },
				{
					"file": "eye-of-sauron_10.png"
	            },
				{
					"file": "eye-of-sauron_11.png"
	            },
				{
					"file": "eye-of-sauron_12.png"
	            },
				{
					"file": "eye-of-sauron_13.png"
	            },
				{
					"file": "eye-of-sauron_14.png"
				},	
				{
					"file": "eye-of-sauron_15.png"
	            },
				{
					"file": "eye-of-sauron_16.png"
	            },
				{
					"file": "eye-of-sauron_17.png"
	            },
				{
					"file": "eye-of-sauron_18.png"
	            },
				{
					"file": "eye-of-sauron_19.png"
	            },
				{
					"file": "eye-of-sauron_20.png"
	            },
				{
					"file": "eye-of-sauron_21.png"
	            }
			]
			
		],
		"td": [
			[
				{
					"file": "eye-of-sauron_01.png"
	            },
				{
					"file": "eye-of-sauron_02.png"
	            },
				{
					"file": "eye-of-sauron_03.png"
	            },
				{
					"file": "eye-of-sauron_04.png"
				},	
				{
					"file": "eye-of-sauron_05.png"
	            },
				{
					"file": "eye-of-sauron_06.png"
	            },
				{
					"file": "eye-of-sauron_07.png"
	            },
				{
					"file": "eye-of-sauron_08.png"
	            },
				{
					"file": "eye-of-sauron_09.png"
	            },
				{
					"file": "eye-of-sauron_10.png"
	            },
				{
					"file": "eye-of-sauron_11.png"
	            },
				{
					"file": "eye-of-sauron_12.png"
	            },
				{
					"file": "eye-of-sauron_13.png"
	            },
				{
					"file": "eye-of-sauron_14.png"
				},	
				{
					"file": "eye-of-sauron_15.png"
	            },
				{
					"file": "eye-of-sauron_16.png"
	            },
				{
					"file": "eye-of-sauron_17.png"
	            },
				{
					"file": "eye-of-sauron_18.png"
	            },
				{
					"file": "eye-of-sauron_19.png"
	            },
				{
					"file": "eye-of-sauron_20.png"
	            },
				{
					"file": "eye-of-sauron_21.png"
	            }
			]
		]
	}
]