[
{
  "name": "MUSHROOMREDLUM",
  "rotatable": false,
  "fp_offset_x": 40,
  "fp_offset_y": 55,
  "td_offset_x": 35,
  "td_offset_y": 45,
  "fp": [
    [
      {
		"file": "MushroomredlumFr.png"
      }
	  ]
  ],
  "td": [
    [
     {
        "file": "MushroomredlumTD.png"
      }
	  ]
  ]
},
{
  "name": "MUSHROOMYELLOWLUM",
  "rotatable": false,
  "fp_offset_x": 40,
  "fp_offset_y": 55,
  "td_offset_x": 35,
  "td_offset_y": 45,
  "fp": [
    [
      {
		"file": "MushroomyellowlumFr.png"
      }
	  ]
  ],
  "td": [
    [
     {
        "file": "MushroomyellowlumTD.png"
      }
	  ]
  ]
},
{
"name": "MUSHROOMGREENLUM",
  "rotatable": false,
  "fp_offset_x": 40,
  "fp_offset_y": 55,
  "td_offset_x": 35,
  "td_offset_y": 45,
  "fp": [
    [
      {
		"file": "MushroomgreenlumFr.png"
      }
	  ]
  ],
  "td": [
    [
     {
        "file": "MushroomgreenlumTD.png"
      }
	  ]
  ]
}
]