[
	{
		"name": "HAND_HEART_GEM",
		"rotatable": false,

		"fp_offset_x": 126,
		"fp_offset_y": 158,
		"td_offset_x": 125,
		"td_offset_y": 145,
		"fp": [
			[
				{
					"file": "hand_heart/hand.png"
				},
				{
					"file": "hand_heart/hand.png"
				},
				{
					"file": "hand_heart/hand.png"
				},
				{
					"file": "hand_heart/hand.png"
				},
				{
					"file": "hand_heart/hand.png"
				},
				{
					"file": "hand_heart/hand.png"
				},
				{
					"file": "hand_heart/hand.png"
				},
				{
					"file": "hand_heart/hand.png"
				},
				{
					"file": "hand_heart/hand.png"
				},
				{
					"file": "hand_heart/hand.png"
				}
			]
		],
		"td": [
			[
				{
					"file": "hand_heart/hand_td.png"
				},
				{
					"file": "hand_heart/hand_td.png"
				},
				{
					"file": "hand_heart/hand_td.png"
				},
				{
					"file": "hand_heart/hand_td.png"
				},
				{
					"file": "hand_heart/hand_td.png"
				},
				{
					"file": "hand_heart/hand_td.png"
				},
				{
					"file": "hand_heart/hand_td.png"
				},
				{
					"file": "hand_heart/hand_td.png"
				},
				{
					"file": "hand_heart/hand_td.png"
				},
				{
					"file": "hand_heart/hand_td.png"
				}
			]
		]
	}
]
