[
{
  "name": "AnarashasHeart",
  "rotatable": true,
  "fp_offset_x": 60,
  "fp_offset_y": 120,
  "td_offset_x": 60,
  "td_offset_y": 90,
  "fp": [
    [
      {
        "file": "AnsharashaHeart/FPfrontHeart_0009.png"
	  },
	        {
        "file": "AnsharashaHeart/FPfrontHeart_0010.png"
	  },
	        {
        "file": "AnsharashaHeart/FPfrontHeart_0011.png"
	  },
	        {
        "file": "AnsharashaHeart/FPfrontHeart_0012.png"
	  },
	        {
        "file": "AnsharashaHeart/FPfrontHeart_0013.png"
	  },
	        {
        "file": "AnsharashaHeart/FPfrontHeart_0014.png"
	  },
	        {
        "file": "AnsharashaHeart/FPfrontHeart_0015.png"
	  },
	        {
        "file": "AnsharashaHeart/FPfrontHeart_0016.png"
	  },
	        {
        "file": "AnsharashaHeart/FPfrontHeart_0017.png"
	  },
	        {
        "file": "AnsharashaHeart/FPfrontHeart_0018.png"
	  },
	        {
        "file": "AnsharashaHeart/FPfrontHeart_0019.png"
	  },
	        {
        "file": "AnsharashaHeart/FPfrontHeart_0020.png"
	  },
	        {
        "file": "AnsharashaHeart/FPfrontHeart_0021.png"
	  }
	  ],
	  [
	        {
        "file": "AnsharashaHeart/FPrfHeart_0009.png"
      },
	        {
        "file": "AnsharashaHeart/FPrfHeart_0010.png"
      },
	        {
        "file": "AnsharashaHeart/FPrfHeart_0011.png"
      },
	        {
        "file": "AnsharashaHeart/FPrfHeart_0012.png"
      },
	        {
        "file": "AnsharashaHeart/FPrfHeart_0013.png"
      },
	        {
        "file": "AnsharashaHeart/FPrfHeart_0014.png"
      },
	        {
        "file": "AnsharashaHeart/FPrfHeart_0015.png"
      },
	        {
        "file": "AnsharashaHeart/FPrfHeart_0016.png"
      },
	        {
        "file": "AnsharashaHeart/FPrfHeart_0017.png"
      },
	        {
        "file": "AnsharashaHeart/FPrfHeart_0018.png"
      },
	        {
        "file": "AnsharashaHeart/FPrfHeart_0019.png"
      },
	        {
        "file": "AnsharashaHeart/FPrfHeart_0020.png"
      },
	        {
        "file": "AnsharashaHeart/FPrfHeart_0021.png"
      }
	  ],
	  [
      {
        "file": "AnsharashaHeart/FPrightHeart_0009.png"
	  },
	        {
        "file": "AnsharashaHeart/FPrightHeart_0010.png"
	  },
	        {
        "file": "AnsharashaHeart/FPrightHeart_0011.png"
	  },
	        {
        "file": "AnsharashaHeart/FPrightHeart_0012.png"
	  },
	        {
        "file": "AnsharashaHeart/FPrightHeart_0013.png"
	  },
	        {
        "file": "AnsharashaHeart/FPrightHeart_0014.png"
	  },
	        {
        "file": "AnsharashaHeart/FPrightHeart_0015.png"
	  },
	        {
        "file": "AnsharashaHeart/FPrightHeart_0016.png"
	  },
	        {
        "file": "AnsharashaHeart/FPrightHeart_0017.png"
	  },
	        {
        "file": "AnsharashaHeart/FPrightHeart_0018.png"
	  },
	        {
        "file": "AnsharashaHeart/FPrightHeart_0019.png"
	  },
	        {
        "file": "AnsharashaHeart/FPrightHeart_0020.png"
	  },
	        {
        "file": "AnsharashaHeart/FPrightHeart_0021.png"
	  }
	  ],
	  [
	        {
        "file": "AnsharashaHeart/FPrbHeart_0009.png"
	  },
	        {
        "file": "AnsharashaHeart/FPrbHeart_0010.png"
	  },
	        {
        "file": "AnsharashaHeart/FPrbHeart_0011.png"
	  },
	        {
        "file": "AnsharashaHeart/FPrbHeart_0012.png"
	  },
	        {
        "file": "AnsharashaHeart/FPrbHeart_0013.png"
	  },
	        {
        "file": "AnsharashaHeart/FPrbHeart_0014.png"
	  },
	        {
        "file": "AnsharashaHeart/FPrbHeart_0015.png"
	  },
	        {
        "file": "AnsharashaHeart/FPrbHeart_0016.png"
	  },
	        {
        "file": "AnsharashaHeart/FPrbHeart_0017.png"
	  },
	        {
        "file": "AnsharashaHeart/FPrbHeart_0018.png"
	  },
	        {
        "file": "AnsharashaHeart/FPrbHeart_0019.png"
	  },
	        {
        "file": "AnsharashaHeart/FPrbHeart_0020.png"
	  },
	        {
        "file": "AnsharashaHeart/FPrbHeart_0021.png"
	  }
      ],
	  [
	        {
        "file": "AnsharashaHeart/FPbackHeart_0009.png"
	  },
	        {
        "file": "AnsharashaHeart/FPbackHeart_0010.png"
	  },
	        {
        "file": "AnsharashaHeart/FPbackHeart_0011.png"
	  },
	        {
        "file": "AnsharashaHeart/FPbackHeart_0012.png"
	  },
	        {
        "file": "AnsharashaHeart/FPbackHeart_0013.png"
	  },
	        {
        "file": "AnsharashaHeart/FPbackHeart_0014.png"
	  },
	        {
        "file": "AnsharashaHeart/FPbackHeart_0015.png"
	  },
	        {
        "file": "AnsharashaHeart/FPbackHeart_0016.png"
	  },
	        {
        "file": "AnsharashaHeart/FPbackHeart_0017.png"
	  },
	        {
        "file": "AnsharashaHeart/FPbackHeart_0018.png"
	  },
	        {
        "file": "AnsharashaHeart/FPbackHeart_0019.png"
	  },
	        {
        "file": "AnsharashaHeart/FPbackHeart_0020.png"
	  },
	        {
        "file": "AnsharashaHeart/FPbackHeart_0021.png"
	  }
	  ]
  ],
  "td": [
    [
     {
        "file": "AnsharashaHeart/TDfrontHeart_0009.png"
      },
	       {
        "file": "AnsharashaHeart/TDfrontHeart_0010.png"
      },
	       {
        "file": "AnsharashaHeart/TDfrontHeart_0011.png"
      },
	       {
        "file": "AnsharashaHeart/TDfrontHeart_0012.png"
      },
	       {
        "file": "AnsharashaHeart/TDfrontHeart_0013.png"
      },
	       {
        "file": "AnsharashaHeart/TDfrontHeart_0014.png"
      },
	       {
        "file": "AnsharashaHeart/TDfrontHeart_0015.png"
      },
	       {
        "file": "AnsharashaHeart/TDfrontHeart_0016.png"
      },
	       {
        "file": "AnsharashaHeart/TDfrontHeart_0017.png"
      },
	       {
        "file": "AnsharashaHeart/TDfrontHeart_0018.png"
      },
	       {
        "file": "AnsharashaHeart/TDfrontHeart_0019.png"
      },
	       {
        "file": "AnsharashaHeart/TDfrontHeart_0020.png"
      },
	       {
        "file": "AnsharashaHeart/TDfrontHeart_0021.png"
      }
	  ],
	  [
      {
        "file": "AnsharashaHeart/TDrfHeart_0009.png"
      },
	        {
        "file": "AnsharashaHeart/TDrfHeart_0010.png"
      },
	        {
        "file": "AnsharashaHeart/TDrfHeart_0011.png"
      },
	        {
        "file": "AnsharashaHeart/TDrfHeart_0012.png"
      },
	        {
        "file": "AnsharashaHeart/TDrfHeart_0013.png"
      },
	        {
        "file": "AnsharashaHeart/TDrfHeart_0014.png"
      },
	        {
        "file": "AnsharashaHeart/TDrfHeart_0015.png"
      },
	        {
        "file": "AnsharashaHeart/TDrfHeart_0016.png"
      },
	        {
        "file": "AnsharashaHeart/TDrfHeart_0017.png"
      },
	        {
        "file": "AnsharashaHeart/TDrfHeart_0018.png"
      },
	        {
        "file": "AnsharashaHeart/TDrfHeart_0019.png"
      },
	        {
        "file": "AnsharashaHeart/TDrfHeart_0020.png"
      },
	        {
        "file": "AnsharashaHeart/TDrfHeart_0021.png"
      }
	  ],
	  [
      {
        "file": "AnsharashaHeart/TDrightHeart_0009.png"
	  },
	        {
        "file": "AnsharashaHeart/TDrightHeart_0010.png"
	  },
	        {
        "file": "AnsharashaHeart/TDrightHeart_0011.png"
	  },
	        {
        "file": "AnsharashaHeart/TDrightHeart_0012.png"
	  },
	        {
        "file": "AnsharashaHeart/TDrightHeart_0013.png"
	  },
	        {
        "file": "AnsharashaHeart/TDrightHeart_0014.png"
	  },
	        {
        "file": "AnsharashaHeart/TDrightHeart_0015.png"
	  },
	        {
        "file": "AnsharashaHeart/TDrightHeart_0016.png"
	  },
	        {
        "file": "AnsharashaHeart/TDrightHeart_0017.png"
	  },
	        {
        "file": "AnsharashaHeart/TDrightHeart_0018.png"
	  },
	        {
        "file": "AnsharashaHeart/TDrightHeart_0019.png"
	  },
	        {
        "file": "AnsharashaHeart/TDrightHeart_0020.png"
	  },
	        {
        "file": "AnsharashaHeart/TDrightHeart_0021.png"
	  }
	  ],
	  [
	        {
        "file": "AnsharashaHeart/TDrbHeart_0009.png"
	  },
	        {
        "file": "AnsharashaHeart/TDrbHeart_0010.png"
	  },
	        {
        "file": "AnsharashaHeart/TDrbHeart_0011.png"
	  },
	        {
        "file": "AnsharashaHeart/TDrbHeart_0012.png"
	  },
	        {
        "file": "AnsharashaHeart/TDrbHeart_0013.png"
	  },
	        {
        "file": "AnsharashaHeart/TDrbHeart_0014.png"
	  },
	        {
        "file": "AnsharashaHeart/TDrbHeart_0015.png"
	  },
	        {
        "file": "AnsharashaHeart/TDrbHeart_0016.png"
	  },
	        {
        "file": "AnsharashaHeart/TDrbHeart_0017.png"
	  },
	        {
        "file": "AnsharashaHeart/TDrbHeart_0018.png"
	  },
	        {
        "file": "AnsharashaHeart/TDrbHeart_0019.png"
	  },
	        {
        "file": "AnsharashaHeart/TDrbHeart_0020.png"
	  },
	        {
        "file": "AnsharashaHeart/TDrbHeart_0021.png"
	  }
      ],
	  [
      {
        "file": "AnsharashaHeart/TDbackHeart_0009.png"
	  },
	        {
        "file": "AnsharashaHeart/TDbackHeart_0010.png"
	  },
	        {
        "file": "AnsharashaHeart/TDbackHeart_0011.png"
	  },
	        {
        "file": "AnsharashaHeart/TDbackHeart_0012.png"
	  },
	        {
        "file": "AnsharashaHeart/TDbackHeart_0013.png"
	  },
	        {
        "file": "AnsharashaHeart/TDbackHeart_0014.png"
	  },
	        {
        "file": "AnsharashaHeart/TDbackHeart_0015.png"
	  },
	        {
        "file": "AnsharashaHeart/TDbackHeart_0016.png"
	  },
	        {
        "file": "AnsharashaHeart/TDbackHeart_0017.png"
	  },
	        {
        "file": "AnsharashaHeart/TDbackHeart_0018.png"
	  },
	        {
        "file": "AnsharashaHeart/TDbackHeart_0019.png"
	  },
	        {
        "file": "AnsharashaHeart/TDbackHeart_0020.png"
	  },
	        {
        "file": "AnsharashaHeart/TDbackHeart_0021.png"
	  }
	  ]
  ]
},
{
  "name": "CHAINED_CRYSTAL",
  "rotatable": true,
  "fp_offset_x": 60,
  "fp_offset_y": 120,
  "td_offset_x": 63,
  "td_offset_y": 90,
  "fp": [
    [
      {				
"file": "ChainedCrystal/CristalFPfront_0200.png"
				},
{				
"file": "ChainedCrystal/CristalFPfront_0201.png"
				},
{				
"file": "ChainedCrystal/CristalFPfront_0202.png"
				},
{				
"file": "ChainedCrystal/CristalFPfront_0203.png"
				},
{				
"file": "ChainedCrystal/CristalFPfront_0204.png"
				},
{				
"file": "ChainedCrystal/CristalFPfront_0205.png"
				},
{				
"file": "ChainedCrystal/CristalFPfront_0206.png"
				},
{				
"file": "ChainedCrystal/CristalFPfront_0207.png"
				},
{				
"file": "ChainedCrystal/CristalFPfront_0208.png"
				},
{				
"file": "ChainedCrystal/CristalFPfront_0209.png"
				},
{				
"file": "ChainedCrystal/CristalFPfront_0210.png"
				},
{				
"file": "ChainedCrystal/CristalFPfront_0211.png"
				},
{				
"file": "ChainedCrystal/CristalFPfront_0212.png"
				},
{				
"file": "ChainedCrystal/CristalFPfront_0213.png"
				},
{				
"file": "ChainedCrystal/CristalFPfront_0214.png"
				},
{				
"file": "ChainedCrystal/CristalFPfront_0215.png"
				},
{				
"file": "ChainedCrystal/CristalFPfront_0216.png"
				},
{				
"file": "ChainedCrystal/CristalFPfront_0217.png"
				},
{				
"file": "ChainedCrystal/CristalFPfront_0218.png"
				},
{				
"file": "ChainedCrystal/CristalFPfront_0219.png"
				},
{				
"file": "ChainedCrystal/CristalFPfront_0220.png"
				},
{				
"file": "ChainedCrystal/CristalFPfront_0221.png"
				},
{				
"file": "ChainedCrystal/CristalFPfront_0222.png"
				},
{				
"file": "ChainedCrystal/CristalFPfront_0223.png"
				},
{				
"file": "ChainedCrystal/CristalFPfront_0224.png"
				},
{				
"file": "ChainedCrystal/CristalFPfront_0225.png"
				},
{				
"file": "ChainedCrystal/CristalFPfront_0226.png"
				},
{				
"file": "ChainedCrystal/CristalFPfront_0227.png"
				},
{				
"file": "ChainedCrystal/CristalFPfront_0228.png"
				},
{				
"file": "ChainedCrystal/CristalFPfront_0229.png"
				},
{				
"file": "ChainedCrystal/CristalFPfront_0230.png"
				},
{				
"file": "ChainedCrystal/CristalFPfront_0231.png"
				},
{				
"file": "ChainedCrystal/CristalFPfront_0232.png"
				},
{				
"file": "ChainedCrystal/CristalFPfront_0233.png"
				},
{				
"file": "ChainedCrystal/CristalFPfront_0234.png"
				},
{				
"file": "ChainedCrystal/CristalFPfront_0235.png"
				},
{				
"file": "ChainedCrystal/CristalFPfront_0236.png"
				},
{				
"file": "ChainedCrystal/CristalFPfront_0237.png"
				},
{				
"file": "ChainedCrystal/CristalFPfront_0238.png"
				},
{				
"file": "ChainedCrystal/CristalFPfront_0239.png"
				},
{				
"file": "ChainedCrystal/CristalFPfront_0240.png"
				}
	  ],
	  [
{				
"file": "ChainedCrystal/CristalFPrf_0200.png"
				},
{				
"file": "ChainedCrystal/CristalFPrf_0201.png"
				},
{				
"file": "ChainedCrystal/CristalFPrf_0202.png"
				},
{				
"file": "ChainedCrystal/CristalFPrf_0203.png"
				},
{				
"file": "ChainedCrystal/CristalFPrf_0204.png"
				},
{				
"file": "ChainedCrystal/CristalFPrf_0205.png"
				},
{				
"file": "ChainedCrystal/CristalFPrf_0206.png"
				},
{				
"file": "ChainedCrystal/CristalFPrf_0207.png"
				},
{				
"file": "ChainedCrystal/CristalFPrf_0208.png"
				},
{				
"file": "ChainedCrystal/CristalFPrf_0209.png"
				},
{				
"file": "ChainedCrystal/CristalFPrf_0210.png"
				},
{				
"file": "ChainedCrystal/CristalFPrf_0211.png"
				},
{				
"file": "ChainedCrystal/CristalFPrf_0212.png"
				},
{				
"file": "ChainedCrystal/CristalFPrf_0213.png"
				},
{				
"file": "ChainedCrystal/CristalFPrf_0214.png"
				},
{				
"file": "ChainedCrystal/CristalFPrf_0215.png"
				},
{				
"file": "ChainedCrystal/CristalFPrf_0216.png"
				},
{				
"file": "ChainedCrystal/CristalFPrf_0217.png"
				},
{				
"file": "ChainedCrystal/CristalFPrf_0218.png"
				},
{				
"file": "ChainedCrystal/CristalFPrf_0219.png"
				},
{				
"file": "ChainedCrystal/CristalFPrf_0220.png"
				},
{				
"file": "ChainedCrystal/CristalFPrf_0221.png"
				},
{				
"file": "ChainedCrystal/CristalFPrf_0222.png"
				},
{				
"file": "ChainedCrystal/CristalFPrf_0223.png"
				},
{				
"file": "ChainedCrystal/CristalFPrf_0224.png"
				},
{				
"file": "ChainedCrystal/CristalFPrf_0225.png"
				},
{				
"file": "ChainedCrystal/CristalFPrf_0226.png"
				},
{				
"file": "ChainedCrystal/CristalFPrf_0227.png"
				},
{				
"file": "ChainedCrystal/CristalFPrf_0228.png"
				},
{				
"file": "ChainedCrystal/CristalFPrf_0229.png"
				},
{				
"file": "ChainedCrystal/CristalFPrf_0230.png"
				},
{				
"file": "ChainedCrystal/CristalFPrf_0231.png"
				},
{				
"file": "ChainedCrystal/CristalFPrf_0232.png"
				},
{				
"file": "ChainedCrystal/CristalFPrf_0233.png"
				},
{				
"file": "ChainedCrystal/CristalFPrf_0234.png"
				},
{				
"file": "ChainedCrystal/CristalFPrf_0235.png"
				},
{				
"file": "ChainedCrystal/CristalFPrf_0236.png"
				},
{				
"file": "ChainedCrystal/CristalFPrf_0237.png"
				},
{				
"file": "ChainedCrystal/CristalFPrf_0238.png"
				},
{				
"file": "ChainedCrystal/CristalFPrf_0239.png"
				},
{				
"file": "ChainedCrystal/CristalFPrf_0240.png"
				}

	  ],
	  [
{				
"file": "ChainedCrystal/CristalFPright_0200.png"
				},
{				
"file": "ChainedCrystal/CristalFPright_0201.png"
				},
{				
"file": "ChainedCrystal/CristalFPright_0202.png"
				},
{				
"file": "ChainedCrystal/CristalFPright_0203.png"
				},
{				
"file": "ChainedCrystal/CristalFPright_0204.png"
				},
{				
"file": "ChainedCrystal/CristalFPright_0205.png"
				},
{				
"file": "ChainedCrystal/CristalFPright_0206.png"
				},
{				
"file": "ChainedCrystal/CristalFPright_0207.png"
				},
{				
"file": "ChainedCrystal/CristalFPright_0208.png"
				},
{				
"file": "ChainedCrystal/CristalFPright_0209.png"
				},
{				
"file": "ChainedCrystal/CristalFPright_0210.png"
				},
{				
"file": "ChainedCrystal/CristalFPright_0211.png"
				},
{				
"file": "ChainedCrystal/CristalFPright_0212.png"
				},
{				
"file": "ChainedCrystal/CristalFPright_0213.png"
				},
{				
"file": "ChainedCrystal/CristalFPright_0214.png"
				},
{				
"file": "ChainedCrystal/CristalFPright_0215.png"
				},
{				
"file": "ChainedCrystal/CristalFPright_0216.png"
				},
{				
"file": "ChainedCrystal/CristalFPright_0217.png"
				},
{				
"file": "ChainedCrystal/CristalFPright_0218.png"
				},
{				
"file": "ChainedCrystal/CristalFPright_0219.png"
				},
{				
"file": "ChainedCrystal/CristalFPright_0220.png"
				},
{				
"file": "ChainedCrystal/CristalFPright_0221.png"
				},
{				
"file": "ChainedCrystal/CristalFPright_0222.png"
				},
{				
"file": "ChainedCrystal/CristalFPright_0223.png"
				},
{				
"file": "ChainedCrystal/CristalFPright_0224.png"
				},
{				
"file": "ChainedCrystal/CristalFPright_0225.png"
				},
{				
"file": "ChainedCrystal/CristalFPright_0226.png"
				},
{				
"file": "ChainedCrystal/CristalFPright_0227.png"
				},
{				
"file": "ChainedCrystal/CristalFPright_0228.png"
				},
{				
"file": "ChainedCrystal/CristalFPright_0229.png"
				},
{				
"file": "ChainedCrystal/CristalFPright_0230.png"
				},
{				
"file": "ChainedCrystal/CristalFPright_0231.png"
				},
{				
"file": "ChainedCrystal/CristalFPright_0232.png"
				},
{				
"file": "ChainedCrystal/CristalFPright_0233.png"
				},
{				
"file": "ChainedCrystal/CristalFPright_0234.png"
				},
{				
"file": "ChainedCrystal/CristalFPright_0235.png"
				},
{				
"file": "ChainedCrystal/CristalFPright_0236.png"
				},
{				
"file": "ChainedCrystal/CristalFPright_0237.png"
				},
{				
"file": "ChainedCrystal/CristalFPright_0238.png"
				},
{				
"file": "ChainedCrystal/CristalFPright_0239.png"
				},
{				
"file": "ChainedCrystal/CristalFPright_0240.png"
				}
	  ],
	  [
	      {				
"file": "ChainedCrystal/CristalFPrb_0200.png"
				},
{				
"file": "ChainedCrystal/CristalFPrb_0201.png"
				},
{				
"file": "ChainedCrystal/CristalFPrb_0202.png"
				},
{				
"file": "ChainedCrystal/CristalFPrb_0203.png"
				},
{				
"file": "ChainedCrystal/CristalFPrb_0204.png"
				},
{				
"file": "ChainedCrystal/CristalFPrb_0205.png"
				},
{				
"file": "ChainedCrystal/CristalFPrb_0206.png"
				},
{				
"file": "ChainedCrystal/CristalFPrb_0207.png"
				},
{				
"file": "ChainedCrystal/CristalFPrb_0208.png"
				},
{				
"file": "ChainedCrystal/CristalFPrb_0209.png"
				},
{				
"file": "ChainedCrystal/CristalFPrb_0210.png"
				},
{				
"file": "ChainedCrystal/CristalFPrb_0211.png"
				},
{				
"file": "ChainedCrystal/CristalFPrb_0212.png"
				},
{				
"file": "ChainedCrystal/CristalFPrb_0213.png"
				},
{				
"file": "ChainedCrystal/CristalFPrb_0214.png"
				},
{				
"file": "ChainedCrystal/CristalFPrb_0215.png"
				},
{				
"file": "ChainedCrystal/CristalFPrb_0216.png"
				},
{				
"file": "ChainedCrystal/CristalFPrb_0217.png"
				},
{				
"file": "ChainedCrystal/CristalFPrb_0218.png"
				},
{				
"file": "ChainedCrystal/CristalFPrb_0219.png"
				},
{				
"file": "ChainedCrystal/CristalFPrb_0220.png"
				},
{				
"file": "ChainedCrystal/CristalFPrb_0221.png"
				},
{				
"file": "ChainedCrystal/CristalFPrb_0222.png"
				},
{				
"file": "ChainedCrystal/CristalFPrb_0223.png"
				},
{				
"file": "ChainedCrystal/CristalFPrb_0224.png"
				},
{				
"file": "ChainedCrystal/CristalFPrb_0225.png"
				},
{				
"file": "ChainedCrystal/CristalFPrb_0226.png"
				},
{				
"file": "ChainedCrystal/CristalFPrb_0227.png"
				},
{				
"file": "ChainedCrystal/CristalFPrb_0228.png"
				},
{				
"file": "ChainedCrystal/CristalFPrb_0229.png"
				},
{				
"file": "ChainedCrystal/CristalFPrb_0230.png"
				},
{				
"file": "ChainedCrystal/CristalFPrb_0231.png"
				},
{				
"file": "ChainedCrystal/CristalFPrb_0232.png"
				},
{				
"file": "ChainedCrystal/CristalFPrb_0233.png"
				},
{				
"file": "ChainedCrystal/CristalFPrb_0234.png"
				},
{				
"file": "ChainedCrystal/CristalFPrb_0235.png"
				},
{				
"file": "ChainedCrystal/CristalFPrb_0236.png"
				},
{				
"file": "ChainedCrystal/CristalFPrb_0237.png"
				},
{				
"file": "ChainedCrystal/CristalFPrb_0238.png"
				},
{				
"file": "ChainedCrystal/CristalFPrb_0239.png"
				},
{				
"file": "ChainedCrystal/CristalFPrb_0240.png"
				}
      ],
	  [
	        {				
"file": "ChainedCrystal/CristalFPrb_0200.png"
				},
{				
"file": "ChainedCrystal/CristalFPrb_0201.png"
				},
{				
"file": "ChainedCrystal/CristalFPrb_0202.png"
				},
{				
"file": "ChainedCrystal/CristalFPrb_0203.png"
				},
{				
"file": "ChainedCrystal/CristalFPrb_0204.png"
				},
{				
"file": "ChainedCrystal/CristalFPrb_0205.png"
				},
{				
"file": "ChainedCrystal/CristalFPrb_0206.png"
				},
{				
"file": "ChainedCrystal/CristalFPrb_0207.png"
				},
{				
"file": "ChainedCrystal/CristalFPrb_0208.png"
				},
{				
"file": "ChainedCrystal/CristalFPrb_0209.png"
				},
{				
"file": "ChainedCrystal/CristalFPrb_0210.png"
				},
{				
"file": "ChainedCrystal/CristalFPrb_0211.png"
				},
{				
"file": "ChainedCrystal/CristalFPrb_0212.png"
				},
{				
"file": "ChainedCrystal/CristalFPrb_0213.png"
				},
{				
"file": "ChainedCrystal/CristalFPrb_0214.png"
				},
{				
"file": "ChainedCrystal/CristalFPrb_0215.png"
				},
{				
"file": "ChainedCrystal/CristalFPrb_0216.png"
				},
{				
"file": "ChainedCrystal/CristalFPrb_0217.png"
				},
{				
"file": "ChainedCrystal/CristalFPrb_0218.png"
				},
{				
"file": "ChainedCrystal/CristalFPrb_0219.png"
				},
{				
"file": "ChainedCrystal/CristalFPrb_0220.png"
				},
{				
"file": "ChainedCrystal/CristalFPrb_0221.png"
				},
{				
"file": "ChainedCrystal/CristalFPrb_0222.png"
				},
{				
"file": "ChainedCrystal/CristalFPrb_0223.png"
				},
{				
"file": "ChainedCrystal/CristalFPrb_0224.png"
				},
{				
"file": "ChainedCrystal/CristalFPrb_0225.png"
				},
{				
"file": "ChainedCrystal/CristalFPrb_0226.png"
				},
{				
"file": "ChainedCrystal/CristalFPrb_0227.png"
				},
{				
"file": "ChainedCrystal/CristalFPrb_0228.png"
				},
{				
"file": "ChainedCrystal/CristalFPrb_0229.png"
				},
{				
"file": "ChainedCrystal/CristalFPrb_0230.png"
				},
{				
"file": "ChainedCrystal/CristalFPrb_0231.png"
				},
{				
"file": "ChainedCrystal/CristalFPrb_0232.png"
				},
{				
"file": "ChainedCrystal/CristalFPrb_0233.png"
				},
{				
"file": "ChainedCrystal/CristalFPrb_0234.png"
				},
{				
"file": "ChainedCrystal/CristalFPrb_0235.png"
				},
{				
"file": "ChainedCrystal/CristalFPrb_0236.png"
				},
{				
"file": "ChainedCrystal/CristalFPrb_0237.png"
				},
{				
"file": "ChainedCrystal/CristalFPrb_0238.png"
				},
{				
"file": "ChainedCrystal/CristalFPrb_0239.png"
				},
{				
"file": "ChainedCrystal/CristalFPrb_0240.png"
				}
	  ]
  ],
  "td": [
    [
     {				
"file": "ChainedCrystal/CristalTDfront_0200.png"
				},
{				
"file": "ChainedCrystal/CristalTDfront_0201.png"
				},
{				
"file": "ChainedCrystal/CristalTDfront_0202.png"
				},
{				
"file": "ChainedCrystal/CristalTDfront_0203.png"
				},
{				
"file": "ChainedCrystal/CristalTDfront_0204.png"
				},
{				
"file": "ChainedCrystal/CristalTDfront_0205.png"
				},
{				
"file": "ChainedCrystal/CristalTDfront_0206.png"
				},
{				
"file": "ChainedCrystal/CristalTDfront_0207.png"
				},
{				
"file": "ChainedCrystal/CristalTDfront_0208.png"
				},
{				
"file": "ChainedCrystal/CristalTDfront_0209.png"
				},
{				
"file": "ChainedCrystal/CristalTDfront_0210.png"
				},
{				
"file": "ChainedCrystal/CristalTDfront_0211.png"
				},
{				
"file": "ChainedCrystal/CristalTDfront_0212.png"
				},
{				
"file": "ChainedCrystal/CristalTDfront_0213.png"
				},
{				
"file": "ChainedCrystal/CristalTDfront_0214.png"
				},
{				
"file": "ChainedCrystal/CristalTDfront_0215.png"
				},
{				
"file": "ChainedCrystal/CristalTDfront_0216.png"
				},
{				
"file": "ChainedCrystal/CristalTDfront_0217.png"
				},
{				
"file": "ChainedCrystal/CristalTDfront_0218.png"
				},
{				
"file": "ChainedCrystal/CristalTDfront_0219.png"
				},
{				
"file": "ChainedCrystal/CristalTDfront_0220.png"
				},
{				
"file": "ChainedCrystal/CristalTDfront_0221.png"
				},
{				
"file": "ChainedCrystal/CristalTDfront_0222.png"
				},
{				
"file": "ChainedCrystal/CristalTDfront_0223.png"
				},
{				
"file": "ChainedCrystal/CristalTDfront_0224.png"
				},
{				
"file": "ChainedCrystal/CristalTDfront_0225.png"
				},
{				
"file": "ChainedCrystal/CristalTDfront_0226.png"
				},
{				
"file": "ChainedCrystal/CristalTDfront_0227.png"
				},
{				
"file": "ChainedCrystal/CristalTDfront_0228.png"
				},
{				
"file": "ChainedCrystal/CristalTDfront_0229.png"
				},
{				
"file": "ChainedCrystal/CristalTDfront_0230.png"
				},
{				
"file": "ChainedCrystal/CristalTDfront_0231.png"
				},
{				
"file": "ChainedCrystal/CristalTDfront_0232.png"
				},
{				
"file": "ChainedCrystal/CristalTDfront_0233.png"
				},
{				
"file": "ChainedCrystal/CristalTDfront_0234.png"
				},
{				
"file": "ChainedCrystal/CristalTDfront_0235.png"
				},
{				
"file": "ChainedCrystal/CristalTDfront_0236.png"
				},
{				
"file": "ChainedCrystal/CristalTDfront_0237.png"
				},
{				
"file": "ChainedCrystal/CristalTDfront_0238.png"
				},
{				
"file": "ChainedCrystal/CristalTDfront_0239.png"
				},
{				
"file": "ChainedCrystal/CristalTDfront_0240.png"
				}
	  ],
	  [
      {				
"file": "ChainedCrystal/CristalTDrf_0200.png"
				},
{				
"file": "ChainedCrystal/CristalTDrf_0201.png"
				},
{				
"file": "ChainedCrystal/CristalTDrf_0202.png"
				},
{				
"file": "ChainedCrystal/CristalTDrf_0203.png"
				},
{				
"file": "ChainedCrystal/CristalTDrf_0204.png"
				},
{				
"file": "ChainedCrystal/CristalTDrf_0205.png"
				},
{				
"file": "ChainedCrystal/CristalTDrf_0206.png"
				},
{				
"file": "ChainedCrystal/CristalTDrf_0207.png"
				},
{				
"file": "ChainedCrystal/CristalTDrf_0208.png"
				},
{				
"file": "ChainedCrystal/CristalTDrf_0209.png"
				},
{				
"file": "ChainedCrystal/CristalTDrf_0210.png"
				},
{				
"file": "ChainedCrystal/CristalTDrf_0211.png"
				},
{				
"file": "ChainedCrystal/CristalTDrf_0212.png"
				},
{				
"file": "ChainedCrystal/CristalTDrf_0213.png"
				},
{				
"file": "ChainedCrystal/CristalTDrf_0214.png"
				},
{				
"file": "ChainedCrystal/CristalTDrf_0215.png"
				},
{				
"file": "ChainedCrystal/CristalTDrf_0216.png"
				},
{				
"file": "ChainedCrystal/CristalTDrf_0217.png"
				},
{				
"file": "ChainedCrystal/CristalTDrf_0218.png"
				},
{				
"file": "ChainedCrystal/CristalTDrf_0219.png"
				},
{				
"file": "ChainedCrystal/CristalTDrf_0220.png"
				},
{				
"file": "ChainedCrystal/CristalTDrf_0221.png"
				},
{				
"file": "ChainedCrystal/CristalTDrf_0222.png"
				},
{				
"file": "ChainedCrystal/CristalTDrf_0223.png"
				},
{				
"file": "ChainedCrystal/CristalTDrf_0224.png"
				},
{				
"file": "ChainedCrystal/CristalTDrf_0225.png"
				},
{				
"file": "ChainedCrystal/CristalTDrf_0226.png"
				},
{				
"file": "ChainedCrystal/CristalTDrf_0227.png"
				},
{				
"file": "ChainedCrystal/CristalTDrf_0228.png"
				},
{				
"file": "ChainedCrystal/CristalTDrf_0229.png"
				},
{				
"file": "ChainedCrystal/CristalTDrf_0230.png"
				},
{				
"file": "ChainedCrystal/CristalTDrf_0231.png"
				},
{				
"file": "ChainedCrystal/CristalTDrf_0232.png"
				},
{				
"file": "ChainedCrystal/CristalTDrf_0233.png"
				},
{				
"file": "ChainedCrystal/CristalTDrf_0234.png"
				},
{				
"file": "ChainedCrystal/CristalTDrf_0235.png"
				},
{				
"file": "ChainedCrystal/CristalTDrf_0236.png"
				},
{				
"file": "ChainedCrystal/CristalTDrf_0237.png"
				},
{				
"file": "ChainedCrystal/CristalTDrf_0238.png"
				},
{				
"file": "ChainedCrystal/CristalTDrf_0239.png"
				},
{				
"file": "ChainedCrystal/CristalTDrf_0240.png"
				}
	  ],
	  [
{				
"file": "ChainedCrystal/CristalTDright_0200.png"
				},
{				
"file": "ChainedCrystal/CristalTDright_0201.png"
				},
{				
"file": "ChainedCrystal/CristalTDright_0202.png"
				},
{				
"file": "ChainedCrystal/CristalTDright_0203.png"
				},
{				
"file": "ChainedCrystal/CristalTDright_0204.png"
				},
{				
"file": "ChainedCrystal/CristalTDright_0205.png"
				},
{				
"file": "ChainedCrystal/CristalTDright_0206.png"
				},
{				
"file": "ChainedCrystal/CristalTDright_0207.png"
				},
{				
"file": "ChainedCrystal/CristalTDright_0208.png"
				},
{				
"file": "ChainedCrystal/CristalTDright_0209.png"
				},
{				
"file": "ChainedCrystal/CristalTDright_0210.png"
				},
{				
"file": "ChainedCrystal/CristalTDright_0211.png"
				},
{				
"file": "ChainedCrystal/CristalTDright_0212.png"
				},
{				
"file": "ChainedCrystal/CristalTDright_0213.png"
				},
{				
"file": "ChainedCrystal/CristalTDright_0214.png"
				},
{				
"file": "ChainedCrystal/CristalTDright_0215.png"
				},
{				
"file": "ChainedCrystal/CristalTDright_0216.png"
				},
{				
"file": "ChainedCrystal/CristalTDright_0217.png"
				},
{				
"file": "ChainedCrystal/CristalTDright_0218.png"
				},
{				
"file": "ChainedCrystal/CristalTDright_0219.png"
				},
{				
"file": "ChainedCrystal/CristalTDright_0220.png"
				},
{				
"file": "ChainedCrystal/CristalTDright_0221.png"
				},
{				
"file": "ChainedCrystal/CristalTDright_0222.png"
				},
{				
"file": "ChainedCrystal/CristalTDright_0223.png"
				},
{				
"file": "ChainedCrystal/CristalTDright_0224.png"
				},
{				
"file": "ChainedCrystal/CristalTDright_0225.png"
				},
{				
"file": "ChainedCrystal/CristalTDright_0226.png"
				},
{				
"file": "ChainedCrystal/CristalTDright_0227.png"
				},
{				
"file": "ChainedCrystal/CristalTDright_0228.png"
				},
{				
"file": "ChainedCrystal/CristalTDright_0229.png"
				},
{				
"file": "ChainedCrystal/CristalTDright_0230.png"
				},
{				
"file": "ChainedCrystal/CristalTDright_0231.png"
				},
{				
"file": "ChainedCrystal/CristalTDright_0232.png"
				},
{				
"file": "ChainedCrystal/CristalTDright_0233.png"
				},
{				
"file": "ChainedCrystal/CristalTDright_0234.png"
				},
{				
"file": "ChainedCrystal/CristalTDright_0235.png"
				},
{				
"file": "ChainedCrystal/CristalTDright_0236.png"
				},
{				
"file": "ChainedCrystal/CristalTDright_0237.png"
				},
{				
"file": "ChainedCrystal/CristalTDright_0238.png"
				},
{				
"file": "ChainedCrystal/CristalTDright_0239.png"
				},
{				
"file": "ChainedCrystal/CristalTDright_0240.png"
				}
	  ],
	  [
	        {				
"file": "ChainedCrystal/CristalTDrb_0200.png"
				},
{				
"file": "ChainedCrystal/CristalTDrb_0201.png"
				},
{				
"file": "ChainedCrystal/CristalTDrb_0202.png"
				},
{				
"file": "ChainedCrystal/CristalTDrb_0203.png"
				},
{				
"file": "ChainedCrystal/CristalTDrb_0204.png"
				},
{				
"file": "ChainedCrystal/CristalTDrb_0205.png"
				},
{				
"file": "ChainedCrystal/CristalTDrb_0206.png"
				},
{				
"file": "ChainedCrystal/CristalTDrb_0207.png"
				},
{				
"file": "ChainedCrystal/CristalTDrb_0208.png"
				},
{				
"file": "ChainedCrystal/CristalTDrb_0209.png"
				},
{				
"file": "ChainedCrystal/CristalTDrb_0210.png"
				},
{				
"file": "ChainedCrystal/CristalTDrb_0211.png"
				},
{				
"file": "ChainedCrystal/CristalTDrb_0212.png"
				},
{				
"file": "ChainedCrystal/CristalTDrb_0213.png"
				},
{				
"file": "ChainedCrystal/CristalTDrb_0214.png"
				},
{				
"file": "ChainedCrystal/CristalTDrb_0215.png"
				},
{				
"file": "ChainedCrystal/CristalTDrb_0216.png"
				},
{				
"file": "ChainedCrystal/CristalTDrb_0217.png"
				},
{				
"file": "ChainedCrystal/CristalTDrb_0218.png"
				},
{				
"file": "ChainedCrystal/CristalTDrb_0219.png"
				},
{				
"file": "ChainedCrystal/CristalTDrb_0220.png"
				},
{				
"file": "ChainedCrystal/CristalTDrb_0221.png"
				},
{				
"file": "ChainedCrystal/CristalTDrb_0222.png"
				},
{				
"file": "ChainedCrystal/CristalTDrb_0223.png"
				},
{				
"file": "ChainedCrystal/CristalTDrb_0224.png"
				},
{				
"file": "ChainedCrystal/CristalTDrb_0225.png"
				},
{				
"file": "ChainedCrystal/CristalTDrb_0226.png"
				},
{				
"file": "ChainedCrystal/CristalTDrb_0227.png"
				},
{				
"file": "ChainedCrystal/CristalTDrb_0228.png"
				},
{				
"file": "ChainedCrystal/CristalTDrb_0229.png"
				},
{				
"file": "ChainedCrystal/CristalTDrb_0230.png"
				},
{				
"file": "ChainedCrystal/CristalTDrb_0231.png"
				},
{				
"file": "ChainedCrystal/CristalTDrb_0232.png"
				},
{				
"file": "ChainedCrystal/CristalTDrb_0233.png"
				},
{				
"file": "ChainedCrystal/CristalTDrb_0234.png"
				},
{				
"file": "ChainedCrystal/CristalTDrb_0235.png"
				},
{				
"file": "ChainedCrystal/CristalTDrb_0236.png"
				},
{				
"file": "ChainedCrystal/CristalTDrb_0237.png"
				},
{				
"file": "ChainedCrystal/CristalTDrb_0238.png"
				},
{				
"file": "ChainedCrystal/CristalTDrb_0239.png"
				},
{				
"file": "ChainedCrystal/CristalTDrb_0240.png"
				}
      ],
	  [
      {				
"file": "ChainedCrystal/CristalTDback_0200.png"
				},
{				
"file": "ChainedCrystal/CristalTDback_0201.png"
				},
{				
"file": "ChainedCrystal/CristalTDback_0202.png"
				},
{				
"file": "ChainedCrystal/CristalTDback_0203.png"
				},
{				
"file": "ChainedCrystal/CristalTDback_0204.png"
				},
{				
"file": "ChainedCrystal/CristalTDback_0205.png"
				},
{				
"file": "ChainedCrystal/CristalTDback_0206.png"
				},
{				
"file": "ChainedCrystal/CristalTDback_0207.png"
				},
{				
"file": "ChainedCrystal/CristalTDback_0208.png"
				},
{				
"file": "ChainedCrystal/CristalTDback_0209.png"
				},
{				
"file": "ChainedCrystal/CristalTDback_0210.png"
				},
{				
"file": "ChainedCrystal/CristalTDback_0211.png"
				},
{				
"file": "ChainedCrystal/CristalTDback_0212.png"
				},
{				
"file": "ChainedCrystal/CristalTDback_0213.png"
				},
{				
"file": "ChainedCrystal/CristalTDback_0214.png"
				},
{				
"file": "ChainedCrystal/CristalTDback_0215.png"
				},
{				
"file": "ChainedCrystal/CristalTDback_0216.png"
				},
{				
"file": "ChainedCrystal/CristalTDback_0217.png"
				},
{				
"file": "ChainedCrystal/CristalTDback_0218.png"
				},
{				
"file": "ChainedCrystal/CristalTDback_0219.png"
				},
{				
"file": "ChainedCrystal/CristalTDback_0220.png"
				},
{				
"file": "ChainedCrystal/CristalTDback_0221.png"
				},
{				
"file": "ChainedCrystal/CristalTDback_0222.png"
				},
{				
"file": "ChainedCrystal/CristalTDback_0223.png"
				},
{				
"file": "ChainedCrystal/CristalTDback_0224.png"
				},
{				
"file": "ChainedCrystal/CristalTDback_0225.png"
				},
{				
"file": "ChainedCrystal/CristalTDback_0226.png"
				},
{				
"file": "ChainedCrystal/CristalTDback_0227.png"
				},
{				
"file": "ChainedCrystal/CristalTDback_0228.png"
				},
{				
"file": "ChainedCrystal/CristalTDback_0229.png"
				},
{				
"file": "ChainedCrystal/CristalTDback_0230.png"
				},
{				
"file": "ChainedCrystal/CristalTDback_0231.png"
				},
{				
"file": "ChainedCrystal/CristalTDback_0232.png"
				},
{				
"file": "ChainedCrystal/CristalTDback_0233.png"
				},
{				
"file": "ChainedCrystal/CristalTDback_0234.png"
				},
{				
"file": "ChainedCrystal/CristalTDback_0235.png"
				},
{				
"file": "ChainedCrystal/CristalTDback_0236.png"
				},
{				
"file": "ChainedCrystal/CristalTDback_0237.png"
				},
{				
"file": "ChainedCrystal/CristalTDback_0238.png"
				},
{				
"file": "ChainedCrystal/CristalTDback_0239.png"
				},
{				
"file": "ChainedCrystal/CristalTDback_0240.png"
				}
	  ]
  ]
},
{
  "name": "REDLIGHTCRYSTAL",
  "rotatable": true,
  "fp_offset_x": 40,
  "fp_offset_y": 80,
  "td_offset_x": 40,
  "td_offset_y": 60,
  "fp": [
    [
      {				
"file": "CrystalRed/FPfront.png"
				}
	  ],
	  [
{				
"file": "CrystalRed/FPrf.png"
				}
	  ],
	  [
{				
"file": "CrystalRed/FPright.png"
				}
	  ],
	  [
	      {				
"file": "CrystalRed/FPrb.png"
				}
      ],
	  [
	        {				
"file": "CrystalRed/FPback.png"
				}
	  ]
  ],
  "td": [
    [
     {				
"file": "CrystalRed/TDfront.png"
				}
	  ],
	  [
      {				
"file": "CrystalRed/TDrf.png"
				}
	  ],
	  [
{				
"file": "CrystalRed/TDright.png"
				}
	  ],
	  [
	        {				
"file": "CrystalRed/TDrb.png"
				}
      ],
	  [
      {				
"file": "CrystalRed/TDback.png"
				}
	  ]
  ]
},
{
  "name": "EYESLAB",
  "rotatable": false,
  "fp_offset_x": 60,
  "fp_offset_y": 95,
  "td_offset_x": 62,
  "td_offset_y": 100,
  "fp": [
    [
      {
	"file": "EyeSlab/ESTDfront2_0001.png"
      },
	       {
        "file": "EyeSlab/ESTDfront2_0002.png"
      },
	       {
        "file": "EyeSlab/ESTDfront2_0003.png"
      },
	       {
        "file": "EyeSlab/ESTDfront2_0004.png"
      },
	       {
        "file": "EyeSlab/ESTDfront2_0005.png"
      },
	       {
        "file": "EyeSlab/ESTDfront2_0006.png"
      },
	       {
        "file": "EyeSlab/ESTDfront2_0007.png"
      },
	       {
        "file": "EyeSlab/ESTDfront2_0008.png"
      },
	       {
        "file": "EyeSlab/ESTDfront2_0009.png"
      },
	       {
        "file": "EyeSlab/ESTDfront2_0010.png"
      },
	       {
        "file": "EyeSlab/ESTDfront2_0011.png"
      },
	       {
        "file": "EyeSlab/ESTDfront2_0012.png"
      },
	       {
        "file": "EyeSlab/ESTDfront2_0013.png"
      },
	       {
        "file": "EyeSlab/ESTDfront2_0014.png"
      },
	       {
        "file": "EyeSlab/ESTDfront2_0015.png"
	  }
	  ]
  ],
  "td": [
    [
     {
        "file": "EyeSlab/ESTDfront_0001.png"
      },
	       {
        "file": "EyeSlab/ESTDfront_0002.png"
      },
	       {
        "file": "EyeSlab/ESTDfront_0003.png"
      },
	       {
        "file": "EyeSlab/ESTDfront_0004.png"
      },
	       {
        "file": "EyeSlab/ESTDfront_0005.png"
      },
	       {
        "file": "EyeSlab/ESTDfront_0006.png"
      },
	       {
        "file": "EyeSlab/ESTDfront_0007.png"
      },
	       {
        "file": "EyeSlab/ESTDfront_0008.png"
      },
	       {
        "file": "EyeSlab/ESTDfront_0009.png"
      },
	       {
        "file": "EyeSlab/ESTDfront_0010.png"
      },
	       {
        "file": "EyeSlab/ESTDfront_0011.png"
      },
	       {
        "file": "EyeSlab/ESTDfront_0012.png"
      },
	       {
        "file": "EyeSlab/ESTDfront_0013.png"
      },
	       {
        "file": "EyeSlab/ESTDfront_0014.png"
      },
	       {
        "file": "EyeSlab/ESTDfront_0015.png"
	  }
	  ]
  ]
},
{
  "name": "Heart",
  "rotatable": false,
  "fp_offset_x": 120,
  "fp_offset_y": 240,
  "td_offset_x": 120,
  "td_offset_y": 200,
  "fp": [
    [
      {
        "file": "HeartHighRes/heartfp1.png"
	  },
	        {
        "file": "HeartHighRes/heartfp2.png"
	  },
	        {
        "file": "HeartHighRes/heartfp3.png"
	  },
	        {
        "file": "HeartHighRes/heartfp4.png"
	  },
	        {
        "file": "HeartHighRes/heartfp5.png"
	  },
	        {
        "file": "HeartHighRes/heartfp6.png"
	  },
	        {
        "file": "HeartHighRes/heartfp7.png"
	  },
	        {
        "file": "HeartHighRes/heartfp8.png"
	  },
	        {
        "file": "HeartHighRes/heartfp9.png"
	  },
	        {
        "file": "HeartHighRes/heartfp10.png"
	  },
	        {
        "file": "HeartHighRes/heartfp11.png"
	  },
	        {
        "file": "HeartHighRes/heartfp12.png"
	  }
]
  ],
  "td": [
    [
     {
        "file": "HeartHighRes/hearth (1)1.png"
      },
	       {
        "file": "HeartHighRes/hearth (1)2.png"
      },
	       {
        "file": "HeartHighRes/hearth (1)3.png"
      },
	       {
        "file": "HeartHighRes/hearth (1)4.png"
      },
	       {
        "file": "HeartHighRes/hearth (1)5.png"
      },
	       {
        "file": "HeartHighRes/hearth (1)6.png"
      },
	       {
        "file": "HeartHighRes/hearth (1)7.png"
      },
	       {
        "file": "HeartHighRes/hearth (1)8.png"
      },
	       {
        "file": "HeartHighRes/hearth (1)9.png"
      },
	       {
        "file": "HeartHighRes/hearth (1)10.png"
      },
	       {
        "file": "HeartHighRes/hearth (1)11.png"
      },
	       {
        "file": "HeartHighRes/hearth (1)12.png"
      }
	  ]
]
},
{
  "name":"CRYSTAL",
  "rotatable": false,
  "fp_offset_x": 60,
  "fp_offset_y": 150,
  "td_offset_x": 60,
  "td_offset_y": 150,
  "fp": [
    [
      {
	"file": "RuneCrystal/FPfront_0001.png"
      },
	       {
        "file": "RuneCrystal/FPfront_0002.png"
      },
	       {
        "file": "RuneCrystal/FPfront_0003.png"
      },
	       {
        "file": "RuneCrystal/FPfront_0004.png"
      },
	       {
        "file": "RuneCrystal/FPfront_0005.png"
      },
	       {
        "file": "RuneCrystal/FPfront_0006.png"
      },
	       {
        "file": "RuneCrystal/FPfront_0007.png"
      },
	       {
        "file": "RuneCrystal/FPfront_0008.png"
      },
	       {
        "file": "RuneCrystal/FPfront_0009.png"
      },
	{
     	"file": "RuneCrystal/FPfront_0010.png"
      },
	       {
        "file": "RuneCrystal/FPfront_0011.png"
      },
	       {
        "file": "RuneCrystal/FPfront_0012.png"
      },
	       {
        "file": "RuneCrystal/FPfront_0013.png"
      },
	       {
        "file": "RuneCrystal/FPfront_0014.png"
      },
	       {
        "file": "RuneCrystal/FPfront_0015.png"
      },
	       {
        "file": "RuneCrystal/FPfront_0016.png"
      },
	       {
        "file": "RuneCrystal/FPfront_0017.png"
	},
 	{
        "file": "RuneCrystal/FPfront_0018.png"
      },
	       {
        "file": "RuneCrystal/FPfront_0019.png"
      },
	       {
        "file": "RuneCrystal/FPfront_0020.png"
      },
	       {
        "file": "RuneCrystal/FPfront_0021.png"
      },
	       {
        "file": "RuneCrystal/FPfront_0022.png"
      },
	       {
        "file": "RuneCrystal/FPfront_0023.png"
      },
	       {
        "file": "RuneCrystal/FPfront_0024.png"
      }
	  ]
  ],
  "td": [
    [
     {
        "file": "RuneCrystal/TDfront_0001.png"
      },
	       {
        "file": "RuneCrystal/TDfront_0002.png"
      },
	       {
        "file": "RuneCrystal/TDfront_0003.png"
      },
	       {
        "file": "RuneCrystal/TDfront_0004.png"
      },
	       {
        "file": "RuneCrystal/TDfront_0005.png"
      },
	       {
        "file": "RuneCrystal/TDfront_0006.png"
      },
	       {
        "file": "RuneCrystal/TDfront_0007.png"
      },
	       {
        "file": "RuneCrystal/TDfront_0008.png"
      },
	       {
        "file": "RuneCrystal/TDfront_0009.png"
      },
	{
     	"file": "RuneCrystal/TDfront_0010.png"
      },
	       {
        "file": "RuneCrystal/TDfront_0011.png"
      },
	       {
        "file": "RuneCrystal/TDfront_0012.png"
      },
	       {
        "file": "RuneCrystal/TDfront_0013.png"
      },
	       {
        "file": "RuneCrystal/TDfront_0014.png"
      },
	       {
        "file": "RuneCrystal/TDfront_0015.png"
      },
	       {
        "file": "RuneCrystal/TDfront_0016.png"
      },
	       {
        "file": "RuneCrystal/TDfront_0017.png"
	},
 	{
        "file": "RuneCrystal/TDfront_0018.png"
      },
	       {
        "file": "RuneCrystal/TDfront_0019.png"
      },
	       {
        "file": "RuneCrystal/TDfront_0020.png"
      },
	       {
        "file": "RuneCrystal/TDfront_0021.png"
      },
	       {
        "file": "RuneCrystal/TDfront_0022.png"
      },
	       {
        "file": "RuneCrystal/TDfront_0023.png"
      },
	       {
        "file": "RuneCrystal/TDfront_0024.png"
	  }
	  ]
  ]
},
{
  "name": "SKULLPILLAR",
  "rotatable": true,
  "fp_offset_x": 60,
  "fp_offset_y": 120,
  "td_offset_x": 60,
  "td_offset_y": 90,
  "fp": [
    [{
        "file": "SkullPillar/FPfront_0000.png"
	  },
      {
        "file": "SkullPillar/FPfront_0001.png"
	  },
	        {
        "file": "SkullPillar/FPfront_0002.png"
	  },
	        {
        "file": "SkullPillar/FPfront_0003.png"
	  },
	        {
        "file": "SkullPillar/FPfront_0004.png"
	  },
	        {
        "file": "SkullPillar/FPfront_0005.png"
	  },
	        {
        "file": "SkullPillar/FPfront_0006.png"
	  },
	        {
        "file": "SkullPillar/FPfront_0007.png"
	  },
	        {
        "file": "SkullPillar/FPfront_0008.png"
	  },
	        {
        "file": "SkullPillar/FPfront_0009.png"
	  },
	        {
        "file": "SkullPillar/FPfront_0010.png"
	  },
	        {
        "file": "SkullPillar/FPfront_0011.png"
	  },
	        {
        "file": "SkullPillar/FPfront_0012.png"
	  },
	        {
        "file": "SkullPillar/FPfront_0013.png"
	  },
	        {
        "file": "SkullPillar/FPfront_0014.png"
	  },
	        {
        "file": "SkullPillar/FPfront_0015.png"
	  }
	  ],
	  [
      {
        "file": "SkullPillar/FPrf_0000.png"
      },
	        {
        "file": "SkullPillar/FPrf_0001.png"
      },
	        {
        "file": "SkullPillar/FPrf_0002.png"
      },
	        {
        "file": "SkullPillar/FPrf_0003.png"
      },
	        {
        "file": "SkullPillar/FPrf_0004.png"
      },
	        {
        "file": "SkullPillar/FPrf_0005.png"
      },
	        {
        "file": "SkullPillar/FPrf_0006.png"
      },
	        {
        "file": "SkullPillar/FPrf_0007.png"
      },
	        {
        "file": "SkullPillar/FPrf_0008.png"
      },
	        {
        "file": "SkullPillar/FPrf_0009.png"
      },
	        {
        "file": "SkullPillar/FPrf_0010.png"
      },
	        {
        "file": "SkullPillar/FPrf_0011.png"
      },
	        {
        "file": "SkullPillar/FPrf_0012.png"
      },
	        {
        "file": "SkullPillar/FPrf_0013.png"
      },
	        {
        "file": "SkullPillar/FPrf_0014.png"
      },
	        {
        "file": "SkullPillar/FPrf_0015.png"
      }
	  ],
	  [
{
        "file": "SkullPillar/FPright_0000.png"
	  },
      {
        "file": "SkullPillar/FPright_0001.png"
	  },
	        {
        "file": "SkullPillar/FPright_0002.png"
	  },
	        {
        "file": "SkullPillar/FPright_0003.png"
	  },
	        {
        "file": "SkullPillar/FPright_0004.png"
	  },
	        {
        "file": "SkullPillar/FPright_0005.png"
	  },
	        {
        "file": "SkullPillar/FPright_0006.png"
	  },
	        {
        "file": "SkullPillar/FPright_0007.png"
	  },
	        {
        "file": "SkullPillar/FPright_0008.png"
	  },
	        {
        "file": "SkullPillar/FPright_0009.png"
	  },
	        {
        "file": "SkullPillar/FPright_0010.png"
	  },
	        {
        "file": "SkullPillar/FPright_0011.png"
	  },
	        {
        "file": "SkullPillar/FPright_0012.png"
	  },
	        {
        "file": "SkullPillar/FPright_0013.png"
	  },
	        {
        "file": "SkullPillar/FPright_0014.png"
	  },
	        {
        "file": "SkullPillar/FPright_0015.png"
	  }
	  ],
	  [
      {
        "file": "SkullPillar/FPrb_0000.png"
	  },
	        {
        "file": "SkullPillar/FPrb_0001.png"
	  },
	        {
        "file": "SkullPillar/FPrb_0002.png"
	  },
	        {
        "file": "SkullPillar/FPrb_0003.png"
	  },
	        {
        "file": "SkullPillar/FPrb_0004.png"
	  },
	        {
        "file": "SkullPillar/FPrb_0005.png"
	  },
	        {
        "file": "SkullPillar/FPrb_0006.png"
	  },
	        {
        "file": "SkullPillar/FPrb_0007.png"
	  },
	        {
        "file": "SkullPillar/FPrb_0008.png"
	  },
	        {
        "file": "SkullPillar/FPrb_0009.png"
	  },
	        {
        "file": "SkullPillar/FPrb_0010.png"
	  },
	        {
        "file": "SkullPillar/FPrb_0011.png"
	  },
	        {
        "file": "SkullPillar/FPrb_0012.png"
	  },
	        {
        "file": "SkullPillar/FPrb_0013.png"
	  },
	        {
        "file": "SkullPillar/FPrb_0014.png"
	  },
	        {
        "file": "SkullPillar/FPrb_0015.png"
	  }
      ],
	  [
      {
        "file": "SkullPillar/FPback_0000.png"
	  },
	        {
        "file": "SkullPillar/FPback_0001.png"
	  },
	        {
        "file": "SkullPillar/FPback_0002.png"
	  },
	        {
        "file": "SkullPillar/FPback_0003.png"
	  },
	        {
        "file": "SkullPillar/FPback_0004.png"
	  },
	        {
        "file": "SkullPillar/FPback_0005.png"
	  },
	        {
        "file": "SkullPillar/FPback_0006.png"
	  },
	        {
        "file": "SkullPillar/FPback_0007.png"
	  },
	        {
        "file": "SkullPillar/FPback_0008.png"
	  },
	        {
        "file": "SkullPillar/FPback_0009.png"
	  },
	        {
        "file": "SkullPillar/FPback_0010.png"
	  },
	        {
        "file": "SkullPillar/FPback_0011.png"
	  },
	        {
        "file": "SkullPillar/FPback_0012.png"
	  },
	        {
        "file": "SkullPillar/FPback_0013.png"
	  },
	        {
        "file": "SkullPillar/FPback_0014.png"
	  },
	        {
        "file": "SkullPillar/FPback_0015.png"
	  }
	  ]
  ],
  "td": [
    [
{
        "file": "SkullPillar/TDfront_0000.png"
      },
     {
        "file": "SkullPillar/TDfront_0001.png"
      },
	       {
        "file": "SkullPillar/TDfront_0002.png"
      },
	       {
        "file": "SkullPillar/TDfront_0003.png"
      },
	       {
        "file": "SkullPillar/TDfront_0004.png"
      },
	       {
        "file": "SkullPillar/TDfront_0005.png"
      },
	       {
        "file": "SkullPillar/TDfront_0006.png"
      },
	       {
        "file": "SkullPillar/TDfront_0007.png"
      },
	       {
        "file": "SkullPillar/TDfront_0008.png"
      },
	       {
        "file": "SkullPillar/TDfront_0009.png"
      },
	       {
        "file": "SkullPillar/TDfront_0010.png"
      },
	       {
        "file": "SkullPillar/TDfront_0011.png"
      },
	       {
        "file": "SkullPillar/TDfront_0012.png"
      },
	       {
        "file": "SkullPillar/TDfront_0013.png"
      },
	       {
        "file": "SkullPillar/TDfront_0014.png"
      },
	       {
        "file": "SkullPillar/TDfront_0015.png"
      }
	  ],
	  [
{
        "file": "SkullPillar/TDrf_0000.png"
      },
      {
        "file": "SkullPillar/TDrf_0001.png"
      },
	        {
        "file": "SkullPillar/TDrf_0002.png"
      },
	        {
        "file": "SkullPillar/TDrf_0003.png"
      },
	        {
        "file": "SkullPillar/TDrf_0004.png"
      },
	        {
        "file": "SkullPillar/TDrf_0005.png"
      },
	        {
        "file": "SkullPillar/TDrf_0006.png"
      },
	        {
        "file": "SkullPillar/TDrf_0007.png"
      },
	        {
        "file": "SkullPillar/TDrf_0008.png"
      },
	        {
        "file": "SkullPillar/TDrf_0009.png"
      },
	        {
        "file": "SkullPillar/TDrf_0010.png"
      },
	        {
        "file": "SkullPillar/TDrf_0011.png"
      },
	        {
        "file": "SkullPillar/TDrf_0012.png"
      },
	        {
        "file": "SkullPillar/TDrf_0013.png"
      },
	        {
        "file": "SkullPillar/TDrf_0014.png"
      },
	        {
        "file": "SkullPillar/TDrf_0015.png"
      }
	  ],
	  [
{
        "file": "SkullPillar/TDright_0000.png"
	  },
      {
        "file": "SkullPillar/TDright_0001.png"
	  },
	        {
        "file": "SkullPillar/TDright_0002.png"
	  },
	        {
        "file": "SkullPillar/TDright_0003.png"
	  },
	        {
        "file": "SkullPillar/TDright_0004.png"
	  },
	        {
        "file": "SkullPillar/TDright_0005.png"
	  },
	        {
        "file": "SkullPillar/TDright_0006.png"
	  },
	        {
        "file": "SkullPillar/TDright_0007.png"
	  },
	        {
        "file": "SkullPillar/TDright_0008.png"
	  },
	        {
        "file": "SkullPillar/TDright_0009.png"
	  },
	        {
        "file": "SkullPillar/TDright_0010.png"
	  },
	        {
        "file": "SkullPillar/TDright_0011.png"
	  },
	        {
        "file": "SkullPillar/TDright_0012.png"
	  },
	        {
        "file": "SkullPillar/TDright_0013.png"
	  },
	        {
        "file": "SkullPillar/TDright_0014.png"
	  },
	        {
        "file": "SkullPillar/TDright_0015.png"
	  }
	  ],
	  [
      {
        "file": "SkullPillar/TDrb_0000.png"
	  },
	        {
        "file": "SkullPillar/TDrb_0001.png"
	  },
	        {
        "file": "SkullPillar/TDrb_0002.png"
	  },
	        {
        "file": "SkullPillar/TDrb_0003.png"
	  },
	        {
        "file": "SkullPillar/TDrb_0004.png"
	  },
	        {
        "file": "SkullPillar/TDrb_0005.png"
	  },
	        {
        "file": "SkullPillar/TDrb_0006.png"
	  },
	        {
        "file": "SkullPillar/TDrb_0007.png"
	  },
	        {
        "file": "SkullPillar/TDrb_0008.png"
	  },
	        {
        "file": "SkullPillar/TDrb_0009.png"
	  },
	        {
        "file": "SkullPillar/TDrb_0010.png"
	  },
	        {
        "file": "SkullPillar/TDrb_0011.png"
	  },
	        {
        "file": "SkullPillar/TDrb_0012.png"
	  },
	        {
        "file": "SkullPillar/TDrb_0013.png"
	  },
	        {
        "file": "SkullPillar/TDrb_0014.png"
	  },
	        {
        "file": "SkullPillar/TDrb_0015.png"
	  }
      ],
	  [
    {
        "file": "SkullPillar/TDback_0000.png"
	  },
      {
        "file": "SkullPillar/TDback_0001.png"
	  },
	        {
        "file": "SkullPillar/TDback_0002.png"
	  },
	        {
        "file": "SkullPillar/TDback_0003.png"
	  },
	        {
        "file": "SkullPillar/TDback_0004.png"
	  },
	        {
        "file": "SkullPillar/TDback_0005.png"
	  },
	        {
        "file": "SkullPillar/TDback_0006.png"
	  },
	        {
        "file": "SkullPillar/TDback_0007.png"
	  },
	        {
        "file": "SkullPillar/TDback_0008.png"
	  },
	        {
        "file": "SkullPillar/TDback_0009.png"
	  },
	        {
        "file": "SkullPillar/TDback_0010.png"
	  },
	        {
        "file": "SkullPillar/TDback_0011.png"
	  },
	        {
        "file": "SkullPillar/TDback_0012.png"
	  },
	        {
        "file": "SkullPillar/TDback_0013.png"
	  },
	        {
        "file": "SkullPillar/TDback_0014.png"
	  },
	        {
        "file": "SkullPillar/TDback_0015.png"
	  }
	  ]
  ]
},
{
  "name": "TENTACLE",
  "rotatable": false,
  "fp_offset_x": 24,
  "fp_offset_y": 85,
  "td_offset_x": 23,
  "td_offset_y": 83,
  "fp": [
    [
      {
        "file": "Tentacle/tentfp_000.png"
      },
      {
        "file": "Tentacle/tentfp_001.png"
      },
      {
        "file": "Tentacle/tentfp_002.png"
	  },
      {
        "file": "Tentacle/tentfp_003.png"
	  },
      {
        "file": "Tentacle/tentfp_004.png"
	  },
      {
        "file": "Tentacle/tentfp_005.png"
	  },
      {
        "file": "Tentacle/tentfp_006.png"
	  },
      {
        "file": "Tentacle/tentfp_007.png"
	  },
      {
        "file": "Tentacle/tentfp_008.png"
	  },
      {
        "file": "Tentacle/tentfp_009.png"
      }
    ]
  ],
  "td": [
    [
      {
        "file": "Tentacle/tentacletest_000.png"
      },
      {
        "file": "Tentacle/tentacletest_001.png"
      },
      {
        "file": "Tentacle/tentacletest_002.png"
	  },
      {
        "file": "Tentacle/tentacletest_003.png"
	  },
      {
        "file": "Tentacle/tentacletest_004.png"
	  },
      {
        "file": "Tentacle/tentacletest_005.png"
	  },
      {
        "file": "Tentacle/tentacletest_006.png"
	  },
      {
        "file": "Tentacle/tentacletest_007.png"
	  },
      {
        "file": "Tentacle/tentacletest_008.png"
	  },
      {
        "file": "Tentacle/tentacletest_009.png"
      }
    ]
  ]
}
]
