[
	{
		"name": "DARK_PRIEST_STAND",
		"rotatable": true,
		"fp_offset_x": 39,
		"fp_offset_y": 77,
		"td_offset_x": 39,
		"td_offset_y": 62,
		"fp": [
			[
				{
					"file": "stand_fp/rotation01_frame01.png"
				}
			],
			[
				{
					"file": "stand_fp/rotation02_frame01.png"
				}
			],
			[
				{
					"file": "stand_fp/rotation03_frame01.png"
				}
			],
			[
				{
					"file": "stand_fp/rotation04_frame01.png"
				}
			],
			[
				{
					"file": "stand_fp/rotation05_frame01.png"
				}
			]
		],
		"td": [
			[
				{
					"file": "stand_td/rotation01_frame01.png"
				}
			],
			[
				{
					"file": "stand_td/rotation02_frame01.png"
				}
			],
			[
				{
					"file": "stand_td/rotation03_frame01.png"
				}
			],
			[
				{
					"file": "stand_td/rotation04_frame01.png"
				}
			],
			[
				{
					"file": "stand_td/rotation05_frame01.png"
				}
			]
		]
	},
	{
		"name": "DARK_PRIEST_AMBULATE",
		"rotatable": true,
		"fp_offset_x": 39,
		"fp_offset_y": 77,
		"td_offset_x": 39,
		"td_offset_y": 62,
		"fp": [
			[
				{
					"file": "ambulate_fp/rotation01_frame01.png"
				},
				{
					"file": "ambulate_fp/rotation01_frame02.png"
				},
				{
					"file": "ambulate_fp/rotation01_frame03.png"
				},
				{
					"file": "ambulate_fp/rotation01_frame04.png"
				},
				{
					"file": "ambulate_fp/rotation01_frame05.png"
				},
				{
					"file": "ambulate_fp/rotation01_frame06.png"
				},
				{
					"file": "ambulate_fp/rotation01_frame07.png"
				},
				{
					"file": "ambulate_fp/rotation01_frame08.png"
				},
				{
					"file": "ambulate_fp/rotation01_frame09.png"
				},
				{
					"file": "ambulate_fp/rotation01_frame10.png"
				},
				{
					"file": "ambulate_fp/rotation01_frame11.png"
				},
				{
					"file": "ambulate_fp/rotation01_frame12.png"
				}
			],
			[
				{
					"file": "ambulate_fp/rotation02_frame01.png"
				},
				{
					"file": "ambulate_fp/rotation02_frame02.png"
				},
				{
					"file": "ambulate_fp/rotation02_frame03.png"
				},
				{
					"file": "ambulate_fp/rotation02_frame04.png"
				},
				{
					"file": "ambulate_fp/rotation02_frame05.png"
				},
				{
					"file": "ambulate_fp/rotation02_frame06.png"
				},
				{
					"file": "ambulate_fp/rotation02_frame07.png"
				},
				{
					"file": "ambulate_fp/rotation02_frame08.png"
				},
				{
					"file": "ambulate_fp/rotation02_frame09.png"
				},
				{
					"file": "ambulate_fp/rotation02_frame10.png"
				},
				{
					"file": "ambulate_fp/rotation02_frame11.png"
				},
				{
					"file": "ambulate_fp/rotation02_frame12.png"
				}
			],
			[
				{
					"file": "ambulate_fp/rotation03_frame01.png"
				},
				{
					"file": "ambulate_fp/rotation03_frame02.png"
				},
				{
					"file": "ambulate_fp/rotation03_frame03.png"
				},
				{
					"file": "ambulate_fp/rotation03_frame04.png"
				},
				{
					"file": "ambulate_fp/rotation03_frame05.png"
				},
				{
					"file": "ambulate_fp/rotation03_frame06.png"
				},
				{
					"file": "ambulate_fp/rotation03_frame07.png"
				},
				{
					"file": "ambulate_fp/rotation03_frame08.png"
				},
				{
					"file": "ambulate_fp/rotation03_frame09.png"
				},
				{
					"file": "ambulate_fp/rotation03_frame10.png"
				},
				{
					"file": "ambulate_fp/rotation03_frame11.png"
				},
				{
					"file": "ambulate_fp/rotation03_frame12.png"
				}
			],
			[
				{
					"file": "ambulate_fp/rotation04_frame01.png"
				},
				{
					"file": "ambulate_fp/rotation04_frame02.png"
				},
				{
					"file": "ambulate_fp/rotation04_frame03.png"
				},
				{
					"file": "ambulate_fp/rotation04_frame04.png"
				},
				{
					"file": "ambulate_fp/rotation04_frame05.png"
				},
				{
					"file": "ambulate_fp/rotation04_frame06.png"
				},
				{
					"file": "ambulate_fp/rotation04_frame07.png"
				},
				{
					"file": "ambulate_fp/rotation04_frame08.png"
				},
				{
					"file": "ambulate_fp/rotation04_frame09.png"
				},
				{
					"file": "ambulate_fp/rotation04_frame10.png"
				},
				{
					"file": "ambulate_fp/rotation04_frame11.png"
				},
				{
					"file": "ambulate_fp/rotation04_frame12.png"
				}
			],
			[
				{
					"file": "ambulate_fp/rotation05_frame01.png"
				},
				{
					"file": "ambulate_fp/rotation05_frame02.png"
				},
				{
					"file": "ambulate_fp/rotation05_frame03.png"
				},
				{
					"file": "ambulate_fp/rotation05_frame04.png"
				},
				{
					"file": "ambulate_fp/rotation05_frame05.png"
				},
				{
					"file": "ambulate_fp/rotation05_frame06.png"
				},
				{
					"file": "ambulate_fp/rotation05_frame07.png"
				},
				{
					"file": "ambulate_fp/rotation05_frame08.png"
				},
				{
					"file": "ambulate_fp/rotation05_frame09.png"
				},
				{
					"file": "ambulate_fp/rotation05_frame10.png"
				},
				{
					"file": "ambulate_fp/rotation05_frame11.png"
				},
				{
					"file": "ambulate_fp/rotation05_frame12.png"
				}
			]
		],
		"td": [
			[
				{
					"file": "ambulate_td/rotation01_frame01.png"
				},
				{
					"file": "ambulate_td/rotation01_frame02.png"
				},
				{
					"file": "ambulate_td/rotation01_frame03.png"
				},
				{
					"file": "ambulate_td/rotation01_frame04.png"
				},
				{
					"file": "ambulate_td/rotation01_frame05.png"
				},
				{
					"file": "ambulate_td/rotation01_frame06.png"
				},
				{
					"file": "ambulate_td/rotation01_frame07.png"
				},
				{
					"file": "ambulate_td/rotation01_frame08.png"
				},
				{
					"file": "ambulate_td/rotation01_frame09.png"
				},
				{
					"file": "ambulate_td/rotation01_frame10.png"
				},
				{
					"file": "ambulate_td/rotation01_frame11.png"
				},
				{
					"file": "ambulate_td/rotation01_frame12.png"
				}
			],
			[
				{
					"file": "ambulate_td/rotation02_frame01.png"
				},
				{
					"file": "ambulate_td/rotation02_frame02.png"
				},
				{
					"file": "ambulate_td/rotation02_frame03.png"
				},
				{
					"file": "ambulate_td/rotation02_frame04.png"
				},
				{
					"file": "ambulate_td/rotation02_frame05.png"
				},
				{
					"file": "ambulate_td/rotation02_frame06.png"
				},
				{
					"file": "ambulate_td/rotation02_frame07.png"
				},
				{
					"file": "ambulate_td/rotation02_frame08.png"
				},
				{
					"file": "ambulate_td/rotation02_frame09.png"
				},
				{
					"file": "ambulate_td/rotation02_frame10.png"
				},
				{
					"file": "ambulate_td/rotation02_frame11.png"
				},
				{
					"file": "ambulate_td/rotation02_frame12.png"
				}
			],
			[
				{
					"file": "ambulate_td/rotation03_frame01.png"
				},
				{
					"file": "ambulate_td/rotation03_frame02.png"
				},
				{
					"file": "ambulate_td/rotation03_frame03.png"
				},
				{
					"file": "ambulate_td/rotation03_frame04.png"
				},
				{
					"file": "ambulate_td/rotation03_frame05.png"
				},
				{
					"file": "ambulate_td/rotation03_frame06.png"
				},
				{
					"file": "ambulate_td/rotation03_frame07.png"
				},
				{
					"file": "ambulate_td/rotation03_frame08.png"
				},
				{
					"file": "ambulate_td/rotation03_frame09.png"
				},
				{
					"file": "ambulate_td/rotation03_frame10.png"
				},
				{
					"file": "ambulate_td/rotation03_frame11.png"
				},
				{
					"file": "ambulate_td/rotation03_frame12.png"
				}
			],
			[
				{
					"file": "ambulate_td/rotation04_frame01.png"
				},
				{
					"file": "ambulate_td/rotation04_frame02.png"
				},
				{
					"file": "ambulate_td/rotation04_frame03.png"
				},
				{
					"file": "ambulate_td/rotation04_frame04.png"
				},
				{
					"file": "ambulate_td/rotation04_frame05.png"
				},
				{
					"file": "ambulate_td/rotation04_frame06.png"
				},
				{
					"file": "ambulate_td/rotation04_frame07.png"
				},
				{
					"file": "ambulate_td/rotation04_frame08.png"
				},
				{
					"file": "ambulate_td/rotation04_frame09.png"
				},
				{
					"file": "ambulate_td/rotation04_frame10.png"
				},
				{
					"file": "ambulate_td/rotation04_frame11.png"
				},
				{
					"file": "ambulate_td/rotation04_frame12.png"
				}
			],
			[
				{
					"file": "ambulate_td/rotation05_frame01.png"
				},
				{
					"file": "ambulate_td/rotation05_frame02.png"
				},
				{
					"file": "ambulate_td/rotation05_frame03.png"
				},
				{
					"file": "ambulate_td/rotation05_frame04.png"
				},
				{
					"file": "ambulate_td/rotation05_frame05.png"
				},
				{
					"file": "ambulate_td/rotation05_frame06.png"
				},
				{
					"file": "ambulate_td/rotation05_frame07.png"
				},
				{
					"file": "ambulate_td/rotation05_frame08.png"
				},
				{
					"file": "ambulate_td/rotation05_frame09.png"
				},
				{
					"file": "ambulate_td/rotation05_frame10.png"
				},
				{
					"file": "ambulate_td/rotation05_frame11.png"
				},
				{
					"file": "ambulate_td/rotation05_frame12.png"
				}
			]
		]
	},
	{
		"name": "DARK_PRIEST_ATTACK",
		"rotatable": true,
		"fp_offset_x": 39,
		"fp_offset_y": 77,
		"td_offset_x": 39,
		"td_offset_y": 62,
		"fp": [
			[
				{
					"file": "attack_fp/rotation01_frame01.png"
				},
				{
					"file": "attack_fp/rotation01_frame02.png"
				},
				{
					"file": "attack_fp/rotation01_frame03.png"
				},
				{
					"file": "attack_fp/rotation01_frame04.png"
				},
				{
					"file": "attack_fp/rotation01_frame05.png"
				},
				{
					"file": "attack_fp/rotation01_frame06.png"
				},
				{
					"file": "attack_fp/rotation01_frame07.png"
				},
				{
					"file": "attack_fp/rotation01_frame08.png"
				},
				{
					"file": "attack_fp/rotation01_frame09.png"
				},
				{
					"file": "attack_fp/rotation01_frame10.png"
				}
			],
			[
				{
					"file": "attack_fp/rotation02_frame01.png"
				},
				{
					"file": "attack_fp/rotation02_frame02.png"
				},
				{
					"file": "attack_fp/rotation02_frame03.png"
				},
				{
					"file": "attack_fp/rotation02_frame04.png"
				},
				{
					"file": "attack_fp/rotation02_frame05.png"
				},
				{
					"file": "attack_fp/rotation02_frame06.png"
				},
				{
					"file": "attack_fp/rotation02_frame07.png"
				},
				{
					"file": "attack_fp/rotation02_frame08.png"
				},
				{
					"file": "attack_fp/rotation02_frame09.png"
				},
				{
					"file": "attack_fp/rotation02_frame10.png"
				}
			],
			[
				{
					"file": "attack_fp/rotation03_frame01.png"
				},
				{
					"file": "attack_fp/rotation03_frame02.png"
				},
				{
					"file": "attack_fp/rotation03_frame03.png"
				},
				{
					"file": "attack_fp/rotation03_frame04.png"
				},
				{
					"file": "attack_fp/rotation03_frame05.png"
				},
				{
					"file": "attack_fp/rotation03_frame06.png"
				},
				{
					"file": "attack_fp/rotation03_frame07.png"
				},
				{
					"file": "attack_fp/rotation03_frame08.png"
				},
				{
					"file": "attack_fp/rotation03_frame09.png"
				},
				{
					"file": "attack_fp/rotation03_frame10.png"
				}
			],
			[
				{
					"file": "attack_fp/rotation04_frame01.png"
				},
				{
					"file": "attack_fp/rotation04_frame02.png"
				},
				{
					"file": "attack_fp/rotation04_frame03.png"
				},
				{
					"file": "attack_fp/rotation04_frame04.png"
				},
				{
					"file": "attack_fp/rotation04_frame05.png"
				},
				{
					"file": "attack_fp/rotation04_frame06.png"
				},
				{
					"file": "attack_fp/rotation04_frame07.png"
				},
				{
					"file": "attack_fp/rotation04_frame08.png"
				},
				{
					"file": "attack_fp/rotation04_frame09.png"
				},
				{
					"file": "attack_fp/rotation04_frame10.png"
				}
			],
			[
				{
					"file": "attack_fp/rotation05_frame01.png"
				},
				{
					"file": "attack_fp/rotation05_frame02.png"
				},
				{
					"file": "attack_fp/rotation05_frame03.png"
				},
				{
					"file": "attack_fp/rotation05_frame04.png"
				},
				{
					"file": "attack_fp/rotation05_frame05.png"
				},
				{
					"file": "attack_fp/rotation05_frame06.png"
				},
				{
					"file": "attack_fp/rotation05_frame07.png"
				},
				{
					"file": "attack_fp/rotation05_frame08.png"
				},
				{
					"file": "attack_fp/rotation05_frame09.png"
				},
				{
					"file": "attack_fp/rotation05_frame10.png"
				}
			]
		],
		"td": [
			[
				{
					"file": "attack_td/rotation01_frame01.png"
				},
				{
					"file": "attack_td/rotation01_frame02.png"
				},
				{
					"file": "attack_td/rotation01_frame03.png"
				},
				{
					"file": "attack_td/rotation01_frame04.png"
				},
				{
					"file": "attack_td/rotation01_frame05.png"
				},
				{
					"file": "attack_td/rotation01_frame06.png"
				},
				{
					"file": "attack_td/rotation01_frame07.png"
				},
				{
					"file": "attack_td/rotation01_frame08.png"
				},
				{
					"file": "attack_td/rotation01_frame09.png"
				},
				{
					"file": "attack_td/rotation01_frame10.png"
				}
			],
			[
				{
					"file": "attack_td/rotation02_frame01.png"
				},
				{
					"file": "attack_td/rotation02_frame02.png"
				},
				{
					"file": "attack_td/rotation02_frame03.png"
				},
				{
					"file": "attack_td/rotation02_frame04.png"
				},
				{
					"file": "attack_td/rotation02_frame05.png"
				},
				{
					"file": "attack_td/rotation02_frame06.png"
				},
				{
					"file": "attack_td/rotation02_frame07.png"
				},
				{
					"file": "attack_td/rotation02_frame08.png"
				},
				{
					"file": "attack_td/rotation02_frame09.png"
				},
				{
					"file": "attack_td/rotation02_frame10.png"
				}
			],
			[
				{
					"file": "attack_td/rotation03_frame01.png"
				},
				{
					"file": "attack_td/rotation03_frame02.png"
				},
				{
					"file": "attack_td/rotation03_frame03.png"
				},
				{
					"file": "attack_td/rotation03_frame04.png"
				},
				{
					"file": "attack_td/rotation03_frame05.png"
				},
				{
					"file": "attack_td/rotation03_frame06.png"
				},
				{
					"file": "attack_td/rotation03_frame07.png"
				},
				{
					"file": "attack_td/rotation03_frame08.png"
				},
				{
					"file": "attack_td/rotation03_frame09.png"
				},
				{
					"file": "attack_td/rotation03_frame10.png"
				}
			],
			[
				{
					"file": "attack_td/rotation04_frame01.png"
				},
				{
					"file": "attack_td/rotation04_frame02.png"
				},
				{
					"file": "attack_td/rotation04_frame03.png"
				},
				{
					"file": "attack_td/rotation04_frame04.png"
				},
				{
					"file": "attack_td/rotation04_frame05.png"
				},
				{
					"file": "attack_td/rotation04_frame06.png"
				},
				{
					"file": "attack_td/rotation04_frame07.png"
				},
				{
					"file": "attack_td/rotation04_frame08.png"
				},
				{
					"file": "attack_td/rotation04_frame09.png"
				},
				{
					"file": "attack_td/rotation04_frame10.png"
				}
			],
			[
				{
					"file": "attack_td/rotation05_frame01.png"
				},
				{
					"file": "attack_td/rotation05_frame02.png"
				},
				{
					"file": "attack_td/rotation05_frame03.png"
				},
				{
					"file": "attack_td/rotation05_frame04.png"
				},
				{
					"file": "attack_td/rotation05_frame05.png"
				},
				{
					"file": "attack_td/rotation05_frame06.png"
				},
				{
					"file": "attack_td/rotation05_frame07.png"
				},
				{
					"file": "attack_td/rotation05_frame08.png"
				},
				{
					"file": "attack_td/rotation05_frame09.png"
				},
				{
					"file": "attack_td/rotation05_frame10.png"
				}
			]
		]
	},
	{
	"name": "DARK_PRIEST_POWERGRAB",
	"rotatable": false,
	"fp_offset_x": 60,
	"fp_offset_y": 119,
	"td_offset_x": 60,
	"td_offset_y": 96,
	"fp": [
		[
			{
				"file": "powergrab_fp/rotation02_frame01.png"
			},
			{
				"file": "powergrab_fp/rotation02_frame02.png"
			},
			{
				"file": "powergrab_fp/rotation02_frame03.png"
			},
			{
				"file": "powergrab_fp/rotation02_frame04.png"
			},
			{
				"file": "powergrab_fp/rotation02_frame05.png"
			},
			{
				"file": "powergrab_fp/rotation02_frame06.png"
			},
			{
				"file": "powergrab_fp/rotation02_frame07.png"
			},
			{
				"file": "powergrab_fp/rotation02_frame08.png"
			},
			{
				"file": "powergrab_fp/rotation02_frame09.png"
			}
		]
	],
	"td": [
		[
			{
				"file": "powergrab_td/rotation02_frame01.png"
			},
			{
				"file": "powergrab_td/rotation02_frame02.png"
			},
			{
				"file": "powergrab_td/rotation02_frame03.png"
			},
			{
				"file": "powergrab_td/rotation02_frame04.png"
			},
			{
				"file": "powergrab_td/rotation02_frame05.png"
			},
			{
				"file": "powergrab_td/rotation02_frame06.png"
			},
			{
				"file": "powergrab_td/rotation02_frame07.png"
			},
			{
				"file": "powergrab_td/rotation02_frame08.png"
			},
			{
				"file": "powergrab_td/rotation02_frame09.png"
			}
		]
	]
},
{
	"name": "DARK_PRIEST_EATCHICKEN",
	"rotatable": false,
	"fp_offset_x": 39,
	"fp_offset_y": 77,
	"td_offset_x": 39,
	"td_offset_y": 62,
	"fp": [
		[
			{
				"file": "eatchicken_fp/rotation01_frame01.png"
			},
			{
				"file": "eatchicken_fp/rotation01_frame02.png"
			},
			{
				"file": "eatchicken_fp/rotation01_frame03.png"
			},
			{
				"file": "eatchicken_fp/rotation01_frame04.png"
			},
			{
				"file": "eatchicken_fp/rotation01_frame05.png"
			}
		]
	],
	"td": [
		[
			{
				"file": "eatchicken_td/rotation01_frame01.png"
			},
			{
				"file": "eatchicken_td/rotation01_frame02.png"
			},
			{
				"file": "eatchicken_td/rotation01_frame03.png"
			},
			{
				"file": "eatchicken_td/rotation01_frame04.png"
			},
			{
				"file": "eatchicken_td/rotation01_frame05.png"
			}
		]
	]
},
{
		"name": "DARK_PRIEST_GOTHIT",
		"rotatable": true,
		"fp_offset_x": 39,
		"fp_offset_y": 77,
		"td_offset_x": 39,
		"td_offset_y": 62,
		"fp": [
			[
				{
					"file": "gothit_fp/rotation01_frame01.png"
				}
			],
			[
				{
					"file": "gothit_fp/rotation02_frame01.png"
				}
			],
			[
				{
					"file": "gothit_fp/rotation03_frame01.png"
				}
			],
			[
				{
					"file": "gothit_fp/rotation04_frame01.png"
				}
			],
			[
				{
					"file": "gothit_fp/rotation05_frame01.png"
				}
			]
		],
		"td": [
			[
				{
					"file": "gothit_td/rotation01_frame01.png"
				}
			],
			[
				{
					"file": "gothit_td/rotation02_frame01.png"
				}
			],
			[
				{
					"file": "gothit_td/rotation03_frame01.png"
				}
			],
			[
				{
					"file": "gothit_td/rotation04_frame01.png"
				}
			],
			[
				{
					"file": "gothit_td/rotation05_frame01.png"
				}
			]
		]
	},
	{
		"name": "DARK_PRIEST_GOTSLAPPED",
		"rotatable": true,
		"fp_offset_x": 39,
		"fp_offset_y": 77,
		"td_offset_x": 39,
		"td_offset_y": 62,
		"fp": [
			[
				{
					"file": "gotslapped_fp/rotation01_frame03.png"
				}
			],
			[
				{
					"file": "gotslapped_fp/rotation02_frame03.png"
				}
			],
			[
				{
					"file": "gotslapped_fp/rotation03_frame03.png"
				}
			],
			[
				{
					"file": "gotslapped_fp/rotation04_frame03.png"
				}
			],
			[
				{
					"file": "gotslapped_fp/rotation05_frame03.png"
				}
			]
		],
		"td": [
			[
				{
					"file": "gotslapped_td/rotation01_frame03.png"
				}
			],
			[
				{
					"file": "gotslapped_td/rotation02_frame03.png"
				}
			],
			[
				{
					"file": "gotslapped_td/rotation03_frame03.png"
				}
			],
			[
				{
					"file": "gotslapped_td/rotation04_frame03.png"
				}
			],
			[
				{
					"file": "gotslapped_td/rotation05_frame03.png"
				}
			]
		]
	},
	{
		"name": "DARK_PRIEST_CELEBRATE",
		"rotatable": false,
		"fp_offset_x": 39,
		"fp_offset_y": 77,
		"td_offset_x": 39,
		"td_offset_y": 62,
		"fp": [
			[
				{
					"file": "celebrate_fp/rotation01_frame01.png"
				},
				{
					"file": "celebrate_fp/rotation01_frame02.png"
				},
				{
					"file": "celebrate_fp/rotation01_frame03.png"
				},
				{
					"file": "celebrate_fp/rotation01_frame04.png"
				},
				{
					"file": "celebrate_fp/rotation01_frame05.png"
				},
				{
					"file": "celebrate_fp/rotation01_frame06.png"
				}
			]
		],
		"td": [
			[
				{
					"file": "celebrate_td/rotation01_frame01.png"
				},
				{
					"file": "celebrate_td/rotation01_frame02.png"
				},
				{
					"file": "celebrate_td/rotation01_frame03.png"
				},
				{
					"file": "celebrate_td/rotation01_frame04.png"
				},
				{
					"file": "celebrate_td/rotation01_frame05.png"
				},
				{
					"file": "celebrate_td/rotation01_frame06.png"
				}
			]
		]
	},
	{
		"name": "DARK_PRIEST_SLEEP",
		"rotatable": false,
		"fp_offset_x": 39,
		"fp_offset_y": 77,
		"td_offset_x": 44,
		"td_offset_y": 62,
		"fp": [
			[
				{
					"file": "sleep_fp/rotation01_frame01.png"
				},
				{
					"file": "sleep_fp/rotation01_frame02.png"
				},
				{
					"file": "sleep_fp/rotation01_frame03.png"
				},
				{
					"file": "sleep_fp/rotation01_frame04.png"
				},
				{
					"file": "sleep_fp/rotation01_frame05.png"
				},
				{
					"file": "sleep_fp/rotation01_frame06.png"
				}
			]
		],
		"td": [
			[
				{
					"file": "sleep_td/rotation01_frame01.png"
				},
				{
					"file": "sleep_td/rotation01_frame02.png"
				},
				{
					"file": "sleep_td/rotation01_frame03.png"
				},
				{
					"file": "sleep_td/rotation01_frame04.png"
				},
				{
					"file": "sleep_td/rotation01_frame05.png"
				},
				{
					"file": "sleep_td/rotation01_frame06.png"
				}
			]
		]
	},
	{
		"name": "DARK_PRIEST_SCREAM",
		"rotatable": false,
		"fp_offset_x": 39,
		"fp_offset_y": 77,
		"td_offset_x": 39,
		"td_offset_y": 62,
		"fp": [
			[
				{
					"file": "scream_fp/rotation01_frame01.png"
				},
				{
					"file": "scream_fp/rotation01_frame02.png"
				},
				{
					"file": "scream_fp/rotation01_frame03.png"
				},
				{
					"file": "scream_fp/rotation01_frame04.png"
				},
				{
					"file": "scream_fp/rotation01_frame05.png"
				}
			]
		],
		"td": [
			[
				{
					"file": "scream_td/rotation01_frame01.png"
				},
				{
					"file": "scream_td/rotation01_frame02.png"
				},
				{
					"file": "scream_td/rotation01_frame03.png"
				},
				{
					"file": "scream_td/rotation01_frame04.png"
				},
				{
					"file": "scream_td/rotation01_frame05.png"
				}
			]
		]
	},
	{
		"name": "DARK_PRIEST_RELAX",
		"rotatable": true,
		"fp_offset_x": 39,
		"fp_offset_y": 77,
		"td_offset_x": 39,
		"td_offset_y": 62,
		"fp": [
			[
				{
					"file": "relax_fp/rotation01_frame01.png"
				},
				{
					"file": "relax_fp/rotation01_frame02.png"
				},
				{
					"file": "relax_fp/rotation01_frame03.png"
				},
				{
					"file": "relax_fp/rotation01_frame04.png"
				},
				{
					"file": "relax_fp/rotation01_frame05.png"
				},
				{
					"file": "relax_fp/rotation01_frame06.png"
				},
				{
					"file": "relax_fp/rotation01_frame07.png"
				},
				{
					"file": "relax_fp/rotation01_frame08.png"
				},
				{
					"file": "relax_fp/rotation01_frame09.png"
				},
				{
					"file": "relax_fp/rotation01_frame10.png"
				}
			],
			[
				{
					"file": "relax_fp/rotation02_frame01.png"
				},
				{
					"file": "relax_fp/rotation02_frame02.png"
				},
				{
					"file": "relax_fp/rotation02_frame03.png"
				},
				{
					"file": "relax_fp/rotation02_frame04.png"
				},
				{
					"file": "relax_fp/rotation02_frame05.png"
				},
				{
					"file": "relax_fp/rotation02_frame06.png"
				},
				{
					"file": "relax_fp/rotation02_frame07.png"
				},
				{
					"file": "relax_fp/rotation02_frame08.png"
				},
				{
					"file": "relax_fp/rotation02_frame09.png"
				},
				{
					"file": "relax_fp/rotation02_frame10.png"
				}
			],
			[
				{
					"file": "relax_fp/rotation03_frame01.png"
				},
				{
					"file": "relax_fp/rotation03_frame02.png"
				},
				{
					"file": "relax_fp/rotation03_frame03.png"
				},
				{
					"file": "relax_fp/rotation03_frame04.png"
				},
				{
					"file": "relax_fp/rotation03_frame05.png"
				},
				{
					"file": "relax_fp/rotation03_frame06.png"
				},
				{
					"file": "relax_fp/rotation03_frame07.png"
				},
				{
					"file": "relax_fp/rotation03_frame08.png"
				},
				{
					"file": "relax_fp/rotation03_frame09.png"
				},
				{
					"file": "relax_fp/rotation03_frame10.png"
				}
			],
			[
				{
					"file": "relax_fp/rotation04_frame01.png"
				},
				{
					"file": "relax_fp/rotation04_frame02.png"
				},
				{
					"file": "relax_fp/rotation04_frame03.png"
				},
				{
					"file": "relax_fp/rotation04_frame04.png"
				},
				{
					"file": "relax_fp/rotation04_frame05.png"
				},
				{
					"file": "relax_fp/rotation04_frame06.png"
				},
				{
					"file": "relax_fp/rotation04_frame07.png"
				},
				{
					"file": "relax_fp/rotation04_frame08.png"
				},
				{
					"file": "relax_fp/rotation04_frame09.png"
				},
				{
					"file": "relax_fp/rotation04_frame10.png"
				}
			],
			[
				{
					"file": "relax_fp/rotation05_frame01.png"
				},
				{
					"file": "relax_fp/rotation05_frame02.png"
				},
				{
					"file": "relax_fp/rotation05_frame03.png"
				},
				{
					"file": "relax_fp/rotation05_frame04.png"
				},
				{
					"file": "relax_fp/rotation05_frame05.png"
				},
				{
					"file": "relax_fp/rotation05_frame06.png"
				},
				{
					"file": "relax_fp/rotation05_frame07.png"
				},
				{
					"file": "relax_fp/rotation05_frame08.png"
				},
				{
					"file": "relax_fp/rotation05_frame09.png"
				},
				{
					"file": "relax_fp/rotation05_frame10.png"
				}
			]
		],
		"td": [
			[
				{
					"file": "relax_td/rotation01_frame01.png"
				},
				{
					"file": "relax_td/rotation01_frame02.png"
				},
				{
					"file": "relax_td/rotation01_frame03.png"
				},
				{
					"file": "relax_td/rotation01_frame04.png"
				},
				{
					"file": "relax_td/rotation01_frame05.png"
				},
				{
					"file": "relax_td/rotation01_frame06.png"
				},
				{
					"file": "relax_td/rotation01_frame07.png"
				},
				{
					"file": "relax_td/rotation01_frame08.png"
				},
				{
					"file": "relax_td/rotation01_frame09.png"
				},
				{
					"file": "relax_td/rotation01_frame10.png"
				}
			],
			[
				{
					"file": "relax_td/rotation02_frame01.png"
				},
				{
					"file": "relax_td/rotation02_frame02.png"
				},
				{
					"file": "relax_td/rotation02_frame03.png"
				},
				{
					"file": "relax_td/rotation02_frame04.png"
				},
				{
					"file": "relax_td/rotation02_frame05.png"
				},
				{
					"file": "relax_td/rotation02_frame06.png"
				},
				{
					"file": "relax_td/rotation02_frame07.png"
				},
				{
					"file": "relax_td/rotation02_frame08.png"
				},
				{
					"file": "relax_td/rotation02_frame09.png"
				},
				{
					"file": "relax_td/rotation02_frame10.png"
				}
			],
			[
				{
					"file": "relax_td/rotation03_frame01.png"
				},
				{
					"file": "relax_td/rotation03_frame02.png"
				},
				{
					"file": "relax_td/rotation03_frame03.png"
				},
				{
					"file": "relax_td/rotation03_frame04.png"
				},
				{
					"file": "relax_td/rotation03_frame05.png"
				},
				{
					"file": "relax_td/rotation03_frame06.png"
				},
				{
					"file": "relax_td/rotation03_frame07.png"
				},
				{
					"file": "relax_td/rotation03_frame08.png"
				},
				{
					"file": "relax_td/rotation03_frame09.png"
				},
				{
					"file": "relax_td/rotation03_frame10.png"
				}
			],
			[
				{
					"file": "relax_td/rotation04_frame01.png"
				},
				{
					"file": "relax_td/rotation04_frame02.png"
				},
				{
					"file": "relax_td/rotation04_frame03.png"
				},
				{
					"file": "relax_td/rotation04_frame04.png"
				},
				{
					"file": "relax_td/rotation04_frame05.png"
				},
				{
					"file": "relax_td/rotation04_frame06.png"
				},
				{
					"file": "relax_td/rotation04_frame07.png"
				},
				{
					"file": "relax_td/rotation04_frame08.png"
				},
				{
					"file": "relax_td/rotation04_frame09.png"
				},
				{
					"file": "relax_td/rotation04_frame10.png"
				}
			],
			[
				{
					"file": "relax_td/rotation05_frame01.png"
				},
				{
					"file": "relax_td/rotation05_frame02.png"
				},
				{
					"file": "relax_td/rotation05_frame03.png"
				},
				{
					"file": "relax_td/rotation05_frame04.png"
				},
				{
					"file": "relax_td/rotation05_frame05.png"
				},
				{
					"file": "relax_td/rotation05_frame06.png"
				},
				{
					"file": "relax_td/rotation05_frame07.png"
				},
				{
					"file": "relax_td/rotation05_frame08.png"
				},
				{
					"file": "relax_td/rotation05_frame09.png"
				},
				{
					"file": "relax_td/rotation05_frame10.png"
				}
			]
		]
	},
	{
		"name": "DARK_PRIEST_LAIR",
		"rotatable": false,
		"fp_offset_x": 39,
		"fp_offset_y": 77,
		"td_offset_x": 39,
		"td_offset_y": 62,
		"fp": [
			[
				{
					"file": "lair_fp/rotation02_frame01.png"
				}
			]
		],
		"td": [
			[
				{
					"file": "lair_td/rotation02_frame01.png"
				}
			]
		]
	},
	{
		"name": "DARK_PRIEST_DROPDEAD",
		"rotatable": false,
		"fp_offset_x": 39,
		"fp_offset_y": 77,
		"td_offset_x": 39,
		"td_offset_y": 62,
		"fp": [
			[
				{
					"file": "dropdead_fp/rotation01_frame01.png"
				},
				{
					"file": "dropdead_fp/rotation01_frame02.png"
				},
				{
					"file": "dropdead_fp/rotation01_frame03.png"
				},
				{
					"file": "dropdead_fp/rotation01_frame04.png"
				},
				{
					"file": "dropdead_fp/rotation01_frame05.png"
				}
			]
		],
		"td": [
			[
				{
					"file": "dropdead_td/rotation01_frame01.png"
				},
				{
					"file": "dropdead_td/rotation01_frame02.png"
				},
				{
					"file": "dropdead_td/rotation01_frame03.png"
				},
				{
					"file": "dropdead_td/rotation01_frame04.png"
				},
				{
					"file": "dropdead_td/rotation01_frame05.png"
				}
			]
		]
	}
]