[
	{
		"name": "FIRE_CAMP",
		"rotatable": false,
		"fp_offset_x": 53,
		"fp_offset_y": 87,
		"td_offset_x": 53,
		"td_offset_y": 83,
		"fp": [
			[
				{
					"file": "fuoco01.png"
				},
				{
					"file": "fuoco02.png"
				},
				{
					"file": "fuoco03.png"
				},
				{
					"file": "fuoco04.png"
				},
				{
					"file": "fuoco05.png"
				},
				{
					"file": "fuoco06.png"
				},
				{
					"file": "fuoco07.png"
				},
				{
					"file": "fuoco08.png"
				},
				{
					"file": "fuoco09.png"
				},
				{
					"file": "fuoco10.png"
				},
				{
					"file": "fuoco11.png"
				},
				{
					"file": "fuoco12.png"
				},
				{
					"file": "fuoco13.png"
				}
			]
		],
		"td": [
			[
				{
					"file": "fuoco_top01.png"
				},
				{
					"file": "fuoco_top02.png"
				},
				{
					"file": "fuoco_top03.png"
				},
				{
					"file": "fuoco_top04.png"
				},
				{
					"file": "fuoco_top05.png"
				},
				{
					"file": "fuoco_top06.png"
				},
				{
					"file": "fuoco_top07.png"
				},
				{
					"file": "fuoco_top08.png"
				},
				{
					"file": "fuoco_top09.png"
				},
				{
					"file": "fuoco_top10.png"
				},
				{
					"file": "fuoco_top11.png"
				},
				{
					"file": "fuoco_top12.png"
				},
				{
					"file": "fuoco_top13.png"
				}
			]
		]
	}
]