[
    {
        "name": "toadattack",
        "rotatable": true,
        "fp_offset_x": 41,
        "fp_offset_y": 80,
        "td_offset_x": 40,
        "td_offset_y": 80,
        "fp": [
            [
                {
                    "file": "toadwarrior/attack/FPfront_0001.png"
                },
                {
                    "file": "toadwarrior/attack/FPfront_0002.png"
                },
                {
                    "file": "toadwarrior/attack/FPfront_0003.png"
                },
                {
                    "file": "toadwarrior/attack/FPfront_0004.png"
                },
                {
                    "file": "toadwarrior/attack/FPfront_0005.png"
                },
                {
                    "file": "toadwarrior/attack/FPfront_0006.png"
                }
            ],
            [
                {
                    "file": "toadwarrior/attack/FPrf_0001.png"
                },
                {
                    "file": "toadwarrior/attack/FPrf_0002.png"
                },
                {
                    "file": "toadwarrior/attack/FPrf_0003.png"
                },
                {
                    "file": "toadwarrior/attack/FPrf_0004.png"
                },
                {
                    "file": "toadwarrior/attack/FPrf_0005.png"
                },
                {
                    "file": "toadwarrior/attack/FPrf_0006.png"
                }
            ],
            [
                {
                    "file": "toadwarrior/attack/FPright_0001.png"
                },
                {
                    "file": "toadwarrior/attack/FPright_0002.png"
                },
                {
                    "file": "toadwarrior/attack/FPright_0003.png"
                },
                {
                    "file": "toadwarrior/attack/FPright_0004.png"
                },
                {
                    "file": "toadwarrior/attack/FPright_0005.png"
                },
                {
                    "file": "toadwarrior/attack/FPright_0006.png"
                }
            ],
            [
                {
                    "file": "toadwarrior/attack/FPrb_0001.png"
                },
                {
                    "file": "toadwarrior/attack/FPrb_0002.png"
                },
                {
                    "file": "toadwarrior/attack/FPrb_0003.png"
                },
                {
                    "file": "toadwarrior/attack/FPrb_0004.png"
                },
                {
                    "file": "toadwarrior/attack/FPrb_0005.png"
                },
                {
                    "file": "toadwarrior/attack/FPrb_0006.png"
                }
            ],
            [
                {
                    "file": "toadwarrior/attack/FPback_0001.png"
                },
                {
                    "file": "toadwarrior/attack/FPback_0002.png"
                },
                {
                    "file": "toadwarrior/attack/FPback_0003.png"
                },
                {
                    "file": "toadwarrior/attack/FPback_0004.png"
                },
                {
                    "file": "toadwarrior/attack/FPback_0005.png"
                },
                {
                    "file": "toadwarrior/attack/FPback_0006.png"
                }
            ]
        ],
        "td": [
            [
                {
                    "file": "toadwarrior/attack/TDfront_0001.png"
                },
                {
                    "file": "toadwarrior/attack/TDfront_0002.png"
                },
                {
                    "file": "toadwarrior/attack/TDfront_0003.png"
                },
                {
                    "file": "toadwarrior/attack/TDfront_0004.png"
                },
                {
                    "file": "toadwarrior/attack/TDfront_0005.png"
                },
                {
                    "file": "toadwarrior/attack/TDfront_0006.png"
                }
            ],
            [
                {
                    "file": "toadwarrior/attack/TDrf_0001.png"
                },
                {
                    "file": "toadwarrior/attack/TDrf_0002.png"
                },
                {
                    "file": "toadwarrior/attack/TDrf_0003.png"
                },
                {
                    "file": "toadwarrior/attack/TDrf_0004.png"
                },
                {
                    "file": "toadwarrior/attack/TDrf_0005.png"
                },
                {
                    "file": "toadwarrior/attack/TDrf_0006.png"
                }
            ],
            [
                {
                    "file": "toadwarrior/attack/TDright_0001.png"
                },
                {
                    "file": "toadwarrior/attack/TDright_0002.png"
                },
                {
                    "file": "toadwarrior/attack/TDright_0003.png"
                },
                {
                    "file": "toadwarrior/attack/TDright_0004.png"
                },
                {
                    "file": "toadwarrior/attack/TDright_0005.png"
                },
                {
                    "file": "toadwarrior/attack/TDright_0006.png"
                }
            ],
            [
                {
                    "file": "toadwarrior/attack/TDrb_0001.png"
                },
                {
                    "file": "toadwarrior/attack/TDrb_0002.png"
                },
                {
                    "file": "toadwarrior/attack/TDrb_0003.png"
                },
                {
                    "file": "toadwarrior/attack/TDrb_0004.png"
                },
                {
                    "file": "toadwarrior/attack/TDrb_0005.png"
                },
                {
                    "file": "toadwarrior/attack/TDrb_0006.png"
                }
            ],
            [
                {
                    "file": "toadwarrior/attack/TDback_0001.png"
                },
                {
                    "file": "toadwarrior/attack/TDback_0002.png"
                },
                {
                    "file": "toadwarrior/attack/TDback_0003.png"
                },
                {
                    "file": "toadwarrior/attack/TDback_0004.png"
                },
                {
                    "file": "toadwarrior/attack/TDback_0005.png"
                },
                {
                    "file": "toadwarrior/attack/TDback_0006.png"
                }
            ]
        ]
    },
    {
        "name": "toadcelebrate",
        "rotatable": true,
        "fp_offset_x": 40,
        "fp_offset_y": 76,
        "td_offset_x": 40,
        "td_offset_y": 67,
        "fp": [
            [
                {
                    "file": "toadwarrior/celebrate/FPfront_0001.png"
                },
                {
                    "file": "toadwarrior/celebrate/FPfront_0002.png"
                },
                {
                    "file": "toadwarrior/celebrate/FPfront_0003.png"
                },
                {
                    "file": "toadwarrior/celebrate/FPfront_0004.png"
                }
            ],
            [
                {
                    "file": "toadwarrior/celebrate/FPrf_0001.png"
                },
                {
                    "file": "toadwarrior/celebrate/FPrf_0002.png"
                },
                {
                    "file": "toadwarrior/celebrate/FPrf_0003.png"
                },
                {
                    "file": "toadwarrior/celebrate/FPrf_0004.png"
                }
            ],
            [
                {
                    "file": "toadwarrior/celebrate/FPright_0001.png"
                },
                {
                    "file": "toadwarrior/celebrate/FPright_0002.png"
                },
                {
                    "file": "toadwarrior/celebrate/FPright_0003.png"
                },
                {
                    "file": "toadwarrior/celebrate/FPright_0004.png"
                }
            ],
            [
                {
                    "file": "toadwarrior/celebrate/FPrb_0001.png"
                },
                {
                    "file": "toadwarrior/celebrate/FPrb_0002.png"
                },
                {
                    "file": "toadwarrior/celebrate/FPrb_0003.png"
                },
                {
                    "file": "toadwarrior/celebrate/FPrb_0004.png"
                }
            ],
            [
                {
                    "file": "toadwarrior/celebrate/FPback_0001.png"
                },
                {
                    "file": "toadwarrior/celebrate/FPback_0002.png"
                },
                {
                    "file": "toadwarrior/celebrate/FPback_0003.png"
                },
                {
                    "file": "toadwarrior/celebrate/FPback_0004.png"
                }
            ]
        ],
        "td": [
            [
                {
                    "file": "toadwarrior/celebrate/TDfront_0001.png"
                },
                {
                    "file": "toadwarrior/celebrate/TDfront_0002.png"
                },
                {
                    "file": "toadwarrior/celebrate/TDfront_0003.png"
                },
                {
                    "file": "toadwarrior/celebrate/TDfront_0004.png"
                }
            ],
            [
                {
                    "file": "toadwarrior/celebrate/TDrf_0001.png"
                },
                {
                    "file": "toadwarrior/celebrate/TDrf_0002.png"
                },
                {
                    "file": "toadwarrior/celebrate/TDrf_0003.png"
                },
                {
                    "file": "toadwarrior/celebrate/TDrf_0004.png"
                }
            ],
            [
                {
                    "file": "toadwarrior/celebrate/TDright_0001.png"
                },
                {
                    "file": "toadwarrior/celebrate/TDright_0002.png"
                },
                {
                    "file": "toadwarrior/celebrate/TDright_0003.png"
                },
                {
                    "file": "toadwarrior/celebrate/TDright_0004.png"
                }
            ],
            [
                {
                    "file": "toadwarrior/celebrate/TDrb_0001.png"
                },
                {
                    "file": "toadwarrior/celebrate/TDrb_0002.png"
                },
                {
                    "file": "toadwarrior/celebrate/TDrb_0003.png"
                },
                {
                    "file": "toadwarrior/celebrate/TDrb_0004.png"
                }
            ],
            [
                {
                    "file": "toadwarrior/celebrate/TDback_0001.png"
                },
                {
                    "file": "toadwarrior/celebrate/TDback_0002.png"
                },
                {
                    "file": "toadwarrior/celebrate/TDback_0003.png"
                },
                {
                    "file": "toadwarrior/celebrate/TDback_0004.png"
                }
            ]
        ]
    },
    {
        "name": "toadcomplain",
        "rotatable": false,
        "fp_offset_x": 40,
        "fp_offset_y": 79,
        "td_offset_x": 40,
        "td_offset_y": 79,
        "fp": [
            [
                {
                    "file": "toadwarrior/complain/FPrf_0001.png"
                },
                {
                    "file": "toadwarrior/complain/FPrf_0002.png"
                },
                {
                    "file": "toadwarrior/complain/FPrf_0003.png"
                },
                {
                    "file": "toadwarrior/complain/FPrf_0004.png"
                }
            ]
        ],
        "td": [
            [
                {
                    "file": "toadwarrior/complain/TDrf_0001.png"
                },
                {
                    "file": "toadwarrior/complain/TDrf_0002.png"
                },
                {
                    "file": "toadwarrior/complain/TDrf_0003.png"
                },
                {
                    "file": "toadwarrior/complain/TDrf_0004.png"
                }
            ]
        ]
    },
    {
        "name": "toaddying",
        "rotatable": false,
        "fp_offset_x": 37,
        "fp_offset_y": 79,
        "td_offset_x": 35,
        "td_offset_y": 64,
        "fp": [
            [
                {
                    "file": "toadwarrior/dying/FPrf_0001.png"
                },
                {
                    "file": "toadwarrior/dying/FPrf_0002.png"
                }
            ]
        ],
        "td": [
            [
                {
                    "file": "toadwarrior/dying/TDrf_0001.png"
                },
                {
                    "file": "toadwarrior/dying/TDrf_0002.png"
                }
            ]
        ]
    },
    {
        "name": "toadhit",
        "rotatable": true,
        "fp_offset_x": 41,
        "fp_offset_y": 79,
        "td_offset_x": 39,
        "td_offset_y": 76,
        "fp": [
            [
                {
                    "file": "toadwarrior/hit/FPfront_0001.png"
                }
            ],
            [
                {
                    "file": "toadwarrior/hit/FPrf_0001.png"
                }
            ],
            [
                {
                    "file": "toadwarrior/hit/FPright_0001.png"
                }
            ],
            [
                {
                    "file": "toadwarrior/hit/FPrb_0001.png"
                }
            ],
            [
                {
                    "file": "toadwarrior/hit/FPback_0001.png"
                }
            ]
        ],
        "td": [
            [
                {
                    "file": "toadwarrior/hit/TDfront_0001.png"
                }
            ],
            [
                {
                    "file": "toadwarrior/hit/TDrf_0001.png"
                }
            ],
            [
                {
                    "file": "toadwarrior/hit/TDright_0001.png"
                }
            ],
            [
                {
                    "file": "toadwarrior/hit/TDrb_0001.png"
                }
            ],
            [
                {
                    "file": "toadwarrior/hit/TDback_0001.png"
                }
            ]
        ]
    },
    {
        "name": "toadslapping",
        "rotatable": true,
        "fp_offset_x": 41,
        "fp_offset_y": 79,
        "td_offset_x": 38,
        "td_offset_y": 79,
        "fp": [
            [
                {
                    "file": "toadwarrior/slapping/FPfront_0001.png"
                }
            ],
            [
                {
                    "file": "toadwarrior/slapping/FPrf_0001.png"
                }
            ],
            [
                {
                    "file": "toadwarrior/slapping/FPright_0001.png"
                }
            ],
            [
                {
                    "file": "toadwarrior/slapping/FPrb_0001.png"
                }
            ],
            [
                {
                    "file": "toadwarrior/slapping/FPback_0001.png"
                }
            ]
        ],
        "td": [
            [
                {
                    "file": "toadwarrior/slapping/TDfront_0001.png"
                }
            ],
            [
                {
                    "file": "toadwarrior/slapping/TDrf_0001.png"
                }
            ],
            [
                {
                    "file": "toadwarrior/slapping/TDright_0001.png"
                }
            ],
            [
                {
                    "file": "toadwarrior/slapping/TDrb_0001.png"
                }
            ],
            [
                {
                    "file": "toadwarrior/slapping/TDback_0001.png"
                }
            ]
        ]
    },
    {
        "name": "toadlair",
        "rotatable": false,
        "fp_offset_x": 58,
        "fp_offset_y": 60,
        "td_offset_x": 41,
        "td_offset_y": 50,
        "fp": [
            [
                {
                    "file": "toadwarrior/lair/FPlair_0001.png"
                },
                {
                    "file": "toadwarrior/lair/FPlair_0002.png"
                },
                {
                    "file": "toadwarrior/lair/FPlair_0003.png"
                },
                {
                    "file": "toadwarrior/lair/FPlair_0004.png"
                },
                {
                    "file": "toadwarrior/lair/FPlair_0005.png"
                },
                {
                    "file": "toadwarrior/lair/FPlair_0006.png"
                },
                {
                    "file": "toadwarrior/lair/FPlair_0007.png"
                }
            ]
        ],
        "td": [
            [
                {
                    "file": "toadwarrior/lair/lair1.png"
                },
                {
                    "file": "toadwarrior/lair/lair2.png"
                },
                {
                    "file": "toadwarrior/lair/lair3.png"
                },
                {
                    "file": "toadwarrior/lair/lair4.png"
                },
                {
                    "file": "toadwarrior/lair/lair5.png"
                },
                {
                    "file": "toadwarrior/lair/lair6.png"
                },
                {
                    "file": "toadwarrior/lair/lair7.png"
                }
            ]
        ]
    },
    {
        "name": "toadsleep",
        "rotatable": false,
        "fp_offset_x": 58,
        "fp_offset_y": 60,
        "td_offset_x": 41,
        "td_offset_y": 50,
        "fp": [
            [
                {
                    "file": "toadwarrior/sleep/FPrf_Lair1.png"
                },
                {
                    "file": "toadwarrior/sleep/FPrf_Lair2.png"
                },
                {
                    "file": "toadwarrior/sleep/FPrf_Lair3.png"
                },
                {
                    "file": "toadwarrior/sleep/FPrf_Lair4.png"
                },
                {
                    "file": "toadwarrior/sleep/FPrf_Lair5.png"
                },
                {
                    "file": "toadwarrior/sleep/FPrf_Lair6.png"
                },
                {
                    "file": "toadwarrior/sleep/FPrf_Lair7.png"
                }
            ]
        ],
        "td": [
            [
                {
                    "file": "toadwarrior/sleep/TDrf_Lair1.png"
                },
                {
                    "file": "toadwarrior/sleep/TDrf_Lair2.png"
                },
                {
                    "file": "toadwarrior/sleep/TDrf_Lair3.png"
                },
                {
                    "file": "toadwarrior/sleep/TDrf_Lair4.png"
                },
                {
                    "file": "toadwarrior/sleep/TDrf_Lair5.png"
                },
                {
                    "file": "toadwarrior/sleep/TDrf_Lair6.png"
                },
                {
                    "file": "toadwarrior/sleep/TDrf_Lair7.png"
                }
            ]
        ]
    },
    {
        "name": "toadstand",
        "rotatable": true,
        "fp_offset_x": 41,
        "fp_offset_y": 79,
        "td_offset_x": 39,
        "td_offset_y": 76,
        "fp": [
            [
                {
                    "file": "toadwarrior/stand/FPfront.png"
                }
            ],
            [
                {
                    "file": "toadwarrior/stand/FPrf.png"
                }
            ],
            [
                {
                    "file": "toadwarrior/stand/FPright.png"
                }
            ],
            [
                {
                    "file": "toadwarrior/stand/FPrb.png"
                }
            ],
            [
                {
                    "file": "toadwarrior/stand/FPback.png"
                }
            ]
        ],
        "td": [
            [
                {
                    "file": "toadwarrior/stand/TDfront.png"
                }
            ],
            [
                {
                    "file": "toadwarrior/stand/TDrf.png"
                }
            ],
            [
                {
                    "file": "toadwarrior/stand/TDright.png"
                }
            ],
            [
                {
                    "file": "toadwarrior/stand/TDrb.png"
                }
            ],
            [
                {
                    "file": "toadwarrior/stand/TDback.png"
                }
            ]
        ]
    },
    {
        "name": "toadwalk",
        "rotatable": true,
        "fp_offset_x": 40,
        "fp_offset_y": 78,
        "td_offset_x": 39,
        "td_offset_y": 80,
        "fp": [
            [
                {
                    "file": "toadwarrior/walk/FPfront1.png"
                },
                {
                    "file": "toadwarrior/walk/FPfront2.png"
                },
                {
                    "file": "toadwarrior/walk/FPfront3.png"
                },
                {
                    "file": "toadwarrior/walk/FPfront4.png"
                },
                {
                    "file": "toadwarrior/walk/FPfront5.png"
                }
            ],
            [
                {
                    "file": "toadwarrior/walk/FPrf1.png"
                },
                {
                    "file": "toadwarrior/walk/FPrf2.png"
                },
                {
                    "file": "toadwarrior/walk/FPrf3.png"
                },
                {
                    "file": "toadwarrior/walk/FPrf4.png"
                },
                {
                    "file": "toadwarrior/walk/FPrf5.png"
                }
            ],
            [
                {
                    "file": "toadwarrior/walk/FPright1.png"
                },
                {
                    "file": "toadwarrior/walk/FPright2.png"
                },
                {
                    "file": "toadwarrior/walk/FPright3.png"
                },
                {
                    "file": "toadwarrior/walk/FPright4.png"
                },
                {
                    "file": "toadwarrior/walk/FPright5.png"
                }
            ],
            [
                {
                    "file": "toadwarrior/walk/FPrb1.png"
                },
                {
                    "file": "toadwarrior/walk/FPrb2.png"
                },
                {
                    "file": "toadwarrior/walk/FPrb3.png"
                },
                {
                    "file": "toadwarrior/walk/FPrb4.png"
                },
                {
                    "file": "toadwarrior/walk/FPrb5.png"
                }
            ],
            [
                {
                    "file": "toadwarrior/walk/FPback1.png"
                },
                {
                    "file": "toadwarrior/walk/FPback2.png"
                },
                {
                    "file": "toadwarrior/walk/FPback3.png"
                },
                {
                    "file": "toadwarrior/walk/FPback4.png"
                },
                {
                    "file": "toadwarrior/walk/FPback5.png"
                }
            ]
        ],
        "td": [
            [
                {
                    "file": "toadwarrior/walk/TDfront1.png"
                },
                {
                    "file": "toadwarrior/walk/TDfront2.png"
                },
                {
                    "file": "toadwarrior/walk/TDfront3.png"
                },
                {
                    "file": "toadwarrior/walk/TDfront4.png"
                },
                {
                    "file": "toadwarrior/walk/TDfront5.png"
                }
            ],
            [
                {
                    "file": "toadwarrior/walk/TDrf1.png"
                },
                {
                    "file": "toadwarrior/walk/TDrf2.png"
                },
                {
                    "file": "toadwarrior/walk/TDrf3.png"
                },
                {
                    "file": "toadwarrior/walk/TDrf4.png"
                },
                {
                    "file": "toadwarrior/walk/TDrf5.png"
                }
            ],
            [
                {
                    "file": "toadwarrior/walk/TDright1.png"
                },
                {
                    "file": "toadwarrior/walk/TDright2.png"
                },
                {
                    "file": "toadwarrior/walk/TDright3.png"
                },
                {
                    "file": "toadwarrior/walk/TDright4.png"
                },
                {
                    "file": "toadwarrior/walk/TDright5.png"
                }
            ],
            [
                {
                    "file": "toadwarrior/walk/TDrb1.png"
                },
                {
                    "file": "toadwarrior/walk/TDrb2.png"
                },
                {
                    "file": "toadwarrior/walk/TDrb3.png"
                },
                {
                    "file": "toadwarrior/walk/TDrb4.png"
                },
                {
                    "file": "toadwarrior/walk/TDrb5.png"
                }
            ],
            [
                {
                    "file": "toadwarrior/walk/TDback1.png"
                },
                {
                    "file": "toadwarrior/walk/TDback2.png"
                },
                {
                    "file": "toadwarrior/walk/TDback3.png"
                },
                {
                    "file": "toadwarrior/walk/TDback4.png"
                },
                {
                    "file": "toadwarrior/walk/TDback5.png"
                }
            ]
        ]
    },
    {
        "name": "toadeat",
        "rotatable": false,
        "fp_offset_x": 44,
        "fp_offset_y": 72,
        "td_offset_x": 43,
        "td_offset_y": 69,
        "fp": [
            [
                {
                    "file": "toadwarrior/eat/FPrf_0001.png"
                },
                {
                    "file": "toadwarrior/eat/FPrf_0002.png"
                },
                {
                    "file": "toadwarrior/eat/FPrf_0003.png"
                },
                {
                    "file": "toadwarrior/eat/FPrf_0004.png"
                },
                {
                    "file": "toadwarrior/eat/FPrf_0005.png"
                },
                {
                    "file": "toadwarrior/eat/FPrf_0006.png"
                },
                {
                    "file": "toadwarrior/eat/FPrf_0007.png"
                },
                {
                    "file": "toadwarrior/eat/FPrf_0008.png"
                },
                {
                    "file": "toadwarrior/eat/FPrf_0009.png"
                }
            ]
        ],
        "td": [
            [
                {
                    "file": "toadwarrior/eat/TDrf_0001.png"
                },
                {
                    "file": "toadwarrior/eat/TDrf_0002.png"
                },
                {
                    "file": "toadwarrior/eat/TDrf_0003.png"
                },
                {
                    "file": "toadwarrior/eat/TDrf_0004.png"
                },
                {
                    "file": "toadwarrior/eat/TDrf_0005.png"
                },
                {
                    "file": "toadwarrior/eat/TDrf_0006.png"
                },
                {
                    "file": "toadwarrior/eat/TDrf_0007.png"
                },
                {
                    "file": "toadwarrior/eat/TDrf_0008.png"
                },
                {
                    "file": "toadwarrior/eat/TDrf_0009.png"
                }
            ]
        ]
    },
    {
        "name": "toadpickup",
        "rotatable": false,
        "fp_offset_x": 16,
        "fp_offset_y": 47,
        "td_offset_x": 16,
        "td_offset_y": 47,
        "fp": [
            [
                {
                    "file": "toadwarrior/pickup/TDrf_0001.png"
                },
                {
                    "file": "toadwarrior/pickup/TDrf_0002.png"
                },
                {
                    "file": "toadwarrior/pickup/TDrf_0003.png"
                },
                {
                    "file": "toadwarrior/pickup/TDrf_0004.png"
                },
                {
                    "file": "toadwarrior/pickup/TDrf_0005.png"
                }
            ]
        ],
        "td": [
            [
                {
                    "file": "toadwarrior/pickup/TDrf_0001.png"
                },
                {
                    "file": "toadwarrior/pickup/TDrf_0002.png"
                },
                {
                    "file": "toadwarrior/pickup/TDrf_0003.png"
                },
                {
                    "file": "toadwarrior/pickup/TDrf_0004.png"
                },
                {
                    "file": "toadwarrior/pickup/TDrf_0005.png"
                }
            ]
        ]
    }
]