[
{
  "name": "AnarashasHeart",
  "rotatable": true,
  "fp_offset_x": 60,
  "fp_offset_y": 120,
  "td_offset_x": 60,
  "td_offset_y": 90,
  "fp": [
    [
      {
        "file": "FPfrontHeart_0009.png"
	  },
	        {
        "file": "FPfrontHeart_0010.png"
	  },
	        {
        "file": "FPfrontHeart_0011.png"
	  },
	        {
        "file": "FPfrontHeart_0012.png"
	  },
	        {
        "file": "FPfrontHeart_0013.png"
	  },
	        {
        "file": "FPfrontHeart_0014.png"
	  },
	        {
        "file": "FPfrontHeart_0015.png"
	  },
	        {
        "file": "FPfrontHeart_0016.png"
	  },
	        {
        "file": "FPfrontHeart_0017.png"
	  },
	        {
        "file": "FPfrontHeart_0018.png"
	  },
	        {
        "file": "FPfrontHeart_0019.png"
	  },
	        {
        "file": "FPfrontHeart_0020.png"
	  },
	        {
        "file": "FPfrontHeart_0021.png"
	  }
	  ],
	  [
	        {
        "file": "FPrfHeart_0009.png"
      },
	        {
        "file": "FPrfHeart_0010.png"
      },
	        {
        "file": "FPrfHeart_0011.png"
      },
	        {
        "file": "FPrfHeart_0012.png"
      },
	        {
        "file": "FPrfHeart_0013.png"
      },
	        {
        "file": "FPrfHeart_0014.png"
      },
	        {
        "file": "FPrfHeart_0015.png"
      },
	        {
        "file": "FPrfHeart_0016.png"
      },
	        {
        "file": "FPrfHeart_0017.png"
      },
	        {
        "file": "FPrfHeart_0018.png"
      },
	        {
        "file": "FPrfHeart_0019.png"
      },
	        {
        "file": "FPrfHeart_0020.png"
      },
	        {
        "file": "FPrfHeart_0021.png"
      }
	  ],
	  [
      {
        "file": "FPrightHeart_0009.png"
	  },
	        {
        "file": "FPrightHeart_0010.png"
	  },
	        {
        "file": "FPrightHeart_0011.png"
	  },
	        {
        "file": "FPrightHeart_0012.png"
	  },
	        {
        "file": "FPrightHeart_0013.png"
	  },
	        {
        "file": "FPrightHeart_0014.png"
	  },
	        {
        "file": "FPrightHeart_0015.png"
	  },
	        {
        "file": "FPrightHeart_0016.png"
	  },
	        {
        "file": "FPrightHeart_0017.png"
	  },
	        {
        "file": "FPrightHeart_0018.png"
	  },
	        {
        "file": "FPrightHeart_0019.png"
	  },
	        {
        "file": "FPrightHeart_0020.png"
	  },
	        {
        "file": "FPrightHeart_0021.png"
	  }
	  ],
	  [
	        {
        "file": "FPrbHeart_0009.png"
	  },
	        {
        "file": "FPrbHeart_0010.png"
	  },
	        {
        "file": "FPrbHeart_0011.png"
	  },
	        {
        "file": "FPrbHeart_0012.png"
	  },
	        {
        "file": "FPrbHeart_0013.png"
	  },
	        {
        "file": "FPrbHeart_0014.png"
	  },
	        {
        "file": "FPrbHeart_0015.png"
	  },
	        {
        "file": "FPrbHeart_0016.png"
	  },
	        {
        "file": "FPrbHeart_0017.png"
	  },
	        {
        "file": "FPrbHeart_0018.png"
	  },
	        {
        "file": "FPrbHeart_0019.png"
	  },
	        {
        "file": "FPrbHeart_0020.png"
	  },
	        {
        "file": "FPrbHeart_0021.png"
	  }
      ],
	  [
	        {
        "file": "FPbackHeart_0009.png"
	  },
	        {
        "file": "FPbackHeart_0010.png"
	  },
	        {
        "file": "FPbackHeart_0011.png"
	  },
	        {
        "file": "FPbackHeart_0012.png"
	  },
	        {
        "file": "FPbackHeart_0013.png"
	  },
	        {
        "file": "FPbackHeart_0014.png"
	  },
	        {
        "file": "FPbackHeart_0015.png"
	  },
	        {
        "file": "FPbackHeart_0016.png"
	  },
	        {
        "file": "FPbackHeart_0017.png"
	  },
	        {
        "file": "FPbackHeart_0018.png"
	  },
	        {
        "file": "FPbackHeart_0019.png"
	  },
	        {
        "file": "FPbackHeart_0020.png"
	  },
	        {
        "file": "FPbackHeart_0021.png"
	  }
	  ]
  ],
  "td": [
    [
     {
        "file": "TDfrontHeart_0009.png"
      },
	       {
        "file": "TDfrontHeart_0010.png"
      },
	       {
        "file": "TDfrontHeart_0011.png"
      },
	       {
        "file": "TDfrontHeart_0012.png"
      },
	       {
        "file": "TDfrontHeart_0013.png"
      },
	       {
        "file": "TDfrontHeart_0014.png"
      },
	       {
        "file": "TDfrontHeart_0015.png"
      },
	       {
        "file": "TDfrontHeart_0016.png"
      },
	       {
        "file": "TDfrontHeart_0017.png"
      },
	       {
        "file": "TDfrontHeart_0018.png"
      },
	       {
        "file": "TDfrontHeart_0019.png"
      },
	       {
        "file": "TDfrontHeart_0020.png"
      },
	       {
        "file": "TDfrontHeart_0021.png"
      }
	  ],
	  [
      {
        "file": "TDrfHeart_0009.png"
      },
	        {
        "file": "TDrfHeart_0010.png"
      },
	        {
        "file": "TDrfHeart_0011.png"
      },
	        {
        "file": "TDrfHeart_0012.png"
      },
	        {
        "file": "TDrfHeart_0013.png"
      },
	        {
        "file": "TDrfHeart_0014.png"
      },
	        {
        "file": "TDrfHeart_0015.png"
      },
	        {
        "file": "TDrfHeart_0016.png"
      },
	        {
        "file": "TDrfHeart_0017.png"
      },
	        {
        "file": "TDrfHeart_0018.png"
      },
	        {
        "file": "TDrfHeart_0019.png"
      },
	        {
        "file": "TDrfHeart_0020.png"
      },
	        {
        "file": "TDrfHeart_0021.png"
      }
	  ],
	  [
      {
        "file": "TDrightHeart_0009.png"
	  },
	        {
        "file": "TDrightHeart_0010.png"
	  },
	        {
        "file": "TDrightHeart_0011.png"
	  },
	        {
        "file": "TDrightHeart_0012.png"
	  },
	        {
        "file": "TDrightHeart_0013.png"
	  },
	        {
        "file": "TDrightHeart_0014.png"
	  },
	        {
        "file": "TDrightHeart_0015.png"
	  },
	        {
        "file": "TDrightHeart_0016.png"
	  },
	        {
        "file": "TDrightHeart_0017.png"
	  },
	        {
        "file": "TDrightHeart_0018.png"
	  },
	        {
        "file": "TDrightHeart_0019.png"
	  },
	        {
        "file": "TDrightHeart_0020.png"
	  },
	        {
        "file": "TDrightHeart_0021.png"
	  }
	  ],
	  [
	        {
        "file": "TDrbHeart_0009.png"
	  },
	        {
        "file": "TDrbHeart_0010.png"
	  },
	        {
        "file": "TDrbHeart_0011.png"
	  },
	        {
        "file": "TDrbHeart_0012.png"
	  },
	        {
        "file": "TDrbHeart_0013.png"
	  },
	        {
        "file": "TDrbHeart_0014.png"
	  },
	        {
        "file": "TDrbHeart_0015.png"
	  },
	        {
        "file": "TDrbHeart_0016.png"
	  },
	        {
        "file": "TDrbHeart_0017.png"
	  },
	        {
        "file": "TDrbHeart_0018.png"
	  },
	        {
        "file": "TDrbHeart_0019.png"
	  },
	        {
        "file": "TDrbHeart_0020.png"
	  },
	        {
        "file": "TDrbHeart_0021.png"
	  }
      ],
	  [
      {
        "file": "TDbackHeart_0009.png"
	  },
	        {
        "file": "TDbackHeart_0010.png"
	  },
	        {
        "file": "TDbackHeart_0011.png"
	  },
	        {
        "file": "TDbackHeart_0012.png"
	  },
	        {
        "file": "TDbackHeart_0013.png"
	  },
	        {
        "file": "TDbackHeart_0014.png"
	  },
	        {
        "file": "TDbackHeart_0015.png"
	  },
	        {
        "file": "TDbackHeart_0016.png"
	  },
	        {
        "file": "TDbackHeart_0017.png"
	  },
	        {
        "file": "TDbackHeart_0018.png"
	  },
	        {
        "file": "TDbackHeart_0019.png"
	  },
	        {
        "file": "TDbackHeart_0020.png"
	  },
	        {
        "file": "TDbackHeart_0021.png"
	  }
	  ]
  ]
}
]
