[
{
  "name": "Heart_golden",
  "rotatable": false,
  "fp_offset_x": 120,
  "fp_offset_y": 240,
  "td_offset_x": 120,
  "td_offset_y": 200,
  "fp": [
    [
      {
        "file": "heartfp1.png"
	  },
	        {
        "file": "heartfp2.png"
	  },
	        {
        "file": "heartfp3.png"
	  },
	        {
        "file": "heartfp4.png"
	  },
	        {
        "file": "heartfp5.png"
	  },
	        {
        "file": "heartfp6.png"
	  },
	        {
        "file": "heartfp7.png"
	  },
	        {
        "file": "heartfp8.png"
	  },
	        {
        "file": "heartfp9.png"
	  },
	        {
        "file": "heartfp10.png"
	  },
	        {
        "file": "heartfp11.png"
	  },
	        {
        "file": "heartfp12.png"
	  }
]
  ],
  "td": [
    [
     {
        "file": "hearth (1)1.png"
      },
	       {
        "file": "hearth (1)2.png"
      },
	       {
        "file": "hearth (1)3.png"
      },
	       {
        "file": "hearth (1)4.png"
      },
	       {
        "file": "hearth (1)5.png"
      },
	       {
        "file": "hearth (1)6.png"
      },
	       {
        "file": "hearth (1)7.png"
      },
	       {
        "file": "hearth (1)8.png"
      },
	       {
        "file": "hearth (1)9.png"
      },
	       {
        "file": "hearth (1)10.png"
      },
	       {
        "file": "hearth (1)11.png"
      },
	       {
        "file": "hearth (1)12.png"
      }
	  ]
]
}
]	

