[
	{
		"name": "BLONDE_STAND",
		"rotatable": true,
		"fp_offset_x": 23,
		"fp_offset_y": 79,
		"td_offset_x": 17,
		"td_offset_y": 47,
		"fp": [
			[
				{
					"file": "stand_fp/r1frame01.png"
				}
			],
			[
				{
					"file": "stand_fp/r2frame01.png"
				}
			],
			[
				{
					"file": "stand_fp/r3frame01.png"
				}
			],
			[
				{
					"file": "stand_fp/r4frame01.png"
				}
			],
			[
				{
					"file": "stand_fp/r5frame01.png"
				}
			]
		],
		"td": [
			[
				{
					"file": "stand_td/r1frame01.png"
				}
			],
			[
				{
					"file": "stand_td/r2frame01.png"
				}
			],
			[
				{
					"file": "stand_td/r3frame01.png"
				}
			],
			[
				{
					"file": "stand_td/r4frame01.png"
				}
			],
			[
				{
					"file": "stand_td/r5frame01.png"
				}
			]
		]
	},
	{
		"name": "BLONDE_AMBULATE",
		"rotatable": true,
		"fp_offset_x": 23,
		"fp_offset_y": 79,
		"td_offset_x": 17,
		"td_offset_y": 47,
		"fp": [
			[
				{
					"file": "ambulate_fp/r1frame01.png"
				},
				{
					"file": "ambulate_fp/r1frame02.png"
				},
				{
					"file": "ambulate_fp/r1frame03.png"
				},
				{
					"file": "ambulate_fp/r1frame04.png"
				},
				{
					"file": "ambulate_fp/r1frame05.png"
				},
				{
					"file": "ambulate_fp/r1frame06.png"
				}
			],
			[
				{
					"file": "ambulate_fp/r2frame01.png"
				},
				{
					"file": "ambulate_fp/r2frame02.png"
				},
				{
					"file": "ambulate_fp/r2frame03.png"
				},
				{
					"file": "ambulate_fp/r2frame04.png"
				},
				{
					"file": "ambulate_fp/r2frame05.png"
				},
				{
					"file": "ambulate_fp/r2frame06.png"
				}
			],
			[
				{
					"file": "ambulate_fp/r3frame01.png"
				},
				{
					"file": "ambulate_fp/r3frame02.png"
				},
				{
					"file": "ambulate_fp/r3frame03.png"
				},
				{
					"file": "ambulate_fp/r3frame04.png"
				},
				{
					"file": "ambulate_fp/r3frame05.png"
				},
				{
					"file": "ambulate_fp/r3frame06.png"
				}
			],
			[
				{
					"file": "ambulate_fp/r4frame01.png"
				},
				{
					"file": "ambulate_fp/r4frame02.png"
				},
				{
					"file": "ambulate_fp/r4frame03.png"
				},
				{
					"file": "ambulate_fp/r4frame04.png"
				},
				{
					"file": "ambulate_fp/r4frame05.png"
				},
				{
					"file": "ambulate_fp/r4frame06.png"
				}
			],
			[
				{
					"file": "ambulate_fp/r5frame01.png"
				},
				{
					"file": "ambulate_fp/r5frame02.png"
				},
				{
					"file": "ambulate_fp/r5frame03.png"
				},
				{
					"file": "ambulate_fp/r5frame04.png"
				},
				{
					"file": "ambulate_fp/r5frame05.png"
				},
				{
					"file": "ambulate_fp/r5frame06.png"
				}
			]
		],
		"td": [
			[
				{
					"file": "ambulate_td/r1frame01.png"
				},
				{
					"file": "ambulate_td/r1frame02.png"
				},
				{
					"file": "ambulate_td/r1frame03.png"
				},
				{
					"file": "ambulate_td/r1frame04.png"
				},
				{
					"file": "ambulate_td/r1frame05.png"
				},
				{
					"file": "ambulate_td/r1frame06.png"
				}
			],
			[
				{
					"file": "ambulate_td/r2frame01.png"
				},
				{
					"file": "ambulate_td/r2frame02.png"
				},
				{
					"file": "ambulate_td/r2frame03.png"
				},
				{
					"file": "ambulate_td/r2frame04.png"
				},
				{
					"file": "ambulate_td/r2frame05.png"
				},
				{
					"file": "ambulate_td/r2frame06.png"
				}
			],
			[
				{
					"file": "ambulate_td/r3frame01.png"
				},
				{
					"file": "ambulate_td/r3frame02.png"
				},
				{
					"file": "ambulate_td/r3frame03.png"
				},
				{
					"file": "ambulate_td/r3frame04.png"
				},
				{
					"file": "ambulate_td/r3frame05.png"
				},
				{
					"file": "ambulate_td/r3frame06.png"
				}
			],
			[
				{
					"file": "ambulate_td/r4frame01.png"
				},
				{
					"file": "ambulate_td/r4frame02.png"
				},
				{
					"file": "ambulate_td/r4frame03.png"
				},
				{
					"file": "ambulate_td/r4frame04.png"
				},
				{
					"file": "ambulate_td/r4frame05.png"
				},
				{
					"file": "ambulate_td/r4frame06.png"
				}
			],
			[
				{
					"file": "ambulate_td/r5frame01.png"
				},
				{
					"file": "ambulate_td/r5frame02.png"
				},
				{
					"file": "ambulate_td/r5frame03.png"
				},
				{
					"file": "ambulate_td/r5frame04.png"
				},
				{
					"file": "ambulate_td/r5frame05.png"
				},
				{
					"file": "ambulate_td/r5frame06.png"
				}
			]
		]
	},
	{
		"name": "BLONDE_ATTACK",
		"rotatable": true,
		"fp_offset_x": 53,
		"fp_offset_y": 95,
		"td_offset_x": 42,
		"td_offset_y": 67,
		"fp": [
			[
				{
					"file": "attack_fp/r1frame01.png"
				},
				{
					"file": "attack_fp/r1frame02.png"
				},
				{
					"file": "attack_fp/r1frame03.png"
				},
				{
					"file": "attack_fp/r1frame04.png"
				},
				{
					"file": "attack_fp/r1frame05.png"
				}
			],
			[
				{
					"file": "attack_fp/r2frame01.png"
				},
				{
					"file": "attack_fp/r2frame02.png"
				},
				{
					"file": "attack_fp/r2frame03.png"
				},
				{
					"file": "attack_fp/r2frame04.png"
				},
				{
					"file": "attack_fp/r2frame05.png"
				}
			],
			[
				{
					"file": "attack_fp/r3frame01.png"
				},
				{
					"file": "attack_fp/r3frame02.png"
				},
				{
					"file": "attack_fp/r3frame03.png"
				},
				{
					"file": "attack_fp/r3frame04.png"
				},
				{
					"file": "attack_fp/r3frame05.png"
				}
			],
			[
				{
					"file": "attack_fp/r4frame01.png"
				},
				{
					"file": "attack_fp/r4frame02.png"
				},
				{
					"file": "attack_fp/r4frame03.png"
				},
				{
					"file": "attack_fp/r4frame04.png"
				},
				{
					"file": "attack_fp/r4frame05.png"
				}
			],
			[
				{
					"file": "attack_fp/r5frame01.png"
				},
				{
					"file": "attack_fp/r5frame02.png"
				},
				{
					"file": "attack_fp/r5frame03.png"
				},
				{
					"file": "attack_fp/r5frame04.png"
				},
				{
					"file": "attack_fp/r5frame05.png"
				}
			]
		],
		"td": [
			[
				{
					"file": "attack_td/r1frame01.png"
				},
				{
					"file": "attack_td/r1frame02.png"
				},
				{
					"file": "attack_td/r1frame03.png"
				},
				{
					"file": "attack_td/r1frame04.png"
				},
				{
					"file": "attack_td/r1frame05.png"
				}
			],
			[
				{
					"file": "attack_td/r2frame01.png"
				},
				{
					"file": "attack_td/r2frame02.png"
				},
				{
					"file": "attack_td/r2frame03.png"
				},
				{
					"file": "attack_td/r2frame04.png"
				},
				{
					"file": "attack_td/r2frame05.png"
				}
			],
			[
				{
					"file": "attack_td/r3frame01.png"
				},
				{
					"file": "attack_td/r3frame02.png"
				},
				{
					"file": "attack_td/r3frame03.png"
				},
				{
					"file": "attack_td/r3frame04.png"
				},
				{
					"file": "attack_td/r3frame05.png"
				}
			],
			[
				{
					"file": "attack_td/r4frame01.png"
				},
				{
					"file": "attack_td/r4frame02.png"
				},
				{
					"file": "attack_td/r4frame03.png"
				},
				{
					"file": "attack_td/r4frame04.png"
				},
				{
					"file": "attack_td/r4frame05.png"
				}
			],
			[
				{
					"file": "attack_td/r5frame01.png"
				},
				{
					"file": "attack_td/r5frame02.png"
				},
				{
					"file": "attack_td/r5frame03.png"
				},
				{
					"file": "attack_td/r5frame04.png"
				},
				{
					"file": "attack_td/r5frame05.png"
				}
			]
		]
	},
	{
		"name": "BLONDE_GOTHIT",
		"rotatable": true,
		"fp_offset_x": 30,
		"fp_offset_y": 71,
		"td_offset_x": 21,
		"td_offset_y": 47,
		"fp": [
			[
				{
					"file": "gothit_fp/r1frame01.png"
				}
			],
			[
				{
					"file": "gothit_fp/r2frame01.png"
				}
			],
			[
				{
					"file": "gothit_fp/r3frame01.png"
				}
			],
			[
				{
					"file": "gothit_fp/r4frame01.png"
				}
			],
			[
				{
					"file": "gothit_fp/r5frame01.png"
				}
			]
		],
		"td": [
			[
				{
					"file": "gothit_td/r1frame01.png"
				}
			],
			[
				{
					"file": "gothit_td/r2frame01.png"
				}
			],
			[
				{
					"file": "gothit_td/r3frame01.png"
				}
			],
			[
				{
					"file": "gothit_td/r4frame01.png"
				}
			],
			[
				{
					"file": "gothit_td/r5frame01.png"
				}
			]
		]
	},
	{
		"name": "BLONDE_TORTURE",
		"rotatable": false,
		"fp_offset_x": 76,
		"fp_offset_y": 98,
		"td_offset_x": 66,
		"td_offset_y": 77,
		"fp": [
			[
				{
					"file": "torture_fp/r1frame01.png"
				},
				{
					"file": "torture_fp/r1frame02.png"
				},
				{
					"file": "torture_fp/r1frame03.png"
				},
				{
					"file": "torture_fp/r1frame04.png"
				},
				{
					"file": "torture_fp/r1frame05.png"
				},
				{
					"file": "torture_fp/r1frame06.png"
				},
				{
					"file": "torture_fp/r1frame07.png"
				},
				{
					"file": "torture_fp/r1frame08.png"
				}
			]
		],
		"td": [
			[
				{
					"file": "torture_td/r1frame01.png"
				},
				{
					"file": "torture_td/r1frame02.png"
				},
				{
					"file": "torture_td/r1frame03.png"
				},
				{
					"file": "torture_td/r1frame04.png"
				},
				{
					"file": "torture_td/r1frame05.png"
				},
				{
					"file": "torture_td/r1frame06.png"
				},
				{
					"file": "torture_td/r1frame07.png"
				},
				{
					"file": "torture_td/r1frame08.png"
				}
			]
		]
	},
	{
		"name": "BLONDE_POWERGRAB",
		"rotatable": false,
		"fp_offset_x": 30,
		"fp_offset_y": 99,
		"td_offset_x": 27,
		"td_offset_y": 35,
		"fp": [
			[
				{
					"file": "powergrab_fp/r1frame01.png"
				},
				{
					"file": "powergrab_fp/r1frame02.png"
				},
				{
					"file": "powergrab_fp/r1frame03.png"
				},
				{
					"file": "powergrab_fp/r1frame04.png"
				},
				{
					"file": "powergrab_fp/r1frame05.png"
				},
				{
					"file": "powergrab_fp/r1frame06.png"
				}
			]
		],
		"td": [
			[
				{
					"file": "powergrab_td/r1frame01.png"
				},
				{
					"file": "powergrab_td/r1frame02.png"
				},
				{
					"file": "powergrab_td/r1frame03.png"
				},
				{
					"file": "powergrab_td/r1frame04.png"
				},
				{
					"file": "powergrab_td/r1frame05.png"
				},
				{
					"file": "powergrab_td/r1frame06.png"
				}
			]
		]
	},
	{
		"name": "BLONDE_LAIR",
		"rotatable": false,
		"fp_offset_x": 32,
		"fp_offset_y": 102,
		"td_offset_x": 23,
		"td_offset_y": 70,
		"fp": [
			[
				{
					"file": "lair_fp/r1frame01.png"
				},
				{
					"file": "lair_fp/r1frame02.png"
				},
				{
					"file": "lair_fp/r1frame03.png"
				},
				{
					"file": "lair_fp/r1frame04.png"
				}
			]
		],
		"td": [
			[
				{
					"file": "lair_td/r1frame01.png"
				},
				{
					"file": "lair_td/r1frame02.png"
				},
				{
					"file": "lair_td/r1frame03.png"
				},
				{
					"file": "lair_td/r1frame04.png"
				}
			]
		]
	},
	{
		"name": "BLONDE_GOTSLAPPED",
		"rotatable": true,
		"fp_offset_x": 21,
		"fp_offset_y": 70,
		"td_offset_x": 18,
		"td_offset_y": 47,
		"fp": [
			[
				{
					"file": "gotslapped_fp/r1frame01.png"
				}
			],
			[
				{
					"file": "gotslapped_fp/r2frame01.png"
				}
			],
			[
				{
					"file": "gotslapped_fp/r3frame01.png"
				}
			],
			[
				{
					"file": "gotslapped_fp/r4frame01.png"
				}
			],
			[
				{
					"file": "gotslapped_fp/r5frame01.png"
				}
			]
		],
		"td": [
			[
				{
					"file": "gotslapped_td/r1frame01.png"
				}
			],
			[
				{
					"file": "gotslapped_td/r2frame01.png"
				}
			],
			[
				{
					"file": "gotslapped_td/r3frame01.png"
				}
			],
			[
				{
					"file": "gotslapped_td/r4frame01.png"
				}
			],
			[
				{
					"file": "gotslapped_td/r5frame01.png"
				}
			]
		]
	},
	{
	"name": "BLONDE_SCREAM",
	"rotatable": false,
	"fp_offset_x": 44,
	"fp_offset_y": 60,
	"td_offset_x": 33,
	"td_offset_y": 47,
	"fp": [
		[
			{
				"file": "scream_fp/r1frame01.png"
			},
			{
				"file": "scream_fp/r1frame02.png"
			},
			{
				"file": "scream_fp/r1frame03.png"
			},
			{
				"file": "scream_fp/r1frame04.png"
			}
		]
	],
	"td": [
		[
			{
				"file": "scream_td/r1frame01.png"
			},
			{
				"file": "scream_td/r1frame02.png"
			},
			{
				"file": "scream_td/r1frame03.png"
			},
			{
				"file": "scream_td/r1frame04.png"
			}
		]
	]
},
	{
		"name": "BLONDE_CELEBRATE",
		"rotatable": false,
		"fp_offset_x": 32,
		"fp_offset_y": 101,
		"td_offset_x": 27,
		"td_offset_y": 58,
		"fp": [
			[
				{
					"file": "celebrate_fp/r1frame01.png"
				},
				{
					"file": "celebrate_fp/r1frame02.png"
				},
				{
					"file": "celebrate_fp/r1frame03.png"
				},
				{
					"file": "celebrate_fp/r1frame04.png"
				}
			]
		],
		"td": [
			[
				{
					"file": "celebrate_td/r1frame01.png"
				},
				{
					"file": "celebrate_td/r1frame02.png"
				},
				{
					"file": "celebrate_td/r1frame03.png"
				},
				{
					"file": "celebrate_td/r1frame04.png"
				}
			]
		]
	},
	{
		"name": "BLONDE_SLEEP",
		"rotatable": false,
		"fp_offset_x": 31,
		"fp_offset_y": 40,
		"td_offset_x": 18,
		"td_offset_y": 17,
		"fp": [
			[
				{
					"file": "sleep_fp/r1frame01.png"
				},
				{
					"file": "sleep_fp/r1frame02.png"
				},
				{
					"file": "sleep_fp/r1frame03.png"
				},
				{
					"file": "sleep_fp/r1frame04.png"
				},
				{
					"file": "sleep_fp/r1frame05.png"
				},
				{
					"file": "sleep_fp/r1frame06.png"
				},
				{
					"file": "sleep_fp/r1frame07.png"
				},
				{
					"file": "sleep_fp/r1frame08.png"
				}
			]
		],
		"td": [
			[
				{
					"file": "sleep_td/r1frame01.png"
				},
				{
					"file": "sleep_td/r1frame02.png"
				},
				{
					"file": "sleep_td/r1frame03.png"
				},
				{
					"file": "sleep_td/r1frame04.png"
				},
				{
					"file": "sleep_td/r1frame05.png"
				},
				{
					"file": "sleep_td/r1frame06.png"
				},
				{
					"file": "sleep_td/r1frame07.png"
				},
				{
					"file": "sleep_td/r1frame08.png"
				}
			]
		]
	},
	{
		"name": "BLONDE_EATCHICKEN",
		"rotatable": false,
		"fp_offset_x": 35,
		"fp_offset_y": 84,
		"td_offset_x": 30,
		"td_offset_y": 55,
		"fp": [
			[
				{
					"file": "eatchicken_fp/r1frame01.png"
				},
				{
					"file": "eatchicken_fp/r1frame02.png"
				},
				{
					"file": "eatchicken_fp/r1frame03.png"
				},
				{
					"file": "eatchicken_fp/r1frame04.png"
				},
				{
					"file": "eatchicken_fp/r1frame05.png"
				},
				{
					"file": "eatchicken_fp/r1frame06.png"
				},
				{
					"file": "eatchicken_fp/r1frame07.png"
				},
				{
					"file": "eatchicken_fp/r1frame08.png"
				}
			]
		],
		"td": [
			[
				{
					"file": "eatchicken_td/r1frame01.png"
				},
				{
					"file": "eatchicken_td/r1frame02.png"
				},
				{
					"file": "eatchicken_td/r1frame03.png"
				},
				{
					"file": "eatchicken_td/r1frame04.png"
				},
				{
					"file": "eatchicken_td/r1frame05.png"
				},
				{
					"file": "eatchicken_td/r1frame06.png"
				},
				{
					"file": "eatchicken_td/r1frame07.png"
				},
				{
					"file": "eatchicken_td/r1frame08.png"
				}
			]
		]
	},
	{
		"name": "BLONDE_DROPDEAD",
		"rotatable": false,
		"fp_offset_x": 45,
		"fp_offset_y": 40,
		"td_offset_x": 33,
		"td_offset_y": 36,
		"fp": [
			[
				{
					"file": "dropdead_fp/r1frame01.png"
				},
				{
					"file": "dropdead_fp/r1frame02.png"
				}
			]
		],
		"td": [
			[
				{
					"file": "dropdead_td/r1frame01.png"
				},
				{
					"file": "dropdead_td/r1frame02.png"
				}
			]
		]
	}
]