[
{
  "name": "KNIGHTSTATUE",
  "rotatable": true,
  "fp_offset_x": 35,
  "fp_offset_y": 125,
  "td_offset_x": 35,
  "td_offset_y": 100,
  "fp": [
    [
      {				
"file": "FPfront.png"
				}
	  ],
	  [
{				
"file": "FPrf.png"
				}
	  ],
	  [
{				
"file": "FPright.png"
				}
	  ],
	  [
	      {				
"file": "FPrb.png"
				}
      ],
	  [
	        {				
"file": "FPback.png"
				}
	  ]
  ],
  "td": [
    [
     {				
"file": "TDfront.png"
				}
	  ],
	  [
      {				
"file": "TDrf.png"
				}
	  ],
	  [
{				
"file": "TDright.png"
				}
	  ],
	  [
	        {				
"file": "TDrb.png"
				}
      ],
	  [
      {				
"file": "TDback.png"
				}
	  ]
  ]
}
]
