[
    {
        "name": "SECRET_DOOR_BIG",
        "file": [ "secret_door/door_pers_secret_std_64.png", "secret_door/door_pers_secret_dis_64.png" ]
    },
    {
        "name": "SECRET_DOOR_SMALL",
        "file": [ "secret_door/door_secret_std_64.png", "secret_door/door_secret_dis_64.png" ]
    },
    {
        "name": "SECRET_DOOR_CURSOR",
        "file": [ "secret_door/tileptr_secret_magic.png" ]
    },
    {
        "name": "TNT_CURSOR",
        "file": [ "boom_barrel/tnt_place.png" ]
    },
    {
        "name": "TNT64",
        "file": [ "boom_barrel/tnt64std.png", "boom_barrel/tnt64dis.png" ]
    },
    {
        "name": "TNT32",
        "file": [ "boom_barrel/tnt32std.png", "boom_barrel/tnt32dis.png" ]
    },
    {
        "name": "TNT16",
        "file": [ "boom_barrel/tnt16std.png", "boom_barrel/tnt16dis.png" ]
    }
]