[
	{
		"name": "TRAP_GREEN",
		"rotatable": false,
		"fp_offset_x": 22,
		"fp_offset_y": 53,
		"td_offset_x": 16,
		"td_offset_y": 33,
		"fp": [
			[
				{ "file": "dkrecolour/frontview_green/r1frame01.png" },
				{ "file": "dkrecolour/frontview_green/r1frame02.png" },
				{ "file": "dkrecolour/frontview_green/r1frame03.png" },
				{ "file": "dkrecolour/frontview_green/r1frame04.png" },
				{ "file": "dkrecolour/frontview_green/r1frame05.png" },
				{ "file": "dkrecolour/frontview_green/r1frame06.png" },
				{ "file": "dkrecolour/frontview_green/r1frame07.png" },
				{ "file": "dkrecolour/frontview_green/r1frame08.png" }
			]
		],
		"td": [
			[
				{ "file": "dkrecolour/topview_green/r1frame01.png" },
				{ "file": "dkrecolour/topview_green/r1frame02.png" },
				{ "file": "dkrecolour/topview_green/r1frame03.png" },
				{ "file": "dkrecolour/topview_green/r1frame04.png" },
				{ "file": "dkrecolour/topview_green/r1frame05.png" },
				{ "file": "dkrecolour/topview_green/r1frame06.png" },
				{ "file": "dkrecolour/topview_green/r1frame07.png" },
				{ "file": "dkrecolour/topview_green/r1frame08.png" }
			]
		]
	},
	{
		"name": "TRAP_YELLOW",
		"rotatable": false,
		"fp_offset_x": 22,
		"fp_offset_y": 53,
		"td_offset_x": 16,
		"td_offset_y": 33,
		"fp": [
			[
				{
					"file": "dkrecolour/frontview_yellow/r1frame01.png"
				},
				{
					"file": "dkrecolour/frontview_yellow/r1frame02.png"
				},
				{
					"file": "dkrecolour/frontview_yellow/r1frame03.png"
				},
				{
					"file": "dkrecolour/frontview_yellow/r1frame04.png"
				},
				{
					"file": "dkrecolour/frontview_yellow/r1frame05.png"
				},
				{
					"file": "dkrecolour/frontview_yellow/r1frame06.png"
				},
				{
					"file": "dkrecolour/frontview_yellow/r1frame07.png"
				},
				{
					"file": "dkrecolour/frontview_yellow/r1frame08.png"
				}
			]
		],
		"td": [
			[
				{
					"file": "dkrecolour/topview_yellow/r1frame01.png"
				},
				{
					"file": "dkrecolour/topview_yellow/r1frame02.png"
				},
				{
					"file": "dkrecolour/topview_yellow/r1frame03.png"
				},
				{
					"file": "dkrecolour/topview_yellow/r1frame04.png"
				},
				{
					"file": "dkrecolour/topview_yellow/r1frame05.png"
				},
				{
					"file": "dkrecolour/topview_yellow/r1frame06.png"
				},
				{
					"file": "dkrecolour/topview_yellow/r1frame07.png"
				},
				{
					"file": "dkrecolour/topview_yellow/r1frame08.png"
				}
			]
		]
	},
	{
		"name": "TRAP_PEACH",
		"rotatable": false,
		"fp_offset_x": 22,
		"fp_offset_y": 53,
		"td_offset_x": 16,
		"td_offset_y": 33,
		"fp": [
			[
				{
					"file": "dkrecolour/frontview_peach/r1frame01.png"
				},
				{
					"file": "dkrecolour/frontview_peach/r1frame02.png"
				},
				{
					"file": "dkrecolour/frontview_peach/r1frame03.png"
				},
				{
					"file": "dkrecolour/frontview_peach/r1frame04.png"
				},
				{
					"file": "dkrecolour/frontview_peach/r1frame05.png"
				},
				{
					"file": "dkrecolour/frontview_peach/r1frame06.png"
				},
				{
					"file": "dkrecolour/frontview_peach/r1frame07.png"
				},
				{
					"file": "dkrecolour/frontview_peach/r1frame08.png"
				}
			]
		],
		"td": [
			[
				{
					"file": "dkrecolour/topview_peach/r1frame01.png"
				},
				{
					"file": "dkrecolour/topview_peach/r1frame02.png"
				},
				{
					"file": "dkrecolour/topview_peach/r1frame03.png"
				},
				{
					"file": "dkrecolour/topview_peach/r1frame04.png"
				},
				{
					"file": "dkrecolour/topview_peach/r1frame05.png"
				},
				{
					"file": "dkrecolour/topview_peach/r1frame06.png"
				},
				{
					"file": "dkrecolour/topview_peach/r1frame07.png"
				},
				{
					"file": "dkrecolour/topview_peach/r1frame08.png"
				}
			]
		]
	},
	{
		"name": "TRAP_WHITE",
		"rotatable": false,
		"fp_offset_x": 22,
		"fp_offset_y": 53,
		"td_offset_x": 16,
		"td_offset_y": 33,
		"fp": [
			[
				{
					"file": "dkrecolour/frontview_white/r1frame01.png"
				},
				{
					"file": "dkrecolour/frontview_white/r1frame02.png"
				},
				{
					"file": "dkrecolour/frontview_white/r1frame03.png"
				},
				{
					"file": "dkrecolour/frontview_white/r1frame04.png"
				},
				{
					"file": "dkrecolour/frontview_white/r1frame05.png"
				},
				{
					"file": "dkrecolour/frontview_white/r1frame06.png"
				},
				{
					"file": "dkrecolour/frontview_white/r1frame07.png"
				},
				{
					"file": "dkrecolour/frontview_white/r1frame08.png"
				}
			]
		],
		"td": [
			[
				{
					"file": "dkrecolour/topview_white/r1frame01.png"
				},
				{
					"file": "dkrecolour/topview_white/r1frame02.png"
				},
				{
					"file": "dkrecolour/topview_white/r1frame03.png"
				},
				{
					"file": "dkrecolour/topview_white/r1frame04.png"
				},
				{
					"file": "dkrecolour/topview_white/r1frame05.png"
				},
				{
					"file": "dkrecolour/topview_white/r1frame06.png"
				},
				{
					"file": "dkrecolour/topview_white/r1frame07.png"
				},
				{
					"file": "dkrecolour/topview_white/r1frame08.png"
				}
			]
		]
	},
	{
		"name": "TRAP_GREENPEACH",
		"rotatable": false,
		"fp_offset_x": 22,
		"fp_offset_y": 53,
		"td_offset_x": 16,
		"td_offset_y": 33,
		"fp": [
			[
				{
					"file": "dkrecolour/frontview_green/r1frame01.png"
				},
				{
					"file": "dkrecolour/frontview_green/r1frame02.png"
				},
				{
					"file": "dkrecolour/frontview_green/r1frame03.png"
				},
				{
					"file": "dkrecolour/frontview_green/r1frame04.png"
				},
				{
					"file": "dkrecolour/frontview_green/r1frame05.png"
				},
				{
					"file": "dkrecolour/frontview_green/r1frame06.png"
				},
				{
					"file": "dkrecolour/frontview_green/r1frame07.png"
				},
				{
					"file": "dkrecolour/frontview_green/r1frame08.png"
				},
				{
					"file": "dkrecolour/frontview_peach/r1frame01.png"
				},
				{
					"file": "dkrecolour/frontview_peach/r1frame02.png"
				},
				{
					"file": "dkrecolour/frontview_peach/r1frame03.png"
				},
				{
					"file": "dkrecolour/frontview_peach/r1frame04.png"
				},
				{
					"file": "dkrecolour/frontview_peach/r1frame05.png"
				},
				{
					"file": "dkrecolour/frontview_peach/r1frame06.png"
				},
				{
					"file": "dkrecolour/frontview_peach/r1frame07.png"
				},
				{
					"file": "dkrecolour/frontview_peach/r1frame08.png"
				}
			]
		],
		"td": [
			[
				{
					"file": "dkrecolour/topview_green/r1frame01.png"
				},
				{
					"file": "dkrecolour/topview_green/r1frame02.png"
				},
				{
					"file": "dkrecolour/topview_green/r1frame03.png"
				},
				{
					"file": "dkrecolour/topview_green/r1frame04.png"
				},
				{
					"file": "dkrecolour/topview_green/r1frame05.png"
				},
				{
					"file": "dkrecolour/topview_green/r1frame06.png"
				},
				{
					"file": "dkrecolour/topview_green/r1frame07.png"
				},
				{
					"file": "dkrecolour/topview_green/r1frame08.png"
				},
				{
					"file": "dkrecolour/topview_peach/r1frame01.png"
				},
				{
					"file": "dkrecolour/topview_peach/r1frame02.png"
				},
				{
					"file": "dkrecolour/topview_peach/r1frame03.png"
				},
				{
					"file": "dkrecolour/topview_peach/r1frame04.png"
				},
				{
					"file": "dkrecolour/topview_peach/r1frame05.png"
				},
				{
					"file": "dkrecolour/topview_peach/r1frame06.png"
				},
				{
					"file": "dkrecolour/topview_peach/r1frame07.png"
				},
				{
					"file": "dkrecolour/topview_peach/r1frame08.png"
				}
			]
		]
	},
	{
		"name": "BOOM_BARREL",
		"rotatable": false,
		"fp_offset_x": 18,
		"fp_offset_y": 34,
		"td_offset_x": 14,
		"td_offset_y": 23,
		"fp": [
			[
				{ "file": "boom_barrel/explosivebarrel_fp_01.png" },
				{ "file": "boom_barrel/explosivebarrel_fp_01.png" },
				{ "file": "boom_barrel/explosivebarrel_fp_01.png" },
				{ "file": "boom_barrel/explosivebarrel_fp_01.png" },
				{ "file": "boom_barrel/explosivebarrel_fp_01.png" },
				{ "file": "boom_barrel/explosivebarrel_fp_02.png" },
				{ "file": "boom_barrel/explosivebarrel_fp_03.png" },
				{ "file": "boom_barrel/explosivebarrel_fp_04.png" },
				{ "file": "boom_barrel/explosivebarrel_fp_03.png" },
				{ "file": "boom_barrel/explosivebarrel_fp_02.png" }

			]
		],
		"td": [
			[
				{ "file": "boom_barrel/explosivebarrel_td_01.png" },
				{ "file": "boom_barrel/explosivebarrel_td_01.png" },
				{ "file": "boom_barrel/explosivebarrel_td_01.png" },
				{ "file": "boom_barrel/explosivebarrel_td_01.png" },
				{ "file": "boom_barrel/explosivebarrel_td_01.png" },
				{ "file": "boom_barrel/explosivebarrel_td_02.png" },
				{ "file": "boom_barrel/explosivebarrel_td_03.png" },
				{ "file": "boom_barrel/explosivebarrel_td_04.png" },
				{ "file": "boom_barrel/explosivebarrel_td_03.png" },
				{ "file": "boom_barrel/explosivebarrel_td_02.png" }
			]
		]
	},
	{
		"name": "TRAP_GEM_RED",
		"rotatable": false,
		"fp_offset_x": 25,
		"fp_offset_y": 55,
		"td_offset_x": 19,
		"td_offset_y": 37,
		"fp": [
			[
				{
					"file": "gemtraps/gemtrapfpred1.png"
				},
				{
					"file": "gemtraps/gemtrapfpred2.png"
				},
				{
					"file": "gemtraps/gemtrapfpred3.png"
				},
				{
					"file": "gemtraps/gemtrapfpred4.png"
				},
				{
					"file": "gemtraps/gemtrapfpred5.png"
				},
				{
					"file": "gemtraps/gemtrapfpred6.png"
				},
				{
					"file": "gemtraps/gemtrapfpred7.png"
				},
				{
					"file": "gemtraps/gemtrapfpred8.png"
				}
			]
		],
		"td": [
			[
				{
					"file": "gemtraps/gemtraptdred1.png"
				},
				{
					"file": "gemtraps/gemtraptdred2.png"
				},
				{
					"file": "gemtraps/gemtraptdred3.png"
				},
				{
					"file": "gemtraps/gemtraptdred4.png"
				},
				{
					"file": "gemtraps/gemtraptdred5.png"
				},
				{
					"file": "gemtraps/gemtraptdred6.png"
				},
				{
					"file": "gemtraps/gemtraptdred7.png"
				},
				{
					"file": "gemtraps/gemtraptdred8.png"
				}
			]
		]
	},
	{
		"name": "TRAP_GEM_BLUE",
		"rotatable": false,
		"fp_offset_x": 25,
		"fp_offset_y": 55,
		"td_offset_x": 19,
		"td_offset_y": 37,
		"fp": [
			[
				{
					"file": "gemtraps/gemtrapfpblue1.png"
				},
				{
					"file": "gemtraps/gemtrapfpblue2.png"
				},
				{
					"file": "gemtraps/gemtrapfpblue3.png"
				},
				{
					"file": "gemtraps/gemtrapfpblue4.png"
				},
				{
					"file": "gemtraps/gemtrapfpblue5.png"
				},
				{
					"file": "gemtraps/gemtrapfpblue6.png"
				},
				{
					"file": "gemtraps/gemtrapfpblue7.png"
				},
				{
					"file": "gemtraps/gemtrapfpblue8.png"
				}
			]
		],
		"td": [
			[
				{
					"file": "gemtraps/gemtraptdblue1.png"
				},
				{
					"file": "gemtraps/gemtraptdblue2.png"
				},
				{
					"file": "gemtraps/gemtraptdblue3.png"
				},
				{
					"file": "gemtraps/gemtraptdblue4.png"
				},
				{
					"file": "gemtraps/gemtraptdblue5.png"
				},
				{
					"file": "gemtraps/gemtraptdblue6.png"
				},
				{
					"file": "gemtraps/gemtraptdblue7.png"
				},
				{
					"file": "gemtraps/gemtraptdblue8.png"
				}
			]
		]
	},
	{
		"name": "TRAP_GEM_GREEN",
		"rotatable": false,
		"fp_offset_x": 25,
		"fp_offset_y": 55,
		"td_offset_x": 19,
		"td_offset_y": 37,
		"fp": [
			[
				{
					"file": "gemtraps/gemtrapfpgreen1.png"
				},
				{
					"file": "gemtraps/gemtrapfpgreen2.png"
				},
				{
					"file": "gemtraps/gemtrapfpgreen3.png"
				},
				{
					"file": "gemtraps/gemtrapfpgreen4.png"
				},
				{
					"file": "gemtraps/gemtrapfpgreen5.png"
				},
				{
					"file": "gemtraps/gemtrapfpgreen6.png"
				},
				{
					"file": "gemtraps/gemtrapfpgreen7.png"
				},
				{
					"file": "gemtraps/gemtrapfpgreen8.png"
				}
			]
		],
		"td": [
			[
				{
					"file": "gemtraps/gemtraptdgreen1.png"
				},
				{
					"file": "gemtraps/gemtraptdgreen2.png"
				},
				{
					"file": "gemtraps/gemtraptdgreen3.png"
				},
				{
					"file": "gemtraps/gemtraptdgreen4.png"
				},
				{
					"file": "gemtraps/gemtraptdgreen5.png"
				},
				{
					"file": "gemtraps/gemtraptdgreen6.png"
				},
				{
					"file": "gemtraps/gemtraptdgreen7.png"
				},
				{
					"file": "gemtraps/gemtraptdgreen8.png"
				}
			]
		]
	},
	{
		"name": "TRAP_GEM_YELLOW",
		"rotatable": false,
		"fp_offset_x": 25,
		"fp_offset_y": 55,
		"td_offset_x": 19,
		"td_offset_y": 37,
		"fp": [
			[
				{
					"file": "gemtraps/gemtrapfpyellow1.png"
				},
				{
					"file": "gemtraps/gemtrapfpyellow2.png"
				},
				{
					"file": "gemtraps/gemtrapfpyellow3.png"
				},
				{
					"file": "gemtraps/gemtrapfpyellow4.png"
				},
				{
					"file": "gemtraps/gemtrapfpyellow5.png"
				},
				{
					"file": "gemtraps/gemtrapfpyellow6.png"
				},
				{
					"file": "gemtraps/gemtrapfpyellow7.png"
				},
				{
					"file": "gemtraps/gemtrapfpyellow8.png"
				}
			]
		],
		"td": [
			[
				{
					"file": "gemtraps/gemtraptdyellow1.png"
				},
				{
					"file": "gemtraps/gemtraptdyellow2.png"
				},
				{
					"file": "gemtraps/gemtraptdyellow3.png"
				},
				{
					"file": "gemtraps/gemtraptdyellow4.png"
				},
				{
					"file": "gemtraps/gemtraptdyellow5.png"
				},
				{
					"file": "gemtraps/gemtraptdyellow6.png"
				},
				{
					"file": "gemtraps/gemtraptdyellow7.png"
				},
				{
					"file": "gemtraps/gemtraptdyellow8.png"
				}
			]
		]
	}
]