[
	{
		"name": "ORC_EAT",
		"rotatable": false,
		"fp_offset_x": 38,
		"fp_offset_y": 66,
		"td_offset_x": 30,
		"td_offset_y": 40,
		"fp": [
			[
				{
					"file": "orc/eatchicken_fp/r1frame01.png"
				},
				{
					"file": "orc/eatchicken_fp/r1frame02.png"
				},
				{
					"file": "orc/eatchicken_fp/r1frame03.png"
				},
				{
					"file": "orc/eatchicken_fp/r1frame04.png"
				},
				{
					"file": "orc/eatchicken_fp/r1frame05.png"
				},
				{
					"file": "orc/eatchicken_fp/r1frame06.png"
				},
				{
					"file": "orc/eatchicken_fp/r1frame07.png"
				},
				{
					"file": "orc/eatchicken_fp/r1frame08.png"
				}
			]
		],
		"td": [
			[
				{
					"file": "orc/eatchicken_td/r1frame01.png"
				},
				{
					"file": "orc/eatchicken_td/r1frame02.png"
				},
				{
					"file": "orc/eatchicken_td/r1frame03.png"
				},
				{
					"file": "orc/eatchicken_td/r1frame04.png"
				},
				{
					"file": "orc/eatchicken_td/r1frame05.png"
				},
				{
					"file": "orc/eatchicken_td/r1frame06.png"
				},
				{
					"file": "orc/eatchicken_td/r1frame07.png"
				},
				{
					"file": "orc/eatchicken_td/r1frame08.png"
				}
			]
		]
	},
	{
		"name": "AVATAR_TORTURE",
		"rotatable": false,
		"fp_offset_x": 76,
		"fp_offset_y": 108,
		"td_offset_x": 60,
		"td_offset_y": 86,
		"fp": [
			[
				{
					"file": "avatar/torture_fp/r1frame01.png"
				},
				{
					"file": "avatar/torture_fp/r1frame02.png"
				},
				{
					"file": "avatar/torture_fp/r1frame03.png"
				},
				{
					"file": "avatar/torture_fp/r1frame04.png"
				},
				{
					"file": "avatar/torture_fp/r1frame05.png"
				},
				{
					"file": "avatar/torture_fp/r1frame06.png"
				},
				{
					"file": "avatar/torture_fp/r1frame07.png"
				},
				{
					"file": "avatar/torture_fp/r1frame08.png"
				}
			]
		],
		"td": [
			[
				{
					"file": "avatar/torture_td/r1frame01.png"
				},
				{
					"file": "avatar/torture_td/r1frame02.png"
				},
				{
					"file": "avatar/torture_td/r1frame03.png"
				},
				{
					"file": "avatar/torture_td/r1frame04.png"
				},
				{
					"file": "avatar/torture_td/r1frame05.png"
				},
				{
					"file": "avatar/torture_td/r1frame06.png"
				},
				{
					"file": "avatar/torture_td/r1frame07.png"
				},
				{
					"file": "avatar/torture_td/r1frame08.png"
				}
			]
		]
	}
]