[
	{
		"name": "EGG_HEART_STAND",
		"rotatable": false,
		"fp_offset_x": 66,
		"fp_offset_y": 63,
		"td_offset_x": 65,
		"td_offset_y": 56,
		"fp": [
			[
				{
					"file": "stand_fp/rotation01_frame01.png"
				},
				{
					"file": "stand_fp/rotation01_frame02.png"
				},
				{
					"file": "stand_fp/rotation01_frame03.png"
				},
				{
					"file": "stand_fp/rotation01_frame04.png"
				},
				{
					"file": "stand_fp/rotation01_frame05.png"
				},
				{
					"file": "stand_fp/rotation01_frame06.png"
				},
				{
					"file": "stand_fp/rotation01_frame07.png"
				},
				{
					"file": "stand_fp/rotation01_frame08.png"
				},
				{
					"file": "stand_fp/rotation01_frame09.png"
				},
				{
					"file": "stand_fp/rotation01_frame10.png"
				},
				{
					"file": "stand_fp/rotation01_frame11.png"
				},
				{
					"file": "stand_fp/rotation01_frame12.png"
				}
			],
			[
			]
		],
		"td": [
			[
				{
					"file": "stand_td/rotation01_frame01.png"
				},
				{
					"file": "stand_td/rotation01_frame02.png"
				},
				{
					"file": "stand_td/rotation01_frame03.png"
				},
				{
					"file": "stand_td/rotation01_frame04.png"
				},
				{
					"file": "stand_td/rotation01_frame05.png"
				},
				{
					"file": "stand_td/rotation01_frame06.png"
				},
				{
					"file": "stand_td/rotation01_frame07.png"
				},
				{
					"file": "stand_td/rotation01_frame08.png"
				},
				{
					"file": "stand_td/rotation01_frame09.png"
				},
				{
					"file": "stand_td/rotation01_frame10.png"
				},
				{
					"file": "stand_td/rotation01_frame11.png"
				},
				{
					"file": "stand_td/rotation01_frame12.png"
				}
			],
			[
			]
		]
	}
]