[

{
"name": "MARKER_DIG","rotatable": false,
"fp_offset_x": 32,"fp_offset_y": 128,
"td_offset_x": 32,"td_offset_y": 128,
"fp":[[{"file": "MARKERS/DIG.png"}]],"td":[[{"file": "MARKERS/DIG.png"}]]
},
{
"name": "MARKER_GOLD","rotatable": false,
"fp_offset_x": 32,"fp_offset_y": 128,
"td_offset_x": 32,"td_offset_y": 128,
"fp":[[{"file": "MARKERS/GOLD.png"}]],"td":[[{"file": "MARKERS/GOLD.png"}]]
},
{
"name": "MARKER_SPECIAL","rotatable": false,
"fp_offset_x": 32,"fp_offset_y": 128,
"td_offset_x": 32,"td_offset_y": 128,
"fp":[[{"file": "MARKERS/SPECIAL.png"}]],"td":[[{"file": "MARKERS/SPECIAL.png"}]]
},
{
"name": "MARKER_FIGHT","rotatable": false,
"fp_offset_x": 32,"fp_offset_y": 128,
"td_offset_x": 32,"td_offset_y": 128,
"fp":[[{"file": "MARKERS/FIGHT.png"}]],"td":[[{"file": "MARKERS/FIGHT.png"}]]
},
{
"name": "MARKER_PORTAL","rotatable": false,
"fp_offset_x": 32,"fp_offset_y": 192,
"td_offset_x": 32,"td_offset_y": 192,
"fp":[[{"file": "MARKERS/PORTAL.png"}]],"td":[[{"file": "MARKERS/PORTAL.png"}]]
},








{
"name": "CROW_EFFECT",
"rotatable": true,
"fp_offset_x": 64,
"fp_offset_y": 124,
"td_offset_x": 64,
"td_offset_y": 88,

	"fp":
	[[
	{"file": "OTHER/CROW_FP/1A.png"},
	{"file": "OTHER/CROW_FP/1B.png"},
	{"file": "OTHER/CROW_FP/1C.png"},
	{"file": "OTHER/CROW_FP/1D.png"},
	{"file": "OTHER/CROW_FP/1E.png"},
	{"file": "OTHER/CROW_FP/1F.png"}
	],
	[
	{"file": "OTHER/CROW_FP/2A.png"},
	{"file": "OTHER/CROW_FP/2B.png"},
	{"file": "OTHER/CROW_FP/2C.png"},
	{"file": "OTHER/CROW_FP/2D.png"},
	{"file": "OTHER/CROW_FP/2E.png"},
	{"file": "OTHER/CROW_FP/2F.png"}
	],
	[
	{"file": "OTHER/CROW_FP/3A.png"},
	{"file": "OTHER/CROW_FP/3B.png"},
	{"file": "OTHER/CROW_FP/3C.png"},
	{"file": "OTHER/CROW_FP/3D.png"},
	{"file": "OTHER/CROW_FP/3E.png"},
	{"file": "OTHER/CROW_FP/3F.png"}
	],
	[
	{"file": "OTHER/CROW_FP/4A.png"},
	{"file": "OTHER/CROW_FP/4B.png"},
	{"file": "OTHER/CROW_FP/4C.png"},
	{"file": "OTHER/CROW_FP/4D.png"},
	{"file": "OTHER/CROW_FP/4E.png"},
	{"file": "OTHER/CROW_FP/4F.png"}
	],
	[
	{"file": "OTHER/CROW_FP/5A.png"},
	{"file": "OTHER/CROW_FP/5B.png"},
	{"file": "OTHER/CROW_FP/5C.png"},
	{"file": "OTHER/CROW_FP/5D.png"},
	{"file": "OTHER/CROW_FP/5E.png"},
	{"file": "OTHER/CROW_FP/5F.png"}
	]],
		"td":
		[[
		{"file": "OTHER/CROW_TD/1A.png"},
		{"file": "OTHER/CROW_TD/1B.png"},
		{"file": "OTHER/CROW_TD/1C.png"},
		{"file": "OTHER/CROW_TD/1D.png"},
		{"file": "OTHER/CROW_TD/1E.png"},
		{"file": "OTHER/CROW_TD/1F.png"}
		],
		[
		{"file": "OTHER/CROW_TD/2A.png"},
		{"file": "OTHER/CROW_TD/2B.png"},
		{"file": "OTHER/CROW_TD/2C.png"},
		{"file": "OTHER/CROW_TD/2D.png"},
		{"file": "OTHER/CROW_TD/2E.png"},
		{"file": "OTHER/CROW_TD/2F.png"}
		],
		[
		{"file": "OTHER/CROW_TD/3A.png"},
		{"file": "OTHER/CROW_TD/3B.png"},
		{"file": "OTHER/CROW_TD/3C.png"},
		{"file": "OTHER/CROW_TD/3D.png"},
		{"file": "OTHER/CROW_TD/3E.png"},
		{"file": "OTHER/CROW_TD/3F.png"}
		],
		[
		{"file": "OTHER/CROW_TD/4A.png"},
		{"file": "OTHER/CROW_TD/4B.png"},
		{"file": "OTHER/CROW_TD/4C.png"},
		{"file": "OTHER/CROW_TD/4D.png"},
		{"file": "OTHER/CROW_TD/4E.png"},
		{"file": "OTHER/CROW_TD/4F.png"}
		],
		[
		{"file": "OTHER/CROW_TD/5A.png"},
		{"file": "OTHER/CROW_TD/5B.png"},
		{"file": "OTHER/CROW_TD/5C.png"},
		{"file": "OTHER/CROW_TD/5D.png"},
		{"file": "OTHER/CROW_TD/5E.png"},
		{"file": "OTHER/CROW_TD/5F.png"}
		]]
},
		

{
"name": "CROW_FEATHER",
"rotatable": false,
"fp_offset_x": 16,
"fp_offset_y": 16,
"td_offset_x": 16,
"td_offset_y": 16,

	"fp":
	[[
	{"file": "OTHER/CROW_FEATHER/1A.png"},
	{"file": "OTHER/CROW_FEATHER/1B.png"},
	{"file": "OTHER/CROW_FEATHER/1C.png"},
	{"file": "OTHER/CROW_FEATHER/1D.png"},
	{"file": "OTHER/CROW_FEATHER/1E.png"},
	{"file": "OTHER/CROW_FEATHER/1F.png"}
	]],
		"td":
		[[
		{"file": "OTHER/CROW_FEATHER/1A.png"},
		{"file": "OTHER/CROW_FEATHER/1B.png"},
		{"file": "OTHER/CROW_FEATHER/1C.png"},
		{"file": "OTHER/CROW_FEATHER/1D.png"},
		{"file": "OTHER/CROW_FEATHER/1E.png"},
		{"file": "OTHER/CROW_FEATHER/1F.png"}
		]]
},









{
"name": "GEM_RUBBLE",
"rotatable": false,
"fp_offset_x": 8,
"fp_offset_y": 10,
"td_offset_x": 8,
"td_offset_y": 10,

	"fp":
	[[
	{"file": "OTHER/GEM_RUBBLE/1A.png"},
	{"file": "OTHER/GEM_RUBBLE/1B.png"},
	{"file": "OTHER/GEM_RUBBLE/1C.png"},
	{"file": "OTHER/GEM_RUBBLE/1D.png"}
	]],
		"td":
		[[
		{"file": "OTHER/GEM_RUBBLE/1A.png"},
		{"file": "OTHER/GEM_RUBBLE/1B.png"},
		{"file": "OTHER/GEM_RUBBLE/1C.png"},
		{"file": "OTHER/GEM_RUBBLE/1D.png"}
		]]
},












{
"name": "PURPLE_GLOW",
"rotatable": false,
"fp_offset_x": 25,"fp_offset_y": 25,
"td_offset_x": 25,"td_offset_y": 25,
	"fp":
	[[
	{"file": "EFFECTS/GLOWS/PURPLE/001_1A.png"},
	{"file": "EFFECTS/GLOWS/PURPLE/001_1B.png"},
	{"file": "EFFECTS/GLOWS/PURPLE/001_1C.png"},
	{"file": "EFFECTS/GLOWS/PURPLE/001_1D.png"},
	{"file": "EFFECTS/GLOWS/PURPLE/001_1E.png"}
	]],
		"td":
		[[
		{"file": "EFFECTS/GLOWS/PURPLE/001_1A.png"},
		{"file": "EFFECTS/GLOWS/PURPLE/001_1B.png"},
		{"file": "EFFECTS/GLOWS/PURPLE/001_1C.png"},
		{"file": "EFFECTS/GLOWS/PURPLE/001_1D.png"},
		{"file": "EFFECTS/GLOWS/PURPLE/001_1E.png"}
		]]
},
















{
"name": "PURPLE_FLASH",
"rotatable": false,
"fp_offset_x": 25,"fp_offset_y": 25,
"td_offset_x": 25,"td_offset_y": 25,
	"fp":
	[[
	{"file": "EFFECTS/FLASH/PURPLE/001_1A.png"},
	{"file": "EFFECTS/FLASH/PURPLE/001_1B.png"},
	{"file": "EFFECTS/FLASH/PURPLE/001_1C.png"},
	{"file": "EFFECTS/FLASH/PURPLE/001_1D.png"},
	{"file": "EFFECTS/FLASH/PURPLE/001_1E.png"}
	]],
		"td":
		[[
		{"file": "EFFECTS/FLASH/PURPLE/001_1A.png"},
		{"file": "EFFECTS/FLASH/PURPLE/001_1B.png"},
		{"file": "EFFECTS/FLASH/PURPLE/001_1C.png"},
		{"file": "EFFECTS/FLASH/PURPLE/001_1D.png"},
		{"file": "EFFECTS/FLASH/PURPLE/001_1E.png"}
		]]
},

{
"name": "YELLOW_FLASH",
"rotatable": false,
"fp_offset_x": 25,"fp_offset_y": 25,
"td_offset_x": 25,"td_offset_y": 25,
	"fp":
	[[
	{"file": "EFFECTS/FLASH/YELLOW/001_1A.png"},
	{"file": "EFFECTS/FLASH/YELLOW/001_1B.png"},
	{"file": "EFFECTS/FLASH/YELLOW/001_1C.png"},
	{"file": "EFFECTS/FLASH/YELLOW/001_1D.png"},
	{"file": "EFFECTS/FLASH/YELLOW/001_1E.png"}
	]],
		"td":
		[[
		{"file": "EFFECTS/FLASH/YELLOW/001_1A.png"},
		{"file": "EFFECTS/FLASH/YELLOW/001_1B.png"},
		{"file": "EFFECTS/FLASH/YELLOW/001_1C.png"},
		{"file": "EFFECTS/FLASH/YELLOW/001_1D.png"},
		{"file": "EFFECTS/FLASH/YELLOW/001_1E.png"}
		]]
},

{
"name": "ORANGE_FLASH",
"rotatable": false,
"fp_offset_x": 25,"fp_offset_y": 25,
"td_offset_x": 25,"td_offset_y": 25,
	"fp":
	[[
	{"file": "EFFECTS/FLASH/ORANGE/001_1A.png"},
	{"file": "EFFECTS/FLASH/ORANGE/001_1B.png"},
	{"file": "EFFECTS/FLASH/ORANGE/001_1C.png"},
	{"file": "EFFECTS/FLASH/ORANGE/001_1D.png"},
	{"file": "EFFECTS/FLASH/ORANGE/001_1E.png"}
	]],
		"td":
		[[
		{"file": "EFFECTS/FLASH/ORANGE/001_1A.png"},
		{"file": "EFFECTS/FLASH/ORANGE/001_1B.png"},
		{"file": "EFFECTS/FLASH/ORANGE/001_1C.png"},
		{"file": "EFFECTS/FLASH/ORANGE/001_1D.png"},
		{"file": "EFFECTS/FLASH/ORANGE/001_1E.png"}
		]]
}














]




