[
{
  "name": "TENTACLE",
  "rotatable": false,
  "fp_offset_x": 24,
  "fp_offset_y": 85,
  "td_offset_x": 23,
  "td_offset_y": 83,
  "fp": [
    [
      {
        "file": "Tentfp_000.png"
      },
      {
        "file": "Tentfp_001.png"
      },
      {
        "file": "Tentfp_002.png"
	  },
      {
        "file": "Tentfp_003.png"
	  },
      {
        "file": "Tentfp_004.png"
	  },
      {
        "file": "Tentfp_005.png"
	  },
      {
        "file": "Tentfp_006.png"
	  },
      {
        "file": "Tentfp_007.png"
	  },
      {
        "file": "Tentfp_008.png"
	  },
      {
        "file": "Tentfp_009.png"
      }
    ]
  ],
  "td": [
    [
      {
        "file": "Tentacletest_000.png"
      },
      {
        "file": "Tentacletest_001.png"
      },
      {
        "file": "Tentacletest_002.png"
	  },
      {
        "file": "Tentacletest_003.png"
	  },
      {
        "file": "Tentacletest_004.png"
	  },
      {
        "file": "Tentacletest_005.png"
	  },
      {
        "file": "Tentacletest_006.png"
	  },
      {
        "file": "Tentacletest_007.png"
	  },
      {
        "file": "Tentacletest_008.png"
	  },
      {
        "file": "Tentacletest_009.png"
      }
    ]
  ]
}
]
